track_id,track_name,track_artist,playlist,danceability,energy,key,loudness,mode,speechiness,acousticness,liveness,valence,tempo,genres,has_genre,split
1HlGblweLq0eAwnb0NY1EQ,18 and Life,Skid Row,'80s Hard Rock,0.457,0.794,1,-6.624,0,0.0298,0.000384,0.131,0.354,90.439,album rock|glam metal|hard rock|metal|rock,True,train
6EPRKhUOdiFSQwGBRBbvsZ,Ace of Spades,Motörhead,'80s Hard Rock,0.317,0.981,6,-7.102,1,0.174,0.00242,0.0852,0.234,140.079,album rock|alternative metal|hard rock|metal|rock|speed metal,True,test
4QPRua3G7RQraiYX2NwdH6,Addicted To That Rush,Mr. Big,'80s Hard Rock,0.46,0.974,2,-5.095,1,0.156,0.0537,0.329,0.444,112.684,glam metal|hard rock,True,test
6fybp4N6eW3bsFAvARxyVe,Ain't Talkin' 'Bout Love - 2015 Remaster,Van Halen,'80s Hard Rock,0.518,0.938,8,-5.964,0,0.0416,0.021,0.288,0.71,139.138,album rock|classic rock|hard rock|rock,True,train
1j06ieEC2BOCM0fTmYhn2l,Alone Again,Dokken,'80s Hard Rock,0.298,0.612,3,-9.002,0,0.0379,0.0194,0.0906,0.343,156.727,album rock|classic rock|glam metal|hard rock|metal|rock,True,train
6q5vdf6Mfkk0eETYzmgokj,Armed And Ready - 2008 Remastered Version,Michael Schenker Group,'80s Hard Rock,0.33,0.963,9,-5.509,1,0.106,0.00388,0.0793,0.734,171.59,album rock|german hard rock|glam metal|hard rock|metal|neo classical metal|rock,True,train
72hcFp4tYkd3dbNA9dZ3Pv,Bad Medicine,Bon Jovi,'80s Hard Rock,0.555,0.973,9,-3.804,1,0.035,0.048,0.0853,0.805,118.642,glam metal|rock,True,train
2E7W1X4maFFcjHrVrFA7Vs,Bark at the Moon,Ozzy Osbourne,'80s Hard Rock,0.303,0.961,9,-5.333,0,0.243,0.00253,0.132,0.305,146.591,album rock|birmingham metal|hard rock|metal|rock,True,train
4KfSdst7rW39C0sfhArdrz,Barracuda,Heart,'80s Hard Rock,0.547,0.691,4,-13.553,0,0.0369,0.015,0.144,0.667,137.148,folk-pop|indie folk|modern rock|new americana|seattle indie|stomp and holler,True,train
2W7CvGjipq3EmHqNGN7lN9,Breaking the Chains,Dokken,'80s Hard Rock,0.526,0.9,4,-4.76,0,0.0531,0.00914,0.277,0.458,125.349,album rock|classic rock|glam metal|hard rock|metal|rock,True,train
7LygtNjQ65PSdzVjUnHXQb,Cherry Pie,Warrant,'80s Hard Rock,0.472,0.946,2,-4.591,1,0.145,0.0372,0.352,0.486,177.489,album rock|glam metal|hard rock|rock,True,train
43thLwzSasUUZEYjYPeJh3,Close My Eyes Forever,Lita Ford,'80s Hard Rock,0.476,0.331,5,-14.884,1,0.0305,0.31,0.172,0.24,130.574,album rock|glam metal|hard rock,True,train
2b9lp5A6CqSzwOrBfAFhof,Crazy Train,Ozzy Osbourne,'80s Hard Rock,0.453,0.906,9,-4.001,1,0.115,0.361,0.26,0.473,137.575,album rock|birmingham metal|hard rock|metal|rock,True,train
1Fu3vJJwVKY7c7JnTX3Mvi,Cryin',Vixen,'80s Hard Rock,0.657,0.567,9,-12.871,1,0.0261,0.146,0.0554,0.563,109.007,glam metal|hard rock,True,train
7Dtukb9NLJs1i0lohMlIC5,Detroit Rock City,KISS,'80s Hard Rock,0.546,0.91,5,-6.736,1,0.061,0.0442,0.263,0.458,90.58,album rock|classic rock|glam rock|hard rock|metal|rock,True,train
7wrBlgNqYBAC5yFfO4fnYb,Don't Close Your Eyes,Kix,'80s Hard Rock,0.537,0.382,7,-15.568,0,0.0245,0.0795,0.114,0.338,148.061,album rock|glam metal|hard rock|metal|sleaze rock,True,train
3vPrFUtWpKT9oNW94NDDEW,Don't Know What You Got (Till It's Gone),Cinderella,'80s Hard Rock,0.36,0.527,9,-9.883,1,0.0289,0.229,0.0536,0.247,132.639,album rock|glam metal|hard rock|metal|rock,True,train
4lbhQdbiTpNP7GowZG8KsM,Don't Treat Me Bad,Firehouse,'80s Hard Rock,0.616,0.807,8,-11.4,1,0.0348,0.000303,0.193,0.637,111.054,album rock|glam metal|hard rock|rock,True,train
5X0bLSho0KTiSQYCI0IOcl,Dr. Feelgood,Mötley Crüe,'80s Hard Rock,0.53,0.952,2,-5.105,1,0.0577,0.000837,0.262,0.433,110.98,glam metal|hard rock|metal|rock|sleaze rock,True,train
6gQUbFwwdYXlKdmqRoWKJe,Dude (Looks Like A Lady),Aerosmith,'80s Hard Rock,0.54,0.982,4,-2.962,0,0.0458,0.435,0.0457,0.91,126.294,album rock|classic rock|hard rock|rock,True,train
2mEk0VdrbDJ11DBC6Y92mh,Edge Of A Broken Heart,Vixen,'80s Hard Rock,0.619,0.751,7,-11.568,0,0.0417,0.0113,0.123,0.532,126.079,glam metal|hard rock,True,test
43GS3mtezoIFiuIZCLLiDY,Every Rose Has Its Thorn - Remastered 2003,Poison,'80s Hard Rock,0.533,0.637,6,-5.571,1,0.0323,0.16,0.369,0.292,140.167,album rock|glam metal|hard rock|rock,True,test
2KH16WveTQWT6KOG9Rg6e2,Eye of the Tiger,Survivor,'80s Hard Rock,0.817,0.599,0,-9.249,0,0.0328,0.132,0.0873,0.548,108.873,album rock|hard rock|rock|soft rock,True,train
27kMqdX3aoN3gBndVKlTfR,Fallen Angel - Remastered,Poison,'80s Hard Rock,0.509,0.935,6,-3.633,1,0.0493,0.00864,0.255,0.501,148.062,album rock|glam metal|hard rock|rock,True,test
5xLyTbCFONUGUuG0LtUxjn,"Girls, Girls, Girls",Mötley Crüe,'80s Hard Rock,0.6,0.931,7,-4.647,1,0.0734,0.0296,0.392,0.542,140.123,glam metal|hard rock|metal|rock|sleaze rock,True,train
3W1iDAW7PVwlMC2zJIKF0k,Gypsy Road,Cinderella,'80s Hard Rock,0.523,0.88,9,-9.019,1,0.0402,0.00961,0.329,0.553,132.426,album rock|glam metal|hard rock|metal|rock,True,train
2dEgwtRjYl6TJkIwjRwn6z,Heaven,Warrant,'80s Hard Rock,0.462,0.488,6,-11.143,1,0.0287,0.115,0.128,0.33,145.789,album rock|glam metal|hard rock|rock,True,train
1brpdmqkx3kSxyqzqXfW7J,Heaven's On Fire,KISS,'80s Hard Rock,0.679,0.866,0,-6.053,1,0.0634,0.00376,0.312,0.785,124.325,album rock|classic rock|glam rock|hard rock|metal|rock,True,train
3rdxvEfBp86WNcRDLaFEk9,Here I Go Again 87 - 2007 Remastered Version,Whitesnake,'80s Hard Rock,0.39,0.898,7,-4.089,1,0.045,0.207,0.217,0.204,90.703,album rock|british blues|classic rock|glam metal|hard rock|metal|rock,True,train
5t5rCnsgRBtcKqTB7SbD1Q,High Enough,Damn Yankees,'80s Hard Rock,0.273,0.537,2,-9.612,1,0.0306,0.0241,0.0922,0.232,81.814,album rock|classic rock|glam metal|hard rock|rock,True,test
57fqmDaokbxZ3TaB0jp39q,Holy Diver,Dio,'80s Hard Rock,0.476,0.901,8,-6.751,1,0.0975,0.0642,0.0557,0.109,91.955,melodic rap|pop rap,True,train
4zXvB4MoQD8onk0NCZbeHG,Home Sweet Home,Mötley Crüe,'80s Hard Rock,0.403,0.777,5,-6.416,1,0.0354,0.0999,0.124,0.149,76.329,glam metal|hard rock|metal|rock|sleaze rock,True,train
6QDbGdbJ57Mtkflsg42WV5,Hot for Teacher - 2015 Remaster,Van Halen,'80s Hard Rock,0.551,0.947,2,-4.671,1,0.152,0.000652,0.0637,0.466,127.657,album rock|classic rock|hard rock|rock,True,test
46Qy1xAr2K7rylRYwdQ6Gw,House of Pain,Faster Pussycat,'80s Hard Rock,0.519,0.61,0,-10.256,1,0.036,0.0766,0.248,0.232,121.324,album rock|glam metal|glam punk|hard rock|sleaze rock,True,train
0U2TocFjqul3sis3sE5jZl,I Don't Believe In Love - Remastered 2003,Queensrÿche,'80s Hard Rock,0.562,0.991,7,-2.654,1,0.0745,0.0373,0.425,0.266,118.004,album rock|glam metal|hard rock|metal|progressive metal|rock|us power metal,True,train
2HXixVqzzm9rEUIMAWzshl,I Hate Myself for Loving You,Joan Jett & The Blackhearts,'80s Hard Rock,0.611,0.883,9,-11.225,1,0.0539,0.0846,0.192,0.604,117.928,glam punk|rock,True,train
4ZpXHlV2vQVfPXUvbDSZ92,I Remember You,Skid Row,'80s Hard Rock,0.345,0.531,0,-12.708,1,0.0305,0.00642,0.14,0.49,176.302,album rock|glam metal|hard rock|metal|rock,True,train
0gGJO7JM51uAUu7EE2lxx6,I Surrender,Rainbow,'80s Hard Rock,0.498,0.858,7,-5.259,0,0.0661,0.159,0.262,0.778,132.718,indie folk|indie rock|modern alternative rock|modern rock|stomp and holler,True,test
5F8WPtrurLmNE3tv6Sm14m,I Wanna Be Somebody,W.A.S.P.,'80s Hard Rock,0.296,0.83,1,-7.051,0,0.0505,0.00081,0.263,0.478,164.124,album rock|glam metal|hard rock|metal|rock,True,train
2ZSCy3P1QzpJySCWA6NRIU,I Was Made For Lovin' You,KISS,'80s Hard Rock,0.768,0.852,4,-6.215,1,0.038,0.213,0.0723,0.867,128.374,album rock|classic rock|glam rock|hard rock|metal|rock,True,train
5IXUAYqwxmAFj69RWYFzbU,In My Dreams (Re-Recorded / Remastered),Dokken,'80s Hard Rock,0.542,0.839,3,-4.404,0,0.0487,4.91e-05,0.0471,0.611,121.026,album rock|classic rock|glam metal|hard rock|metal|rock,True,train
5CWWOxTehNz94b4Xs0xFYV,Inside Out,XYZ,'80s Hard Rock,0.426,0.961,8,-4.365,1,0.07,0.013,0.0621,0.616,171.411,,False,train
3qwnfEm2N8lvD9BaJvOfaW,Is This Love - 2017 Remastered Version,Whitesnake,'80s Hard Rock,0.333,0.79,0,-6.802,1,0.0386,0.109,0.115,0.534,180.356,album rock|british blues|classic rock|glam metal|hard rock|metal|rock,True,train
2PfBSkCKZDXMsJogMT0wML,Jump,Van Halen,'80s Hard Rock,0.547,0.822,0,-7.201,1,0.0292,0.0745,0.0645,0.774,130.138,album rock|classic rock|hard rock|rock,True,train
5ZY7Gug850kv4heJcWZGHM,Just Like Paradise,David Lee Roth,'80s Hard Rock,0.611,0.853,2,-4.983,1,0.034,0.0219,0.671,0.376,135.558,album rock|classic rock|glam metal|hard rock|metal|neo classical metal|rock,True,train
0mDpR6DpKc2DyiGtH0NcX8,Kickstart My Heart,Mötley Crüe,'80s Hard Rock,0.361,0.97,7,-4.817,0,0.284,0.00169,0.357,0.254,179.017,glam metal|hard rock|metal|rock|sleaze rock,True,train
0kFM6t9htbB53Dg8frGDGh,Kiss Me Deadly,Lita Ford,'80s Hard Rock,0.468,0.743,0,-10.846,1,0.0326,0.00819,0.369,0.648,156.103,album rock|glam metal|hard rock,True,train
3D5ORNm9spaTcdRx50ksHx,Lay It Down,Ratt,'80s Hard Rock,0.442,0.759,10,-13.475,1,0.0354,0.000402,0.174,0.279,198.117,classical performance|orchestral performance,True,train
3cXiUuiGpFmZ8OdAWKk8Ck,Lick It Up,KISS,'80s Hard Rock,0.681,0.773,2,-6.051,1,0.058,0.179,0.311,0.547,120.276,album rock|classic rock|glam rock|hard rock|metal|rock,True,train
0IXpUl1fn2QZcBavfuq0H4,Living After Midnight,Judas Priest,'80s Hard Rock,0.61,0.824,4,-6.046,1,0.0534,0.0136,0.0606,0.819,134.992,album rock|birmingham metal|classic rock|hard rock|metal|power metal|rock,True,train
73jxc8OqPUqXEzsRnCgw8M,Love Song,Tesla,'80s Hard Rock,0.355,0.379,7,-8.172,1,0.0361,0.396,0.15,0.329,164.989,album rock|classic rock|glam metal|hard rock|rock|sacramento indie,True,train
0S3gpZzlT9Hb7CCSV2owX7,"Mama, I'm Coming Home",Ozzy Osbourne,'80s Hard Rock,0.282,0.656,8,-6.557,1,0.0302,0.0105,0.0892,0.242,139.352,album rock|birmingham metal|hard rock|metal|rock,True,train
28clONjZmul6FjfO6tZQDE,Metal Health (Bang Your Head),Quiet Riot,'80s Hard Rock,0.494,0.933,2,-5.977,1,0.0808,0.0434,0.228,0.507,121.201,album rock|classic rock|glam metal|hard rock|metal|rock,True,test
5ZIU2kT1wNjQNclQeVCz5O,Modern Day Cowboy,Tesla,'80s Hard Rock,0.445,0.768,4,-8.836,1,0.0347,0.0127,0.0925,0.32,112.796,album rock|classic rock|glam metal|hard rock|rock|sacramento indie,True,train
26fZwf1ImE4aUJ4XaqOkUg,No One Like You,Scorpions,'80s Hard Rock,0.511,0.624,9,-10.424,0,0.0403,0.0144,0.128,0.807,118.193,album rock|german hard rock|german metal|german rock|hard rock|metal|rock,True,train
6LFoyjCI9eFZw3QmN46x2V,Nobody's Fool,Cinderella,'80s Hard Rock,0.367,0.445,9,-13.615,0,0.0286,0.0478,0.199,0.149,67.197,album rock|glam metal|hard rock|metal|rock,True,train
7pkWZL0kA26s754CwyK0SH,Once Bitten Twice Shy,Great White,'80s Hard Rock,0.723,0.541,0,-14.021,1,0.0303,0.028,0.133,0.607,131.675,album rock|classic rock|glam metal|hard rock|metal|rock,True,train
6QtDzKo8oVwnOx7Sg7jxUe,Over The Mountain,Ozzy Osbourne,'80s Hard Rock,0.463,0.926,5,-3.563,0,0.12,4.95e-05,0.0868,0.501,131.129,album rock|birmingham metal|hard rock|metal|rock,True,test
05RgAMGypEvqhNs5hPCbMS,Panama - 2015 Remaster,Van Halen,'80s Hard Rock,0.527,0.978,8,-5.436,1,0.109,0.00124,0.0744,0.463,141.169,album rock|classic rock|hard rock|rock,True,train
1Y373MqadDRtclJNdnUXVc,Paranoid - 2016 Remaster,Black Sabbath,'80s Hard Rock,0.415,0.658,4,-12.051,0,0.0696,4.52e-05,0.176,0.45,163.015,album rock|birmingham metal|classic rock|hard rock|metal|rock|stoner rock|uk doom metal,True,test
1iQpStZpzBb5TOuTDKJKdj,Poison,Alice Cooper,'80s Hard Rock,0.3,0.894,2,-7.786,0,0.109,0.0515,0.125,0.268,118.631,album rock|blues rock|classic rock|glam metal|glam rock|hard rock|metal|protopunk|rock,True,test
0PdM2a6oIjqepoEfcJo0RO,Pour Some Sugar On Me - Remastered 2017,Def Leppard,'80s Hard Rock,0.267,0.953,1,-4.899,0,0.096,0.00211,0.283,0.568,84.989,album rock|hard rock|nwobhm|rock,True,train
2PpNgmrS9mAyrkRAwn6YPq,Rainbow in the Dark,Dio,'80s Hard Rock,0.512,0.947,9,-5.659,0,0.0401,0.000692,0.0283,0.612,117.461,melodic rap|pop rap,True,train
0XIvZ82aDF7JiSi3ZE320u,Rock You Like A Hurricane,Scorpions,'80s Hard Rock,0.482,0.601,7,-12.846,1,0.0486,0.00853,0.249,0.774,125.619,album rock|german hard rock|german metal|german rock|hard rock|metal|rock,True,test
4NffXDmI70vw19P5Efoe0T,Rock the Night,Europe,'80s Hard Rock,0.562,0.965,4,-2.789,0,0.0613,0.036,0.326,0.39,105.305,album rock|glam metal|hard rock|rock|swedish hard rock|swedish melodic rock,True,train
0SFS1LxNP5wgnoDA7nGKQu,Round and Round,Ratt,'80s Hard Rock,0.616,0.965,11,-4.464,1,0.0613,0.0135,0.119,0.405,126.535,classical performance|orchestral performance,True,train
0X1sqQ652p1sceKM2nJlIJ,Runaway,Bon Jovi,'80s Hard Rock,0.475,0.899,9,-4.321,0,0.0637,0.00375,0.14,0.603,152.445,glam metal|rock,True,train
3KhF2YiNpJvGpfiCW45R6D,Runnin' with the Devil - 2015 Remaster,Van Halen,'80s Hard Rock,0.472,0.9,8,-6.406,0,0.0582,0.148,0.34,0.42,95.826,album rock|classic rock|hard rock|rock,True,train
2ZS0wDcdfrJPC86u5aJGo9,Seventeen,Winger,'80s Hard Rock,0.577,0.676,8,-11.931,1,0.0295,0.000895,0.0625,0.676,95.98,album rock|glam metal|hard rock|rock,True,train
1Qjpl8Kav6rrO92ZuG0OK8,Shake Me,Cinderella,'80s Hard Rock,0.537,0.9,9,-11.88,1,0.0301,0.00575,0.2,0.549,132.742,album rock|glam metal|hard rock|metal|rock,True,train
1UBQ5GK8JaQjm5VbkBZY66,Sharp Dressed Man - 2008 Remaster,ZZ Top,'80s Hard Rock,0.601,0.859,5,-5.263,1,0.0276,0.000359,0.0871,0.446,125.145,album rock|blues rock|classic rock|country rock|hard rock|metal|rock,True,train
1hqrYSqvNc9x3BETX1cZhk,Shout At The Devil,Mötley Crüe,'80s Hard Rock,0.489,0.953,0,-4.615,1,0.0858,0.02,0.113,0.447,94.443,glam metal|hard rock|metal|rock|sleaze rock,True,train
4N4guy1faBG6oseDnhjkWy,Since You Been Gone,Rainbow,'80s Hard Rock,0.716,0.821,7,-4.204,1,0.0389,0.551,0.618,0.931,120.737,indie folk|indie rock|modern alternative rock|modern rock|stomp and holler,True,train
57trQKFZdJxHia4sMJioWk,Sister Christian,Night Ranger,'80s Hard Rock,0.448,0.35,5,-16.239,1,0.0393,0.147,0.0842,0.234,177.279,album rock|classic rock|glam metal|hard rock|mellow gold|rock|soft rock,True,train
5PLPlz2rQlwMTFQqnQAPgu,Still of the Night - 2017 Remastered Version,Whitesnake,'80s Hard Rock,0.403,0.88,0,-5.872,1,0.0532,0.00582,0.319,0.235,100.457,album rock|british blues|classic rock|glam metal|hard rock|metal|rock,True,test
2kR3B09M6KeJnchOkxwszt,Summertime Girls - Studio Version,Y&T,'80s Hard Rock,0.431,0.698,4,-11.626,1,0.0336,0.00185,0.232,0.774,128.932,album rock|glam metal|hard rock|metal|rock|sleaze rock,True,train
473dVAB97y06dfl6OBb1uj,Talk Dirty To Me,Poison,'80s Hard Rock,0.49,0.951,11,-3.888,1,0.0966,0.00888,0.376,0.628,158.075,album rock|glam metal|hard rock|rock,True,train
3MrRksHupTVEQ7YbA0FsZK,The Final Countdown,Europe,'80s Hard Rock,0.536,0.844,6,-6.918,0,0.058,0.0628,0.0608,0.185,117.652,album rock|glam metal|hard rock|rock|swedish hard rock|swedish melodic rock,True,train
3WW3g2scq0m7ZY5JCxrdWw,Uncle Tom's Cabin,Warrant,'80s Hard Rock,0.633,0.732,8,-6.785,1,0.0707,0.186,0.13,0.273,126.567,album rock|glam metal|hard rock|rock,True,train
1Z6lKdYhwp8WYoBqGCKxlM,Unskinny Bop,Poison,'80s Hard Rock,0.574,0.93,1,-2.949,1,0.0413,0.0657,0.108,0.69,92.303,album rock|glam metal|hard rock|rock,True,train
1AsRjeavWPH8sCQbjMP8Xh,Up All Night,Slaughter,'80s Hard Rock,0.516,0.733,7,-11.341,0,0.0326,0.000373,0.258,0.552,98.006,deathcore|russian metal|russian metalcore|slamming deathcore,True,train
2QfjV18pg4Ye7Vo4TsSobq,Wait,White Lion,'80s Hard Rock,0.204,0.794,2,-7.586,1,0.0618,0.00122,0.148,0.205,149.346,album rock|glam metal|hard rock|rock,True,test
2fY6tqgrlrg1ky9fgs0t5u,Wanted Dead Or Alive,Bon Jovi,'80s Hard Rock,0.257,0.803,7,-3.886,1,0.0411,0.137,0.297,0.294,150.818,glam metal|rock,True,test
5RHG4SQ6iJ1qQJmt3EFJCX,We're Not Gonna Take It,Twisted Sister,'80s Hard Rock,0.502,0.924,4,-6.299,1,0.0503,0.0127,0.162,0.922,149.186,album rock|glam metal|hard rock|metal|rock,True,train
0TaT50ZZxT4ytZxuqkE3A9,Why Can't This Be Love,Van Halen,'80s Hard Rock,0.531,0.626,0,-13.371,1,0.0452,0.0606,0.0767,0.746,88.236,album rock|classic rock|hard rock|rock,True,train
3iC3Numiy9P3AkF7iioKmx,Wild Child,W.A.S.P.,'80s Hard Rock,0.372,0.857,5,-7.816,0,0.0461,0.0608,0.187,0.389,146.08,album rock|glam metal|hard rock|metal|rock,True,train
1o0hcMxI6jYzQm6ApPde3L,Wild Frontier - Remastered 2002,Gary Moore,'80s Hard Rock,0.479,0.822,4,-6.412,0,0.0444,0.00434,0.0843,0.562,130.035,album rock|blues rock|british blues|classic rock|electric blues|hard rock|rock,True,test
41wWrTueWew7qUU0Ru87Mp,Wild Side,Mötley Crüe,'80s Hard Rock,0.596,0.896,0,-4.635,1,0.0382,0.00742,0.372,0.456,115.092,glam metal|hard rock|metal|rock|sleaze rock,True,test
6wjSNO6uJYlgbbfauyWhiw,Wind Of Change,Scorpions,'80s Hard Rock,0.453,0.543,0,-10.106,1,0.0366,0.297,0.0928,0.282,151.362,album rock|german hard rock|german metal|german rock|hard rock|metal|rock,True,train
0sgDEFq9oeC8ueOK0mR5IA,Working for the Weekend,Loverboy,'80s Hard Rock,0.526,0.924,7,-5.591,1,0.0391,0.027,0.598,0.793,147.28,album rock|classic canadian rock|classic rock|glam metal|hard rock|heartland rock|mellow gold|new wave pop|rock|soft rock,True,train
3U7H63zKWLjOuFZJUmTowp,You Give Love A Bad Name,Bon Jovi,'80s Hard Rock,0.559,0.825,0,-10.725,0,0.0401,0.0771,0.363,0.805,122.821,glam metal|rock,True,test
3D3lmTEhuWaunO1yxpYPD8,You're in Love,Ratt,'80s Hard Rock,0.567,0.867,7,-11.541,1,0.0484,0.00384,0.112,0.535,146.008,classical performance|orchestral performance,True,train
6xpCGpxVoE47e2nyAIAZFn,All Systems Down,Andrew Rayel,Big Room House,0.403,0.951,7,-2.651,1,0.267,0.0242,0.067,0.0988,127.478,big room|edm|moldovan pop|progressive house|trance|uplifting trance,True,train
1xMLthTaWJieT9YGV1hyS5,Animals,Martin Garrix,Big Room House,0.676,0.865,1,-6.381,1,0.0389,0.00105,0.382,0.0372,128.006,big room|dance pop|edm|electro house|pop|pop dance|progressive house|tropical house,True,train
7qf3VKqcN2retPfpdMGHNu,Animals - Oliver Heldens Remix,Martin Garrix,Big Room House,0.669,0.949,1,-5.1,1,0.0452,0.0225,0.188,0.513,128.015,big room|dance pop|edm|electro house|pop|pop dance|progressive house|tropical house,True,train
3Kl3b2oW6BIQ1yehBpGNi0,Arcade,Dimitri Vegas & Like Mike,Big Room House,0.565,0.957,3,-4.167,0,0.0723,0.00923,0.293,0.175,127.953,belgian dance|belgian edm|big room|edm|electro house|pop dance|progressive electro house|tropical house,True,train
45j5Qj9Zv329jaT4qO22MQ,Arcadia - Radio Edit,Hardwell,Big Room House,0.608,0.888,6,-3.192,0,0.0351,0.0028,0.153,0.251,127.938,big room|dance pop|deep big room|dutch house|edm|electro house|pop dance|progressive electro house|progressive house|tropical house,True,test
0FN86CgJpiYHivPZ6ZlNm6,BFAM - Original Mix,Julian Jordan,Big Room House,0.601,0.785,3,-4.761,0,0.0332,0.00902,0.0939,0.133,127.981,,False,train
06dT0EYXrhRQV1MsvWhNGv,Bad (feat. Vassy) - Radio Edit,David Guetta,Big Room House,0.614,0.972,5,-3.927,0,0.088,0.00125,0.328,0.411,127.966,dance pop|edm|pop|pop dance|tropical house,True,test
4H63ey6mUOBfAu0KQ3qpYD,Bazaar (Official Sunburn Goa 2015 Anthem),KSHMR,Big Room House,0.582,0.979,11,-2.492,0,0.0714,0.125,0.339,0.196,128.01,big room|deep big room|edm|electro house|indian edm|pop dance|tropical house,True,test
7dFikRPQuLFz4PdCw4ZvCy,Believer,Major Lazer,Big Room House,0.596,0.905,8,-3.456,0,0.0515,0.0743,0.128,0.692,144.981,dance pop|edm|electro house|moombahton|pop|pop dance|pop rap,True,train
6IXICze5FgtxDC4k8lXV1p,Big Bird,Blasterjaxx,Big Room House,0.613,0.981,7,-2.866,1,0.0599,0.000411,0.34,0.118,130.009,,False,train
5AdIEMVaS9pZEE6is0mdqm,Bigfoot,W&W,Big Room House,0.612,0.926,5,-3.952,0,0.0546,0.00131,0.238,0.145,127.959,,False,train
1AdfHX1DE79Q6walr15N7c,Birds Fly - W&W Festival Mix Edit,Hardwell,Big Room House,0.574,0.903,3,-4.938,0,0.0638,0.00083,0.123,0.191,127.955,big room|dance pop|deep big room|dutch house|edm|electro house|pop dance|progressive electro house|progressive house|tropical house,True,test
5T3xR4qk2OuhwnAOruVtjb,Booyah - Original Mix,Showtek,Big Room House,0.739,0.953,11,-2.624,1,0.133,0.00801,0.0623,0.516,127.987,big room|classic hardstyle|deep big room|edm|electro house|euphoric hardstyle|pop dance|progressive electro house,True,train
12ZQdr6Ir1x6QByyPdJg9W,Bowser - Original Mix,W&W,Big Room House,0.616,0.983,6,-3.947,0,0.0882,0.00689,0.087,0.131,128.033,,False,train
2bd7KLt028ssKE0K0WYWXl,Break Through The Silence - Radio Edit,Martin Garrix,Big Room House,0.573,0.95,9,-5.167,1,0.0666,0.00289,0.299,0.153,128.013,big room|dance pop|edm|electro house|pop|pop dance|progressive house|tropical house,True,train
0OMDKEBXtmcIyTcscdF8In,Bring That Beat,Bassjackers,Big Room House,0.718,0.977,8,-3.09,1,0.125,0.000425,0.0932,0.311,128.001,,False,train
2ASx7GNCypmXa7IiKILPwh,Burn,KSHMR,Big Room House,0.757,0.885,7,-5.109,0,0.146,0.000921,0.0484,0.258,128.009,big room|deep big room|edm|electro house|indian edm|pop dance|tropical house,True,train
1ZoHuLxbQho7N5ioKA6Hx1,C.U.B.A,Calvin Harris,Big Room House,0.623,0.998,5,-1.436,1,0.0364,0.0342,0.862,0.679,127.988,dance pop|edm|electro house|house|pop|pop dance|progressive house|uk dance,True,train
2RTDwuOYrdVrfest9QVLlP,Calavera,Hardwell,Big Room House,0.689,0.913,2,-2.944,1,0.0362,0.00612,0.0562,0.076,127.974,big room|dance pop|deep big room|dutch house|edm|electro house|pop dance|progressive electro house|progressive house|tropical house,True,train
6xt95LFkU8fAQr3CK4lpC9,Caribbean Rave,W&W,Big Room House,0.603,0.903,4,-1.539,0,0.0709,0.0377,0.629,0.67,127.944,,False,train
506dJMMkoPkz92gynWj0pJ,Caribbean Rave - Instrumental Mix,W&W,Big Room House,0.66,0.95,4,-1.452,0,0.0579,0.00114,0.0891,0.383,127.99,,False,train
72hrPQygnPJ1z0iTzdTGjd,D# Fat - Radio Edit,Armin van Buuren,Big Room House,0.647,0.901,5,-4.785,0,0.0573,0.0209,0.367,0.158,127.95,dutch trance|edm|pop dance|progressive house|trance,True,train
62FheCbeT4N5PPKmFD1g4m,Dead Mans Hand - Original Mix,KSHMR,Big Room House,0.585,0.969,7,-3.342,1,0.0935,0.00148,0.184,0.0661,128.025,big room|deep big room|edm|electro house|indian edm|pop dance|tropical house,True,test
3HYBhApBLEAaWaAIbDJa3i,Dechorro,Deorro,Big Room House,0.77,0.837,5,-3.978,0,0.0696,0.00465,0.122,0.186,127.989,big room|dance pop|edm|electro house|melbourne bounce|melbourne bounce international|pop dance|progressive electro house,True,train
3qercJ2Z0S5wz6p3rjrQog,Dharma,Headhunterz,Big Room House,0.331,0.919,3,-4.707,0,0.452,0.0367,0.124,0.389,191.112,,False,train
3FEIHrvozka55YwndaE2zt,Do Your Thing - Radio Edit,Dbstf,Big Room House,0.662,0.937,5,-1.02,0,0.0448,0.014,0.319,0.309,130.023,,False,train
4s2rzq6ZpCfg5ODq0z79QG,Don't Let Me Down - W&W Remix,The Chainsmokers,Big Room House,0.431,0.877,8,-5.677,0,0.121,0.041,0.126,0.484,159.897,dance pop|edm|electropop|pop|pop dance|tropical house,True,train
5M9jOReAKGZ2AttVefFjTY,Don't Look Down,Martin Garrix,Big Room House,0.575,0.831,0,-5.972,1,0.0356,0.00406,0.111,0.377,127.991,big room|dance pop|edm|electro house|pop|pop dance|progressive house|tropical house,True,test
6oheWhUHTYSegLGV9x3BMd,Dragon - Radio Edit,Martin Garrix,Big Room House,0.513,0.917,7,-4.048,0,0.0628,0.00543,0.0592,0.145,128.024,big room|dance pop|edm|electro house|pop|pop dance|progressive house|tropical house,True,train
5c7UATnb0XfIbyIHHfgIMb,Error 404 - Original Mix,Martin Garrix,Big Room House,0.673,0.862,2,-7.102,1,0.0887,0.000203,0.0442,0.285,127.983,big room|dance pop|edm|electro house|pop|pop dance|progressive house|tropical house,True,train
6r7FXNO57mlZCBY6PXcZZT,Five Hours,Deorro,Big Room House,0.88,0.821,5,-2.545,0,0.118,0.0197,0.234,0.575,127.907,big room|dance pop|edm|electro house|melbourne bounce|melbourne bounce international|pop dance|progressive electro house,True,train
78n4IgM3AXMcbKydAwSJsx,Flashlight,R3HAB,Big Room House,0.712,0.953,5,-3.441,1,0.0477,0.0146,0.277,0.31,128.03,big room|dance pop|dutch house|edm|electro house|pop|pop dance|progressive electro house|tropical house,True,train
2LeF2hl1xpBpPyjvv52rPl,Flute - Radio Mix,New World Sound,Big Room House,0.384,0.886,1,-6.349,1,0.0591,0.000768,0.0721,0.122,127.993,,False,test
2BF1X5nkYYSb0AUTRaGkDm,Forbidden Voices,Martin Garrix,Big Room House,0.534,0.711,10,-5.927,0,0.0368,0.05,0.135,0.3,128.102,big room|dance pop|edm|electro house|pop|pop dance|progressive house|tropical house,True,test
5vQIaNoKsT4xkG1j2KFBFs,Gold Skies,Sander van Doorn,Big Room House,0.559,0.815,9,-6.325,0,0.0445,0.00363,0.668,0.209,128.001,,False,test
4X2G03Zzmt92UBwMaj5Qad,Gold Skies - Tiësto Remix,Sander van Doorn,Big Room House,0.536,0.972,2,-2.387,1,0.0737,0.000169,0.149,0.431,128.02,,False,train
1toz8k7rYIw4FS5jOSXxYH,Helicopter - Video Edit,Martin Garrix,Big Room House,0.584,0.96,7,-4.492,0,0.0379,0.0104,0.175,0.165,128.003,big room|dance pop|edm|electro house|pop|pop dance|progressive house|tropical house,True,test
64BbRFQBFPpSKhmCZ5w7K1,How Many,W&W,Big Room House,0.554,0.884,4,-3.548,0,0.108,0.04,0.132,0.229,128.036,,False,train
30DsuDsNq26rCn30NNzoH6,If It Ain't Dutch,Armin van Buuren,Big Room House,0.547,0.968,11,-3.956,1,0.258,0.00481,0.419,0.166,132.106,dutch trance|edm|pop dance|progressive house|trance,True,train
76Csg9kMXlVY4mjKtohf3e,JAMMU - Original Mix,KSHMR,Big Room House,0.641,0.633,4,-4.889,0,0.0546,0.00414,0.11,0.152,128.013,big room|deep big room|edm|electro house|indian edm|pop dance|tropical house,True,train
1ghUWRA4BLzCVBpzJhbN0m,Karate - Original Mix,R3HAB,Big Room House,0.626,0.961,5,-3.587,1,0.0687,0.000407,0.685,0.668,128.009,big room|dance pop|dutch house|edm|electro house|pop|pop dance|progressive electro house|tropical house,True,test
1yInsvKbKrDHP59jQRhjKP,Kundalini,Headhunterz,Big Room House,0.63,0.946,0,-3.58,0,0.0798,0.0309,0.384,0.386,127.987,,False,train
2TcZ05FR0xQWZOaFWyRWUt,L'Amour Toujours - Tiësto Edit,Dzeko & Torres,Big Room House,0.591,0.931,3,-2.867,1,0.0967,0.00763,0.153,0.17,129.975,,False,train
3TuVVHeIC7rxINHJBsOA7T,Let It Move Ya,Bass Modulators,Big Room House,0.349,0.969,0,-2.468,1,0.0753,0.00553,0.355,0.405,132.013,,False,test
1bgTKf3PAKmxfS24pWXGEC,Let's Go,Rick Mitchells,Big Room House,0.584,0.898,1,-4.884,1,0.216,0.0259,0.451,0.081,127.97,,False,train
5HZQipw98poTN9zRpZIkQO,Lift Off! - Original Mix,W&W,Big Room House,0.702,0.818,8,-5.261,1,0.0935,0.00137,0.0655,0.372,128.006,,False,train
6F1kPSgdnlSzZRfskE9vaV,Lions in the Wild,Martin Garrix,Big Room House,0.504,0.847,7,-6.81,0,0.0442,0.00434,0.816,0.28,127.854,big room|dance pop|edm|electro house|pop|pop dance|progressive house|tropical house,True,train
4GwXdVLueKZ8YhYjZmWtYh,Live The Night,W&W,Big Room House,0.805,0.968,10,-3.909,1,0.227,0.00707,0.368,0.211,127.984,,False,test
1Pofof4ZYVI6GDM0IFGvBk,Live Your Life - Radio Edit,Headhunterz,Big Room House,0.485,0.853,6,-3.192,0,0.0423,0.0057,0.0842,0.304,130.054,,False,train
0zaaWhjBOtcxaTFvhL6znM,Louder - Radio Edit,Dimitri Vegas & Like Mike,Big Room House,0.567,0.992,1,-2.688,1,0.272,0.000465,0.217,0.0999,128.023,belgian dance|belgian edm|big room|edm|electro house|pop dance|progressive electro house|tropical house,True,train
6nn6GW5dMrdx2wYRmHmfyL,Mammoth - Original,"Dimitri Vegas, Moguai & Like Mike",Big Room House,0.634,0.849,4,-5.98,0,0.335,0.00123,0.37,0.455,128.004,,False,train
3LRS7RDo5pDJ9OvfG0vTSC,Mandala - Official Sunburn 2016 Anthem,KSHMR,Big Room House,0.52,0.958,4,-2.671,0,0.474,0.00407,0.164,0.256,127.907,big room|deep big room|edm|electro house|indian edm|pop dance|tropical house,True,train
56yBx8FsSMusloE6IiaLDR,Megalodon - Original Mix Edit,KSHMR,Big Room House,0.262,0.941,1,-3.409,1,0.0867,0.0139,0.233,0.141,191.983,big room|deep big room|edm|electro house|indian edm|pop dance|tropical house,True,train
3NaPSOqHccC4WalcqvORT0,Mellow,Showtek,Big Room House,0.564,0.874,11,-2.973,0,0.0395,0.0423,0.105,0.402,149.996,big room|classic hardstyle|deep big room|edm|electro house|euphoric hardstyle|pop dance|progressive electro house,True,train
138r3KZpQTolaujmTBuqlY,Melody - Radio Mix,Dimitri Vegas & Like Mike,Big Room House,0.461,0.975,3,-3.245,0,0.174,0.0375,0.366,0.0784,129.978,belgian dance|belgian edm|big room|edm|electro house|pop dance|progressive electro house|tropical house,True,train
7DcY0SUvSIcIjHeSGhTXDk,Memories - Radio Edit,KSHMR,Big Room House,0.521,0.728,8,-5.005,0,0.0501,0.0352,0.783,0.32,128.07,big room|deep big room|edm|electro house|indian edm|pop dance|tropical house,True,train
6So96i2czMaABVTpeClGc0,Moscow - Radio Edit,W&W,Big Room House,0.583,0.648,2,-6.203,0,0.0345,0.00398,0.111,0.146,129.991,,False,train
19ElL1YUfU0YGw6eh8mS1F,Move - Showtek Radio Edit,twoloud,Big Room House,0.568,0.914,5,-3.655,0,0.0529,0.00297,0.223,0.479,128.078,,False,train
6jmTQwFzejCurofZDz7x9k,Off The Hook,Hardwell,Big Room House,0.705,0.951,11,-3.754,0,0.0743,0.0113,0.346,0.153,129.967,big room|dance pop|deep big room|dutch house|edm|electro house|pop dance|progressive electro house|progressive house|tropical house,True,train
6z9TiMU1v1HCIepcbhvObg,On The Floor Like,Bassjackers,Big Room House,0.658,0.835,9,-3.811,0,0.0412,0.00179,0.102,0.403,127.955,,False,train
4kPBncgyAQsrNozmB10ntb,Once Again - Original Mix,Headhunterz,Big Room House,0.644,0.768,4,-4.735,0,0.0544,0.000384,0.154,0.0813,130.021,,False,train
135TYaJ0WsivC2Zk7MEX4Y,Project T - Martin Garrix Remix,Dimitri Vegas & Like Mike,Big Room House,0.561,0.725,9,-7.212,0,0.042,0.00358,0.0872,0.117,127.993,belgian dance|belgian edm|big room|edm|electro house|pop dance|progressive electro house|tropical house,True,test
4NRyVCNxLelhs9ZqRzbjjp,Project T - Original Mix,Dimitri Vegas & Like Mike,Big Room House,0.614,0.926,9,-5.677,0,0.037,0.00104,0.179,0.135,124.997,belgian dance|belgian edm|big room|edm|electro house|pop dance|progressive electro house|tropical house,True,train
54fgYLd9UtdPZVjx548Ver,Proxy,Martin Garrix,Big Room House,0.667,0.695,7,-5.722,0,0.0334,0.00856,0.197,0.292,128.052,big room|dance pop|edm|electro house|pop|pop dance|progressive house|tropical house,True,train
7ipioDTtamvmdNHwQDsOKc,Pyramids - Radio Mix,DVBBS,Big Room House,0.602,0.965,10,-0.959,1,0.074,0.000269,0.0859,0.215,128.14,big room|canadian electronic|dance pop|deep big room|edm|electro house|pop dance|pop edm|tropical house,True,train
26UkElAazA0LQQs0auxh4x,Rave After Rave - Original Mix,W&W,Big Room House,0.691,0.816,6,-3.296,0,0.0973,0.00203,0.194,0.487,128.025,,False,train
60bhhX6Jxyldf26yuQKfnP,Rocket - Original Mix,W&W,Big Room House,0.674,0.956,8,-2.938,1,0.0559,0.000885,0.071,0.107,128.034,,False,train
25dl9vcAJ9F6D6K35I3Nbw,Run Wild,Hardwell,Big Room House,0.486,0.906,4,-4.634,0,0.055,0.000767,0.253,0.118,130.095,big room|dance pop|deep big room|dutch house|edm|electro house|pop dance|progressive electro house|progressive house|tropical house,True,train
1WVZ7YYgdEIhGNFRWD3ByJ,Savior - Radio Edit,Bassjackers,Big Room House,0.747,0.882,5,-3.317,0,0.0543,0.000322,0.351,0.308,128.095,,False,train
69zxj1EFDfAouZu9JDmQld,Secrets - Radio Edit,Tiësto,Big Room House,0.677,0.811,11,-4.53,0,0.043,0.0012,0.0896,0.185,128.004,big room|brostep|dance pop|dutch edm|edm|electro house|house|pop|pop dance|trance|tropical house,True,train
0lX98rC2JdfRwV9l27cac2,Shocker,W&W,Big Room House,0.572,0.969,6,-4.323,1,0.121,0.00107,0.358,0.255,132.011,,False,train
7qfwcqfGOkQYtzjF4UzJHM,Shot Me Down (feat. Skylar Grey) - Radio Edit,David Guetta,Big Room House,0.347,0.772,5,-4.359,0,0.0549,0.0597,0.115,0.035,192.118,dance pop|edm|pop|pop dance|tropical house,True,test
2NfGnOgsGCDj6nPWblgKEc,Spack Jarrow - Original Mix,W&W,Big Room House,0.276,0.975,7,-3.686,1,0.293,0.00437,0.365,0.342,191.903,,False,test
5zwBmW0IbXpIA84cVHDGhe,Split (Only U),Tiësto,Big Room House,0.634,0.927,1,-3.282,1,0.136,0.048,0.0864,0.35,128.016,big room|brostep|dance pop|dutch edm|edm|electro house|house|pop|pop dance|trance|tropical house,True,train
3ActcmE8M7DpBHQiRFSx5G,Strong,R3HAB,Big Room House,0.448,0.856,5,-3.162,0,0.0537,0.0211,0.2,0.511,127.977,big room|dance pop|dutch house|edm|electro house|pop|pop dance|progressive electro house|tropical house,True,train
09okoLt0vlZKhRVv6y8NVo,Sun Is Shining - W&W Remix,Axwell /\ Ingrosso,Big Room House,0.525,0.856,11,-5.428,0,0.0576,0.00543,0.217,0.2,129.979,big room|dance pop|edm|electro house|pop|pop dance|tropical house,True,train
5RVE3ef6pf6bkLRFFv7cfs,Survivors - Radio Edit,Hardwell,Big Room House,0.539,0.825,7,-3.972,0,0.0678,0.0234,0.172,0.233,127.95,big room|dance pop|deep big room|dutch house|edm|electro house|pop dance|progressive electro house|progressive house|tropical house,True,train
6PkR25HfP4DNYIzN0riPOq,Tantra,JDG,Big Room House,0.655,0.924,9,-1.827,1,0.0902,0.0141,0.281,0.101,127.966,,False,train
78HGVRo9dZj1KUyLi5RPQW,The Code - Radio Edit,W&W,Big Room House,0.677,0.911,0,-3.593,1,0.0799,0.0034,0.314,0.265,128.04,,False,train
0Gc1AVYqYOR522Nvz68dsT,The Hum - Short Edit,Dimitri Vegas & Like Mike,Big Room House,0.729,0.947,11,-3.103,0,0.0458,0.211,0.367,0.209,130.005,belgian dance|belgian edm|big room|edm|electro house|pop dance|progressive electro house|tropical house,True,train
6ulV6BN8zJe3t9JyvaEAsT,The One,W&W,Big Room House,0.614,0.922,2,-3.257,1,0.23,0.169,0.197,0.615,126.025,,False,test
0uvFFLI3Z6zidLLUsHDVVk,The Only Way Is Up - Radio Edit,Martin Garrix,Big Room House,0.593,0.81,1,-5.976,0,0.0341,0.0145,0.0906,0.173,128.067,big room|dance pop|edm|electro house|pop|pop dance|progressive house|tropical house,True,train
0vRvoOEUTabrQNmqUCD5Uw,The Spook Returns,KSHMR,Big Room House,0.466,0.936,1,-4.405,0,0.185,0.00948,0.154,0.37,127.863,big room|deep big room|edm|electro house|indian edm|pop dance|tropical house,True,train
6FqH28raIkXVlcHDUvlEzA,This Is Dirty - Original Mix,DVBBS,Big Room House,0.456,0.905,7,-1.405,0,0.0737,0.000263,0.0954,0.084,128.078,big room|canadian electronic|dance pop|deep big room|edm|electro house|pop dance|pop edm|tropical house,True,train
5ScnlX18hRpXLKDsjk0jt1,This Is What It Feels Like - W&W Radio Edit,Armin van Buuren,Big Room House,0.55,0.816,8,-6.559,1,0.0415,0.0014,0.277,0.296,129.923,dutch trance|edm|pop dance|progressive house|trance,True,train
56xFEo61VO28nrT1MVPHoB,Thunder,W&W,Big Room House,0.629,0.886,7,-3.661,0,0.0589,0.00484,0.1,0.18,128.003,,False,train
6jKf2iGv0L8M5EhLbK4Aqq,Till It Hurts,Yellow Claw,Big Room House,0.56,0.886,8,-4.025,1,0.0321,0.000643,0.133,0.23,144.982,bass trap|edm|electro house|electronic trap|pop dance,True,train
3xcMEY6lVtFCJ5kLf9mFNK,Toca (feat. Timmy Trumpet & KSHMR),Carnage,Big Room House,0.865,0.496,2,-4.21,1,0.126,0.00338,0.047,0.174,127.988,edm|electro house|electronic trap|pop rap|rap|southern hip hop|trap|underground hip hop,True,train
2qacsajvpSVl00advUfKk6,Torrent,Sidney Samson & Martin Garrix,Big Room House,0.635,0.868,4,-5.688,1,0.057,0.000381,0.0606,0.0833,127.962,,False,train
6AE0G24YXnDyEgE4L0efpB,Tremor - Sensation 2014 Anthem,Dimitri Vegas & Like Mike,Big Room House,0.631,0.939,6,-4.21,0,0.0363,0.000351,0.955,0.452,127.992,belgian dance|belgian edm|big room|edm|electro house|pop dance|progressive electro house|tropical house,True,train
5iOtXGMVHXyLuPAOFFUfNC,Turn The Music Up! - Radio Edit,Wildstylez,Big Room House,0.574,0.943,5,-4.162,0,0.0576,0.00304,0.0526,0.193,131.988,,False,train
2F9zf32Q3DFz977NmSt58Y,Turn Up The Speakers,Afrojack,Big Room House,0.694,0.9,5,-5.245,1,0.0456,0.0984,0.473,0.294,127.995,big room|dance pop|deep big room|dutch house|edm|electro house|pop dance|progressive electro house|progressive house|tropical house,True,train
6MFzvkEysiwDXYTa7MKUvJ,United We Are,Hardwell,Big Room House,0.704,0.899,7,-3.503,0,0.0876,0.00425,0.124,0.155,128.026,big room|dance pop|deep big room|dutch house|edm|electro house|pop dance|progressive electro house|progressive house|tropical house,True,train
5ZnzVZrSja6miEOxZIV8Q6,Virus (How About Now),Martin Garrix,Big Room House,0.488,0.841,5,-5.51,0,0.04,0.00197,0.801,0.0671,128.071,big room|dance pop|edm|electro house|pop|pop dance|progressive house|tropical house,True,train
1CYAEcbhLAluTm47dIFFgZ,Voodoo - Original Mix,DVBBS,Big Room House,0.652,0.822,3,-4.579,0,0.0415,0.00185,0.0635,0.101,127.996,big room|canadian electronic|dance pop|deep big room|edm|electro house|pop dance|pop edm|tropical house,True,train
0WVr2fYd4YOitZgQHTDjUY,Wake Up - Original Mix,Jay Hardway,Big Room House,0.663,0.828,8,-6.185,0,0.0521,0.0423,0.0657,0.569,128.001,,False,test
39JXKlaBNWl5WrXgjq7jBM,We Control The Sound,Headhunterz,Big Room House,0.385,0.929,2,-4.332,1,0.194,0.00158,0.109,0.247,130.103,,False,test
2X0q5QBDUzwLa7O7AwWBzQ,We Like To Party,Showtek,Big Room House,0.587,0.905,11,-4.655,0,0.0419,0.000211,0.104,0.187,127.982,big room|classic hardstyle|deep big room|edm|electro house|euphoric hardstyle|pop dance|progressive electro house,True,test
7yz7xxHAG4ChgrSeMvIXIo,Wildcard (feat. Sidnie Tipton),KSHMR,Big Room House,0.594,0.834,4,-3.398,0,0.0963,0.0998,0.149,0.473,127.935,big room|deep big room|edm|electro house|indian edm|pop dance|tropical house,True,train
7aCZfs36tXkWVFItKHNGcE,Wizard,Martin Garrix,Big Room House,0.582,0.902,7,-5.098,1,0.0707,0.00835,0.513,0.23,127.985,big room|dance pop|edm|electro house|pop|pop dance|progressive house|tropical house,True,train
3A7qX2QjDlPnazUsRk5y0M,2U (feat. Justin Bieber),David Guetta,Electropop Hits,0.548,0.65,8,-5.827,0,0.0591,0.219,0.225,0.557,144.937,dance pop|edm|pop|pop dance|tropical house,True,test
0Wv5wuenRLI3BcwgT3HPIP,A Different Way (with Lauv),DJ Snake,Electropop Hits,0.781,0.765,8,-4.092,1,0.0385,0.534,0.152,0.564,104.987,dance pop|edm|electro house|electronic trap|pop|pop dance|pop rap,True,test
7nD9nN3jord9wWcfW3Gkcm,All In My Head (Flex) (feat. Fetty Wap),Fifth Harmony,Electropop Hits,0.689,0.791,0,-5.194,0,0.053,0.023,0.0526,0.755,95.04,dance pop|girl group|pop|pop dance|post-teen pop|talent show,True,train
0JiVRyTJcJnmlwCZ854K4p,Alone,Alan Walker,Electropop Hits,0.676,0.929,10,-3.194,1,0.0458,0.186,0.121,0.157,97.019,electro house,True,train
53Y0kdCa1CZ9gRqEuknfwy,Bang My Head (feat. Sia & Fetty Wap),David Guetta,Electropop Hits,0.599,0.869,0,-3.697,1,0.0789,0.0525,0.103,0.593,108.061,dance pop|edm|pop|pop dance|tropical house,True,train
6JV2JOEocMgcZxYSZelKcc,"CAN'T STOP THE FEELING! (Original Song from DreamWorks Animation's ""TROLLS"")",Justin Timberlake,Electropop Hits,0.667,0.83,0,-5.715,1,0.0749,0.0123,0.191,0.701,113.03,dance pop|pop,True,train
42ftjU4cTN5UTRksyqBKZJ,Cake By The Ocean,DNCE,Electropop Hits,0.771,0.76,4,-5.459,0,0.0514,0.147,0.053,0.881,119.0,dance pop|pop|pop dance|pop rock|post-teen pop,True,train
5NetSTs4dgiR6GLrZOQcwJ,Can't Stop Dancin',Becky G,Electropop Hits,0.645,0.669,0,-7.946,0,0.0638,0.00545,0.0997,0.568,100.052,dance pop|latin|latin pop|latin viral pop|pop|post-teen pop|rap latina|reggaeton|trap latino,True,train
5pD9x23lsoQr464mlmaKNJ,Chained To The Rhythm,Katy Perry,Electropop Hits,0.451,0.809,0,-5.327,1,0.141,0.073,0.201,0.481,189.888,dance pop|pop|pop dance|post-teen pop,True,train
3D4QFgYa3P9P0gjmv4eX6I,Chandelier,Sia,Electropop Hits,0.286,0.784,1,-2.873,1,0.0749,0.0163,0.0713,0.618,173.793,australian dance|australian pop|dance pop|pop|pop dance,True,train
27SdWb2rFzO6GWiYDBTD9j,Cheap Thrills,Sia,Electropop Hits,0.628,0.698,6,-5.608,0,0.105,0.0472,0.0907,0.732,89.976,australian dance|australian pop|dance pop|pop|pop dance,True,test
7BKLCZ1jbUBVqRi2FVlTVw,Closer (feat. Halsey),The Chainsmokers,Electropop Hits,0.748,0.524,8,-5.599,1,0.0338,0.414,0.111,0.661,95.01,dance pop|edm|electropop|pop|pop dance|tropical house,True,train
5jrdCoLpJSvHHorevXBATy,Dark Horse,Katy Perry,Electropop Hits,0.645,0.585,6,-6.122,1,0.0513,0.00314,0.165,0.353,131.931,dance pop|pop|pop dance|post-teen pop,True,train
5CtI0qwDJkDQGwXD1H1cLb,Despacito - Remix,Luis Fonsi,Electropop Hits,0.694,0.815,2,-4.328,1,0.12,0.229,0.0924,0.813,88.931,latin|latin pop|puerto rican pop|tropical,True,train
1i1fxkWeaMmKEB4T7zqbzK,Don't Let Me Down,The Chainsmokers,Electropop Hits,0.532,0.869,11,-5.094,1,0.172,0.157,0.136,0.422,159.803,dance pop|edm|electropop|pop|pop dance|tropical house,True,train
0AKejOKlGdiB53QpwAeenO,Don't Wanna Know,Maroon 5,Electropop Hits,0.777,0.627,7,-6.142,1,0.0792,0.356,0.0956,0.444,100.054,pop|pop rock,True,train
4z8ssgZfs5TzKiO8HaGWXO,E.T.,Katy Perry,Electropop Hits,0.603,0.872,5,-5.404,0,0.0792,0.0213,0.366,0.691,150.104,dance pop|pop|pop dance|post-teen pop,True,test
7gHs73wELdeycvS48JfIos,Faded,Alan Walker,Electropop Hits,0.589,0.651,6,-5.097,1,0.0306,0.0291,0.111,0.166,90.011,electro house,True,train
6lcSHIwCOopIcW5cT5NXHI,Feel Good,Gryffin,Electropop Hits,0.62,0.713,2,-4.753,1,0.0342,0.217,0.222,0.451,137.957,dance pop|edm|pop|pop dance|tropical house,True,test
1gihuPhrLraKYrJMAEONyc,Feel So Close - Radio Edit,Calvin Harris,Electropop Hits,0.707,0.924,7,-2.842,1,0.031,0.000972,0.204,0.919,127.937,dance pop|edm|electro house|house|pop|pop dance|progressive house|uk dance,True,train
6BaCraQ9xeLYg4Sb9TBT2X,"Feels (feat. Pharrell Williams, Katy Perry & Big Sean)",Calvin Harris,Electropop Hits,0.893,0.745,11,-3.105,0,0.0571,0.0642,0.0943,0.872,101.018,dance pop|edm|electro house|house|pop|pop dance|progressive house|uk dance,True,train
2Gl0FzuLxflY6nPifJp5Dr,First Time,Kygo,Electropop Hits,0.633,0.592,0,-7.245,0,0.112,0.197,0.099,0.679,90.066,edm|pop|pop dance|tropical house,True,train
0Oa9mHOnH14GZ4toWwkf4c,Good Life (with G-Eazy & Kehlani),G-Eazy,Electropop Hits,0.572,0.778,1,-5.208,1,0.233,0.00638,0.0563,0.54,168.073,hip hop|indie pop rap|oakland hip hop|pop rap|rap,True,train
7oY3KqKUERINrawkzIqTgx,Hey Baby,Dimitri Vegas & Like Mike,Electropop Hits,0.601,0.877,6,-4.547,0,0.132,0.0185,0.246,0.855,179.965,belgian dance|belgian edm|big room|edm|electro house|pop dance|progressive electro house|tropical house,True,test
22mek4IiqubGD9ctzxc69s,How Deep Is Your Love,Calvin Harris,Electropop Hits,0.738,0.868,11,-4.373,0,0.0731,0.0389,0.388,0.336,122.003,dance pop|edm|electro house|house|pop|pop dance|progressive house|uk dance,True,train
2VoJe7vkKkigs7C3CGnSXL,Hurtin' Me,Stefflon Don,Electropop Hits,0.539,0.801,0,-4.962,1,0.167,0.0893,0.152,0.816,203.681,dancehall|uk dancehall|uk hip hop,True,train
3NdDpSvN911VPGivFlV5d0,"I Don’t Wanna Live Forever (Fifty Shades Darker) - From ""Fifty Shades Darker (Original Motion Picture Soundtrack)""",ZAYN,Electropop Hits,0.735,0.451,0,-8.374,1,0.0585,0.0631,0.325,0.0862,117.973,dance pop|pop|pop dance|post-teen pop|uk pop,True,train
1FUViuNSldssMIawrOXF2i,I Got You,Bebe Rexha,Electropop Hits,0.609,0.887,9,-4.749,0,0.0507,0.0504,0.09,0.316,97.99,dance pop|pop|pop dance|post-teen pop,True,train
1MtUq6Wp1eQ8PC6BbPCj8P,I Took A Pill In Ibiza - Seeb Remix,Mike Posner,Electropop Hits,0.663,0.713,7,-6.647,0,0.112,0.0353,0.0843,0.69,101.965,dance pop|edm|pop|pop dance|pop rap,True,train
19RevBdb9MKUaBIvxSbGd4,I Want You To Know,Zedd,Electropop Hits,0.58,0.846,9,-2.876,0,0.0573,0.00537,0.145,0.366,129.998,complextro|dance pop|edm|electro house|electropop|german techno|pop|pop dance|post-teen pop|tropical house,True,train
16NOHRm0OEjmg55OZAxVmV,I'm In Control,AlunaGeorge,Electropop Hits,0.734,0.847,11,-3.713,0,0.0346,0.355,0.154,0.673,104.013,electropop|house|pop|pop dance|tropical house,True,train
3ScJy88F8KqGDfWu8XJhHx,If I Lose Myself - Alesso vs OneRepublic,OneRepublic,Electropop Hits,0.519,0.754,2,-5.689,1,0.0402,0.258,0.139,0.16,125.975,dance pop|neo mellow|piano rock|pop|pop rock,True,test
3eR23VReFzcdmS7TYCrhCe,It Ain't Me (with Selena Gomez),Kygo,Electropop Hits,0.64,0.533,0,-6.596,1,0.0706,0.119,0.0864,0.515,99.968,edm|pop|pop dance|tropical house,True,train
1QNoKVgA758HFLu3TW2q7R,Kill Em With Kindness,Selena Gomez,Electropop Hits,0.757,0.884,10,-5.488,0,0.0404,0.00795,0.0973,0.398,120.012,dance pop|pop|pop dance|post-teen pop,True,train
6Alp0TKptNKc1vkdr8LvVJ,"Know No Better (feat. Travis Scott, Camila Cabello & Quavo)",Major Lazer,Electropop Hits,0.738,0.814,7,-4.414,0,0.0999,0.132,0.126,0.483,119.041,dance pop|edm|electro house|moombahton|pop|pop dance|pop rap,True,train
2jghFigDjVie6Ogwt2hVGb,Let Me Love You - Sean Paul Remix,DJ Snake,Electropop Hits,0.593,0.706,8,-4.798,1,0.0744,0.0208,0.181,0.121,99.635,dance pop|edm|electro house|electronic trap|pop|pop dance|pop rap,True,train
0JhKJg5ejeQ8jq89UQtnw8,Levels - Radio Edit,Avicii,Electropop Hits,0.62,0.881,1,-5.851,0,0.0372,0.0585,0.311,0.415,126.035,big room|dance pop|edm|pop|pop dance,True,train
40MkEbKzuSW9ET6HBngqnK,Light It Up (feat. Nyla & Fuse ODG) [Remix],Major Lazer,Electropop Hits,0.747,0.877,9,-3.782,0,0.0664,0.0375,0.233,0.752,107.991,dance pop|edm|electro house|moombahton|pop|pop dance|pop rap,True,test
3w3y8KPTfNeOKPiqUTakBh,Locked Out of Heaven,Bruno Mars,Electropop Hits,0.726,0.698,5,-4.165,1,0.0431,0.049,0.309,0.867,143.994,dance pop|pop,True,train
5IpKZbfJNefqY6nMejBHjr,Love You Like A Love Song,Selena Gomez & The Scene,Electropop Hits,0.856,0.674,1,-3.793,0,0.0513,0.0638,0.0726,0.874,116.991,dance pop|electropop|pop|pop dance|pop rap|post-teen pop|viral pop,True,train
4xlrALxuaCf9yZBHJeTSG6,Mama,Jonas Blue,Electropop Hits,0.741,0.79,11,-4.086,0,0.0469,0.113,0.0542,0.528,104.043,dance pop|edm|pop|pop dance|tropical house|uk dance,True,train
2Fn3coxd0xAZ09JtrgcgHa,Middle,DJ Snake,Electropop Hits,0.604,0.745,9,-4.103,1,0.0385,0.0161,0.0542,0.205,104.941,dance pop|edm|electro house|electronic trap|pop|pop dance|pop rap,True,train
1ssmjAYSU5PbmsjLq5yrNH,Never Give Up,Sia,Electropop Hits,0.568,0.936,6,-2.961,0,0.053,0.00497,0.12,0.605,91.009,australian dance|australian pop|dance pop|pop|pop dance,True,train
2ekn2ttSfGqwhhate0LSR0,New Rules,Dua Lipa,Electropop Hits,0.762,0.7,9,-6.021,0,0.0694,0.00261,0.153,0.608,116.073,dance pop|pop|pop dance|uk pop,True,test
3cFsmM51N5zMAuu1nNY4Tw,No Lie,Sean Paul,Electropop Hits,0.741,0.891,7,-2.824,1,0.119,0.0437,0.256,0.449,102.002,dance pop|dancehall|pop dance|pop rap,True,train
6XOYVSmNDjKUNMXooU4s4z,No Vacancy,OneRepublic,Electropop Hits,0.71,0.73,5,-4.001,1,0.0607,0.0571,0.139,0.48,99.986,dance pop|neo mellow|piano rock|pop|pop rock,True,train
0W363qrIc4GwuwOqa0WAEO,Nobody Compares To You,Gryffin,Electropop Hits,0.584,0.739,2,-4.72,1,0.0435,0.216,0.188,0.351,104.884,dance pop|edm|pop|pop dance|tropical house,True,train
1xznGGDReH1oQq0xzbwXa3,One Dance,Drake,Electropop Hits,0.791,0.619,1,-5.886,1,0.0532,0.00784,0.351,0.371,103.989,canadian hip hop|canadian pop|hip hop|pop rap|rap|toronto rap,True,train
5ysBPkopQGiMIl6zDYGZTn,Options (feat. Stephen Marley),Pitbull,Electropop Hits,0.675,0.578,9,-5.913,1,0.233,0.0553,0.302,0.514,69.399,dance pop|latin|miami hip hop|pop|pop dance|pop rap,True,train
7MmG8p0F9N3C4AXdK6o6Eb,Outside,Calvin Harris,Electropop Hits,0.646,0.823,2,-4.123,0,0.0394,0.213,0.322,0.418,128.035,dance pop|edm|electro house|house|pop|pop dance|progressive house|uk dance,True,train
5OOkp4U9P9oL23maHFHL1h,Panda,Desiigner,Electropop Hits,0.576,0.766,10,-4.943,0,0.449,0.028,0.366,0.236,144.833,pop rap|rap|trap|underground hip hop|viral trap,True,train
2ZyTRSsgglwv1hyoZzX02Z,"Particula (feat. DJ Maphorisa, Nasty C, Ice Prince, Patoranking & Jidenna)",Major Lazer,Electropop Hits,0.678,0.735,8,-4.725,1,0.0488,0.0265,0.235,0.386,100.001,dance pop|edm|electro house|moombahton|pop|pop dance|pop rap,True,train
0le79px2kIBXQDxUe8ZUGP,Poker Face,Lady Gaga,Electropop Hits,0.851,0.806,4,-4.618,1,0.0788,0.12,0.122,0.775,119.002,dance pop|pop|pop dance,True,test
1ox2Drazo4RGeEEA2COaOL,Policeman - Radio Edit,Eva Simons,Electropop Hits,0.643,0.955,6,-1.586,1,0.134,0.0515,0.328,0.881,104.709,dutch pop|electropop,True,train
2fTsFCKRFQ5M0igJgabnLA,Price Tag,Jessie J,Electropop Hits,0.636,0.832,5,-3.944,1,0.179,0.0293,0.272,0.677,175.015,canadian contemporary r&b|canadian pop|pop,True,test
7w87IxuO7BDcJ3YUqCyMTT,Pumped Up Kicks,Foster The People,Electropop Hits,0.733,0.71,5,-5.849,0,0.0292,0.145,0.0956,0.965,127.975,indie pop|indietronica|modern alternative rock|modern rock|rock,True,test
61dCUoMCg28qEBzrW6htYM,Rather Be (feat. Jess Glynne),Clean Bandit,Electropop Hits,0.799,0.586,11,-6.735,1,0.0377,0.162,0.193,0.549,120.97,dance pop|edm|pop|pop dance|post-teen pop|tropical house|uk dance|uk funky,True,train
3bT5PDBhVj4ifU11zQvGP2,Red Lights,Tiësto,Electropop Hits,0.653,0.829,10,-4.783,1,0.0377,0.000739,0.225,0.545,124.989,big room|brostep|dance pop|dutch edm|edm|electro house|house|pop|pop dance|trance|tropical house,True,train
6F5c58TMEs1byxUstkzVeM,Roar,Katy Perry,Electropop Hits,0.554,0.772,7,-4.821,0,0.0418,0.00487,0.354,0.455,179.984,dance pop|pop|pop dance|post-teen pop,True,train
5knuzwU65gJK7IF5yJsuaW,Rockabye (feat. Sean Paul & Anne-Marie),Clean Bandit,Electropop Hits,0.72,0.763,9,-4.068,0,0.0523,0.406,0.18,0.742,101.965,dance pop|edm|pop|pop dance|post-teen pop|tropical house|uk dance|uk funky,True,train
0fg8CqpjdojMyXLNzM2PaJ,Run Up (feat. PARTYNEXTDOOR & Nicki Minaj),Major Lazer,Electropop Hits,0.803,0.743,1,-3.602,0,0.0681,0.105,0.099,0.674,108.005,dance pop|edm|electro house|moombahton|pop|pop dance|pop rap,True,train
46lFttIf5hnUZMGvjK0Wxo,Runaway (U & I),Galantis,Electropop Hits,0.506,0.805,1,-4.119,1,0.0469,0.00711,0.0856,0.383,126.008,big room|dance pop|edm|electro house|pop|pop dance|tropical house,True,train
2Oj5BXOY01EDuJhVYNlEoq,Safe And Sound,Capital Cities,Electropop Hits,0.652,0.783,0,-4.829,1,0.0309,0.000189,0.0889,0.836,117.952,alternative dance|metropopolis|modern rock,True,train
3ebXMykcMXOcLeJ9xZ17XH,Scared to Be Lonely,Martin Garrix,Electropop Hits,0.584,0.54,1,-7.786,0,0.0576,0.0895,0.261,0.195,137.972,big room|dance pop|edm|electro house|pop|pop dance|progressive house|tropical house,True,train
5WfhXulggG0c6WoVeMPA8N,Shake It Off,Taylor Swift,Electropop Hits,0.648,0.785,7,-5.414,1,0.165,0.0561,0.148,0.943,160.02,dance pop|pop|pop dance|post-teen pop,True,train
1pKeFVVUOPjFsOABub0OaV,Side To Side,Ariana Grande,Electropop Hits,0.65,0.736,6,-5.84,0,0.229,0.0513,0.235,0.612,159.174,pop|post-teen pop,True,train
2Fjz5ZC5BvFdCqcnTZ3ilH,Sing Me to Sleep,Alan Walker,Electropop Hits,0.491,0.607,4,-6.333,0,0.0668,0.0125,0.289,0.166,176.112,electro house,True,train
1dNIEtp7AY3oDAKCGg2XkH,Something Just Like This,The Chainsmokers,Electropop Hits,0.607,0.649,11,-6.695,0,0.0362,0.0306,0.174,0.505,102.996,dance pop|edm|electropop|pop|pop dance|tropical house,True,test
5aAx2yezTd8zXrkmtKl66Z,Starboy,The Weeknd,Electropop Hits,0.681,0.594,7,-7.028,1,0.282,0.165,0.134,0.535,186.054,canadian contemporary r&b|canadian pop|pop,True,test
4Ce37cRWvM1vIGGynKcs22,Starving,Hailee Steinfeld,Electropop Hits,0.729,0.615,4,-4.238,1,0.0647,0.378,0.105,0.508,99.989,dance pop|pop|pop dance|post-teen pop,True,test
1AguHaKOuggrVTebp7cZEI,Stereo Love - Radio Edit,Edward Maya,Electropop Hits,0.799,0.783,1,-3.896,0,0.0322,0.0346,0.0757,0.586,127.041,romanian pop,True,train
5tf1VVWniHgryyumXyJM7w,Sugar (feat. Francesco Yates),Robin Schulz,Electropop Hits,0.636,0.815,5,-5.098,0,0.0581,0.0185,0.163,0.636,123.063,dance pop|deep euro house|deep house|edm|german dance|pop|pop dance|tropical house,True,train
6YUTL4dYpB9xZO5qExPf05,Summer,Calvin Harris,Electropop Hits,0.596,0.856,4,-3.556,0,0.0346,0.0211,0.141,0.743,127.949,dance pop|edm|electro house|house|pop|pop dance|progressive house|uk dance,True,train
6D5pfooPP6hi99RaXjkDsP,Summertime Sadness [Lana Del Rey vs. Cedric Gervais] - Cedric Gervais Remix,Lana Del Rey,Electropop Hits,0.567,0.813,1,-5.744,0,0.0581,0.0138,0.125,0.114,126.044,art pop|pop,True,train
6kex4EBAj0WHXDKZMEJaaF,Swalla (feat. Nicki Minaj & Ty Dolla $ign),Jason Derulo,Electropop Hits,0.696,0.817,1,-3.862,1,0.109,0.075,0.187,0.782,98.064,dance pop|pop|pop dance|pop rap|post-teen pop,True,test
0KKkJNfGyhkQ5aFogxQAPU,That's What I Like,Bruno Mars,Electropop Hits,0.853,0.56,1,-4.961,1,0.0406,0.013,0.0944,0.86,134.066,dance pop|pop,True,train
2HNcNd5RPZ7DSRNbIl6JsP,The Hills,The Weeknd,Electropop Hits,0.587,0.566,0,-7.017,0,0.0528,0.0843,0.145,0.155,113.025,canadian contemporary r&b|canadian pop|pop,True,train
2CPqh63wRVscbceKcPxwvv,The Ocean (feat. Shy Martin),Mike Perry,Electropop Hits,0.632,0.575,5,-6.478,1,0.029,0.0225,0.104,0.188,90.037,big room|dance pop|deep tropical house|edm|electro house|pop|pop dance|pop edm|swedish tropical house|tropical house,True,train
79cuOz3SPQTuFrp8WgftAu,There's Nothing Holdin' Me Back,Shawn Mendes,Electropop Hits,0.857,0.8,2,-4.035,1,0.0583,0.381,0.0913,0.966,121.996,canadian pop|dance pop|pop|post-teen pop|viral pop,True,train
0tICYNayWWhH9GPeFrfjfD,This Girl (Kungs Vs. Cookin' On 3 Burners) - Kungs Vs. Cookin' On 3 Burners,Kungs,Electropop Hits,0.793,0.729,0,-4.77,0,0.0394,0.08,0.317,0.488,121.972,deep tropical house|edm|pop dance|tropical house,True,train
0azC730Exh71aQlOt9Zj3y,This Is What You Came For,Calvin Harris,Electropop Hits,0.63,0.928,9,-2.787,0,0.0331,0.199,0.148,0.465,123.963,dance pop|edm|electro house|house|pop|pop dance|progressive house|uk dance,True,train
0TDLuuLlV54CkRRUOahJb4,Titanium (feat. Sia),David Guetta,Electropop Hits,0.604,0.787,0,-3.674,0,0.103,0.0679,0.127,0.301,126.062,dance pop|edm|pop|pop dance|tropical house,True,train
11KJSRSgaDxqydKYiD2Jew,Too Good,Drake,Electropop Hits,0.804,0.648,7,-7.805,1,0.117,0.0573,0.102,0.392,117.983,canadian hip hop|canadian pop|hip hop|pop rap|rap|toronto rap,True,train
0Vh3WTuakZ6SSwmZqyLqGO,Trumpets (feat. Sean Paul),Sak Noel,Electropop Hits,0.555,0.746,9,-4.473,1,0.298,0.00279,0.0418,0.368,199.767,,False,train
5UJshy5HDHdNEVqlJwzsQB,Versace On The Floor (Bruno Mars vs. David Guetta),Bruno Mars,Electropop Hits,0.747,0.701,2,-4.902,1,0.0429,0.108,0.0712,0.589,100.012,dance pop|pop,True,train
3Eid8tDXUjwPDXgWqKR26D,Voodoo Song - Radio Edit,Willy William,Electropop Hits,0.614,0.722,11,-3.769,0,0.219,0.0544,0.139,0.26,103.885,francoton,True,train
1Qg9jWGDkKAGZXj5v2OG59,Wait,Maroon 5,Electropop Hits,0.659,0.604,8,-5.084,1,0.0542,0.0889,0.105,0.407,126.135,pop|pop rock,True,train
6g1NlCpW7fgqDnWbCCDrHl,Wake Me Up - Radio Edit,Avicii,Electropop Hits,0.532,0.783,2,-5.697,1,0.0523,0.0038,0.161,0.643,124.08,big room|dance pop|edm|pop|pop dance,True,test
4mxWSdf71VFO52qFeY0fZt,What Lovers Do (feat. SZA),Maroon 5,Electropop Hits,0.795,0.608,5,-5.222,0,0.0694,0.0767,0.0853,0.386,110.001,pop|pop rock,True,test
4IWAyPf1KMq7JCyGeCjTeH,Whatever It Takes,Imagine Dragons,Electropop Hits,0.675,0.649,1,-4.953,1,0.0315,0.0429,0.128,0.537,134.955,modern rock|pop|rock,True,test
66hayvUbTotekKU3H4ta1f,Where Are Ü Now (with Justin Bieber),Jack Ü,Electropop Hits,0.432,0.781,4,-4.038,0,0.0567,0.041,0.0789,0.197,139.432,edm|electro house|pop dance,True,train
1NpW5kyvO4XrNJ3rnfcNy3,Wild Ones (feat. Sia),Flo Rida,Electropop Hits,0.608,0.86,5,-5.324,0,0.0554,0.0991,0.262,0.437,127.075,dance pop|miami hip hop|pop|pop dance|pop rap,True,train
4tCtwWceOPWzenK2HAIJSb,Work from Home (feat. Ty Dolla $ign),Fifth Harmony,Electropop Hits,0.803,0.585,8,-5.861,1,0.0432,0.103,0.0644,0.593,105.017,dance pop|girl group|pop|pop dance|post-teen pop|talent show,True,train
3N03MS9KHbonPzDQAZ5kfM,You Don't Want Love,Heikki L,Electropop Hits,0.51,0.891,7,-4.995,1,0.0451,0.0239,0.0989,0.408,128.006,,False,train
1sNSG13fsK6KPKKNIQXXrh,You Know You Like It,DJ Snake,Electropop Hits,0.407,0.725,5,-5.346,0,0.188,0.0141,0.306,0.247,196.093,dance pop|edm|electro house|electronic trap|pop|pop dance|pop rap,True,train
4G2WtXPgkDl0dnwzoBbBSj,4:20 PM,Bluedoom,Jazz Vibes,0.771,0.322,6,-12.924,1,0.258,0.947,0.293,0.751,79.997,lo-fi beats,True,train
7tzVMfgxbeMoxpBPz4EKoK,A Moment to Bill It - Beat Edit,Summers Sons,Jazz Vibes,0.733,0.244,11,-10.458,1,0.0636,0.538,0.58,0.346,90.53,,False,train
0w7HY9VhJF5KHPqhOyY6Sg,Aspen,Nokiaa,Jazz Vibes,0.828,0.412,8,-14.672,0,0.128,0.0844,0.126,0.19,110.054,,False,train
6LoeOsb4PfpP0ph9iMsvUf,Atrebor,Flughand,Jazz Vibes,0.798,0.503,5,-7.103,1,0.0541,0.587,0.114,0.537,82.099,chillhop|jazz boom bap|lo-fi beats,True,train
0o7YSyPeTwuZXi4rn7NDlB,Ballads for Backgrounds,Konteks,Jazz Vibes,0.764,0.38,11,-14.212,1,0.369,0.753,0.119,0.634,172.112,,False,train
74D5pms3OKB8xEem6KwLdY,Belém,DAO,Jazz Vibes,0.77,0.67,11,-10.602,0,0.0762,0.139,0.101,0.304,99.96,,False,train
5C4sp6JprCFTO9ZQcg4qXs,By,HNNY,Jazz Vibes,0.679,0.427,2,-11.273,0,0.0753,0.621,0.102,0.301,168.103,deep house|electronica|float house|indie jazz|indie soul|soul|swedish electronic|swedish house|swedish synthpop,True,test
4ZTVECvBdO9XU4tNhQcgQ0,Cheeky Steve,Mr Mantega,Jazz Vibes,0.793,0.653,8,-8.52,1,0.191,0.396,0.0881,0.476,160.05,,False,test
4QwB3OnOhUGuS8kDBEcYb5,Chrome,7apes,Jazz Vibes,0.726,0.334,10,-12.843,0,0.186,0.61,0.364,0.676,82.066,,False,train
14kpqRxMt2iAvNvMEoGJws,City Samba,Konteks,Jazz Vibes,0.409,0.412,6,-12.822,1,0.0372,0.285,0.127,0.41,88.009,,False,train
1YG7HsQ6msnV0z2FDTptnf,City Stroll,Otis Ubaka,Jazz Vibes,0.755,0.453,6,-7.334,1,0.156,0.41,0.206,0.236,86.06,,False,train
3aNsRsxKJWI7QdKEbav4e4,Clouds,SamuW,Jazz Vibes,0.754,0.299,9,-16.236,0,0.052,0.579,0.0475,0.897,143.862,,False,train
4mEyUJn4hgJCz75UWv3YTz,Cordite In The Air,mädmäx,Jazz Vibes,0.682,0.147,1,-15.461,0,0.311,0.283,0.133,0.296,85.038,,False,train
7ALj2jRLBUaWXnW89GlAbz,December - Chillaxed,The Breed,Jazz Vibes,0.702,0.439,1,-15.213,1,0.039,0.0123,0.0702,0.651,140.032,,False,train
6oW0uYJZAR5RjOWBr9onVj,Devoted Passion,Figub Brazlevic,Jazz Vibes,0.683,0.754,10,-6.466,1,0.0576,0.43,0.0932,0.646,83.016,,False,train
2APhx63Q8xpqlQ1lkomqTO,Earth,Beaumont,Jazz Vibes,0.78,0.336,7,-13.902,0,0.173,0.714,0.128,0.94,140.118,disney|movie tunes,True,train
1p5jbuZMzTZUXOlmI8VRIl,Ensnared,Melodiesinfonie,Jazz Vibes,0.547,0.376,5,-9.531,0,0.0412,0.813,0.155,0.466,140.674,,False,test
1pqkpQx65J0uwl5PbnUDuJ,Fantasia,El Jazzy Chavo,Jazz Vibes,0.665,0.502,6,-8.868,0,0.0339,0.0138,0.158,0.286,86.971,,False,train
6VCeEqyExn5hfV1dBsGDIm,Fave Thing,Funky Notes,Jazz Vibes,0.52,0.403,4,-13.17,0,0.274,0.212,0.139,0.233,169.471,,False,train
5xYK03nHMZgAfYZnA9NJRH,Fire to Hire,Mr Mantega,Jazz Vibes,0.715,0.489,7,-9.569,0,0.0454,0.619,0.153,0.937,144.043,,False,test
2jT4R7AMB7SrA4hXOkylYo,Flashlight,Made in M,Jazz Vibes,0.728,0.115,8,-13.056,0,0.324,0.827,0.0875,0.7,148.204,atl hip hop|hip hop|melodic rap|pop rap|rap|southern hip hop|trap|underground hip hop|vapor trap,True,test
5g3lpA0rVxdt4EtNwJQBQw,Focus,Phlocalyst,Jazz Vibes,0.502,0.15,3,-20.066,1,0.0364,0.72,0.109,0.0661,79.978,,False,test
6crAYI7gZzmGHtKINtuUn7,For Sale,Mr. Collage,Jazz Vibes,0.769,0.658,11,-9.37,1,0.0906,0.201,0.086,0.686,77.547,,False,train
6ekeactpFOI9b9NzwWDDb9,Forward Backward,Max Keeble,Jazz Vibes,0.717,0.472,9,-11.145,0,0.0467,0.787,0.29,0.786,79.982,,False,train
5whd3bsCbU8yuQGfFY3w7U,Friendly Candy,Burrito Brown,Jazz Vibes,0.565,0.673,11,-6.503,1,0.0377,0.481,0.103,0.0461,89.005,,False,train
0RVzAEJdh4VsuRIkLqmo7t,Good Morning,Green Assassin Dollar,Jazz Vibes,0.751,0.425,7,-8.947,1,0.0466,0.894,0.0976,0.778,75.128,,False,train
3q2zODlw1n3be81eW3SHcv,Grounds,DLJ,Jazz Vibes,0.471,0.342,11,-12.588,0,0.371,0.822,0.224,0.406,174.746,,False,test
06s7XknCVIqABJY8cGMol5,Haven,Finesse,Jazz Vibes,0.687,0.188,4,-12.43,1,0.0681,0.687,0.0931,0.908,168.051,,False,train
4Chy83oRs3pToekNNpvTU6,Her,DAO,Jazz Vibes,0.737,0.723,1,-9.483,0,0.0673,0.104,0.0979,0.334,89.967,,False,train
4q9OiG2pXGdP7xmcRRNFMt,High as Fuck,Thelonious Coltrane,Jazz Vibes,0.72,0.332,7,-14.059,1,0.144,0.19,0.113,0.651,84.035,,False,test
2Fs5uaRcKRwmAth4u5LzaZ,Hokusai,Cap Kendricks,Jazz Vibes,0.64,0.553,6,-10.941,0,0.0304,0.0616,0.115,0.485,129.98,,False,train
07PnRpdo0I4sEKahf0Os8l,Homesick,Kazam,Jazz Vibes,0.402,0.366,2,-12.369,1,0.0503,0.828,0.34,0.329,75.863,,False,train
1tzHOvF8X9Hw9p1xRM6xCt,Hydro,Cap Kendricks,Jazz Vibes,0.8,0.434,5,-9.729,0,0.131,0.156,0.544,0.736,86.143,,False,test
2FygRDP2PuxcvWGGyf3nao,In My Head,DAO,Jazz Vibes,0.826,0.409,11,-10.69,0,0.113,0.766,0.101,0.469,135.987,,False,train
0yNzLGveSqD6jdj0sVVkrb,It Felt Wrong,Jr. Wellness,Jazz Vibes,0.782,0.44,9,-9.892,0,0.0564,0.797,0.401,0.0995,94.002,,False,train
19K24V0kGvNLFYCR8jMs88,It's Ok,Pandrezz,Jazz Vibes,0.702,0.277,7,-11.708,1,0.0466,0.835,0.121,0.065,87.0,lo-fi beats,True,train
7mpdWGRFeoww1AR1qz0T5v,Japanese Garden,Katashi Kaitō,Jazz Vibes,0.549,0.328,1,-8.047,1,0.259,0.563,0.127,0.384,136.344,,False,train
0DvqAXyoA7zRB8wgH0DjRO,Ji-Eun's Sunset,City Girl,Jazz Vibes,0.931,0.517,4,-8.476,1,0.105,0.0923,0.114,0.171,118.021,pop|scam rap|trap queen,True,test
4aytB0kODhqRLnJwdJqUmW,Karru,FloFilz,Jazz Vibes,0.764,0.438,10,-8.76,0,0.0614,0.241,0.106,0.951,173.968,,False,train
4JZIQzEuPvnGj68SHC9PSe,Kopi Luwak,Shuko,Jazz Vibes,0.644,0.388,8,-9.828,0,0.0572,0.413,0.0899,0.353,83.031,,False,train
6BwCkzxd3h6eA5xqOUZzUY,Leaves covered by snow,No Spirit,Jazz Vibes,0.473,0.318,8,-13.997,1,0.0341,0.679,0.0844,0.113,89.992,,False,train
1MmD2ICUPPyGxGDVypctcF,Leaving,High John,Jazz Vibes,0.432,0.293,10,-10.994,0,0.0662,0.885,0.107,0.468,111.598,,False,train
20k7dNVQhMqPEYlOwFrmC6,Moonlight Bossa,Jazzinuf,Jazz Vibes,0.532,0.942,8,-5.425,0,0.0965,0.166,0.218,0.599,179.825,,False,train
2DHHKsZ1ejniF4qGlGNz3z,Motel Hours,Kid Tarô,Jazz Vibes,0.66,0.317,8,-9.809,1,0.0686,0.651,0.118,0.291,166.093,,False,train
4KIhtAJo1zQmT7CiztTsKI,Méditerranée,Figub Brazlevic,Jazz Vibes,0.659,0.486,11,-7.645,0,0.0486,0.134,0.154,0.234,172.095,,False,train
0FouIjnjH3ygThiuPuBatM,Nacada Drive,Testiculo y Uno,Jazz Vibes,0.683,0.839,10,-9.979,0,0.129,0.0526,0.951,0.631,93.915,,False,train
5fwLp5qIOxEtM7BzP5Mj12,Neighbors,Don Philippe,Jazz Vibes,0.747,0.0986,5,-17.918,0,0.11,0.321,0.104,0.711,144.95,,False,train
37WThuwPuTsonUbRbeGZXz,Night Train,Koralle,Jazz Vibes,0.647,0.435,0,-8.933,0,0.0422,0.0884,0.233,0.72,90.02,,False,test
1Mlr2Los4l7nUxu6gSZMLN,Nobodys Daddy Part 2,Nobodys Face,Jazz Vibes,0.795,0.414,4,-10.718,0,0.0867,0.813,0.373,0.657,138.013,,False,train
5Use6EepmS9Z7wAUPy3Kp4,On My Mind,Juan Rios,Jazz Vibes,0.541,0.277,10,-10.522,0,0.0324,0.869,0.722,0.655,168.295,,False,train
5CFUgwifmVBL4lrIVP2rp7,Perspective,Oatmello,Jazz Vibes,0.573,0.512,0,-9.696,1,0.0415,0.29,0.102,0.278,152.06,,False,test
7gcVX05HnwUIHev1pkh0ne,Quicky,Fractite,Jazz Vibes,0.74,0.123,8,-10.878,0,0.0734,0.00163,0.0827,0.205,90.988,,False,train
52IWmLOUfIW2a8dHnMW0Gt,Quiet Mornings,Mr. Käfer,Jazz Vibes,0.527,0.161,4,-12.223,0,0.0727,0.845,0.0973,0.291,162.117,,False,train
1xHXZxN2boq8o6ohlAlB1O,Raw Quartet,Cookin Soul,Jazz Vibes,0.661,0.47,7,-5.195,1,0.0917,0.163,0.192,0.339,84.024,,False,test
7sTVsEhtLy217gr6739xF4,Ready to Diet,Kevoe West,Jazz Vibes,0.602,0.437,1,-10.426,1,0.0281,2.22e-06,0.351,0.298,90.039,,False,train
76RXCXdZaVZ9LHbmBypZnM,Rio Roadtrippin',Ozoyo,Jazz Vibes,0.721,0.769,6,-8.095,0,0.165,0.134,0.166,0.832,78.99,,False,train
0vTJP35J4M1PY9iAA8UmbV,Sao Paulo Sunset,Saib,Jazz Vibes,0.693,0.918,7,-8.307,1,0.088,0.323,0.392,0.757,176.15,chillhop|japanese chillhop|lo-fi beats,True,train
3nuSxBQUTn7nidezkdcBf4,Sizedrum,Leyze,Jazz Vibes,0.784,0.196,9,-9.913,0,0.536,0.879,0.115,0.641,180.052,,False,train
2VZ2N0hfF1XQIPEhot4BXq,Smile Again,Green Assassin Dollar,Jazz Vibes,0.753,0.443,8,-9.697,1,0.448,0.948,0.313,0.73,83.047,,False,test
2lR4W7VFKuLeeFwhIqzDk7,Smoke One,Marcos Caixa,Jazz Vibes,0.64,0.427,5,-6.515,0,0.0972,0.0862,0.219,0.796,86.134,,False,train
4qv0hnIWqV1k1AksEY52RP,Sofa Stories,Moods,Jazz Vibes,0.554,0.418,0,-12.004,1,0.298,0.475,0.11,0.171,84.001,,False,train
3o9rQJLHEq9mNQIOD4VF3C,Soulstice,Freddie Joachim,Jazz Vibes,0.743,0.452,2,-5.638,1,0.131,0.487,0.111,0.395,80.049,ambeat|chillhop|jazz boom bap,True,train
0T3MQGkFdP9FxUJ4bRO3VH,Stranger,Phlocalyst,Jazz Vibes,0.526,0.136,8,-18.452,1,0.0767,0.112,0.111,0.395,174.006,,False,train
7ueIVxEgrDYvlt0slBFchE,Sunflower,Edward Sizzerhand,Jazz Vibes,0.874,0.402,2,-10.894,1,0.34,0.0954,0.124,0.718,89.053,,False,train
2VhbfT4qyB4KFhVEDplXxX,Sunset Blvd,7apes,Jazz Vibes,0.846,0.472,6,-9.833,0,0.0402,0.031,0.0941,0.533,132.043,,False,train
2sLO22lacNt7fQguWaBKRo,Swordfighter,Andrew Applepie,Jazz Vibes,0.565,0.427,10,-12.27,0,0.0454,0.745,0.0989,0.49,139.813,,False,train
3QEWSE2yXJN85Q66gxY64O,Takeoff,High John,Jazz Vibes,0.492,0.314,7,-14.961,1,0.281,0.947,0.208,0.196,83.852,,False,test
1nNSbg1oXFH5AxyI1WRxkF,The Jam,Tru Comers,Jazz Vibes,0.69,0.427,11,-8.114,0,0.0817,0.0868,0.116,0.183,77.713,,False,train
0J9C432nUkMtgKiHQrVF1L,Think for Yourself,Moonspatz,Jazz Vibes,0.685,0.807,3,-7.691,0,0.17,0.354,0.137,0.56,85.007,,False,train
0QtbbFtPyH8VNE5fxQ8yBn,Treflip FS Blunt,Figub Brazlevic,Jazz Vibes,0.663,0.665,1,-5.582,1,0.0364,0.0412,0.0975,0.778,89.003,,False,train
63hM1i4OCu2axm2JwbQQXF,Triple Double,LESKY,Jazz Vibes,0.73,0.219,5,-15.187,0,0.0515,0.0814,0.106,0.287,91.007,,False,train
6B6QA7QrMPio472SsQjQnh,Vaca,Wun Two,Jazz Vibes,0.75,0.338,4,-9.036,1,0.0497,0.119,0.146,0.684,142.069,chillhop|lo-fi beats,True,train
5VmL8CrjM82tIGWwum8Cbo,Venice,Gyvus,Jazz Vibes,0.881,0.561,8,-7.351,1,0.139,0.333,0.148,0.801,95.011,,False,train
6vhSIjj1M9HU9OnOi8sdqX,Verbania,Wun Two,Jazz Vibes,0.61,0.341,7,-11.056,1,0.0499,0.179,0.113,0.69,146.005,chillhop|lo-fi beats,True,train
4d4IrFVJFASjI1QC0zDKuv,Verdi,Wun Two,Jazz Vibes,0.914,0.465,5,-14.578,0,0.0626,0.0828,0.0988,0.442,112.143,chillhop|lo-fi beats,True,train
6xZWNYuoNPDOJnH8ez4Ydc,Vibin' Out,Ruck P,Jazz Vibes,0.652,0.42,9,-11.728,0,0.034,0.0243,0.0953,0.366,93.984,,False,test
5vCMqXWUY0gQffbbX1z2eK,Visit By Cap Kendricks,Funky Notes,Jazz Vibes,0.525,0.729,6,-5.085,0,0.328,0.339,0.538,0.842,81.634,,False,train
14gE9N9Hx3WyLL1U3CnizM,Waking Dreams,damaa.beats,Jazz Vibes,0.716,0.236,11,-10.73,0,0.0579,0.741,0.145,0.541,79.983,,False,train
0eOOTL9t2P448umBMf8vcS,Wasabi Terraces,Testiculo y Uno,Jazz Vibes,0.808,0.245,2,-11.114,1,0.0519,0.177,0.706,0.583,87.213,,False,train
2cuKRkBOFSeM7ZLCPC3gFt,Waterfloat,Green Assassin Dollar,Jazz Vibes,0.78,0.214,5,-9.443,0,0.161,0.818,0.126,0.624,86.111,,False,train
6sCNSFRrvhVlLGWJTvTvbm,Whales,Cap Kendricks,Jazz Vibes,0.449,0.325,5,-8.762,0,0.0336,0.808,0.518,0.0575,82.788,,False,train
24LlCzV5XHVGSvIUa9Ke2G,What Might Have Been,Robot Orchestra,Jazz Vibes,0.526,0.505,1,-9.201,1,0.112,0.729,0.106,0.17,76.868,,False,test
0QiMXPWqr4HkJICdUxAwCw,Winter In Lofi Land,Katashi Kaitō,Jazz Vibes,0.778,0.657,7,-5.02,1,0.037,0.172,0.126,0.555,82.988,,False,train
3xhbFPgrYiWY7Oz3qovZuj,autumn daze,charlie toØ human,Jazz Vibes,0.833,0.336,5,-9.683,1,0.0973,0.827,0.125,0.61,38.985,,False,train
1sL9EukureVOZOrx69SiWB,ballin,Knowsum,Jazz Vibes,0.614,0.382,9,-11.951,0,0.0366,0.485,0.101,0.568,83.114,,False,train
51mcuqQpPcsMRZ5KW0A0In,cherry,Tom Doolie,Jazz Vibes,0.59,0.427,4,-10.999,0,0.186,0.476,0.352,0.343,118.925,,False,test
708BmbNyEFsWl0PQXWHknO,cielo,n o r m a l,Jazz Vibes,0.613,0.317,1,-10.621,1,0.101,0.747,0.133,0.553,79.98,,False,train
4fypvLcaDU7pdHJ5xlRFPV,grass,MF Eistee,Jazz Vibes,0.804,0.372,11,-10.453,0,0.243,0.495,0.0944,0.591,166.115,,False,train
34SsCsOInrOqdkbjaoJWzn,linus,lōland,Jazz Vibes,0.752,0.461,7,-9.808,0,0.0841,0.311,0.116,0.506,160.152,,False,train
5Y4nAJYenoA15vWtRJllMP,meditate minds,digitalluc,Jazz Vibes,0.56,0.364,9,-9.338,0,0.0959,0.377,0.0869,0.408,68.457,,False,train
2NEjPjHPuTjUqQ8MoIWi0Z,no stress,Oilix,Jazz Vibes,0.611,0.702,0,-6.944,1,0.0366,0.145,0.424,0.734,89.999,,False,train
4rFCytpPDYKLzDJ5f5hFsJ,reconsider,Jost Esser,Jazz Vibes,0.746,0.197,2,-11.177,1,0.0548,0.792,0.0893,0.668,76.989,,False,train
0nBaWCfOOitktygBKunrEi,repeat,Loop Schrauber,Jazz Vibes,0.804,0.224,1,-13.084,0,0.425,0.788,0.103,0.904,174.154,,False,train
6cx8ChG8jGa5Qc91PIO2yF,rhythmuss sein,Knowsum,Jazz Vibes,0.728,0.415,10,-10.938,0,0.0565,0.951,0.103,0.349,84.082,,False,train
0cZcOtDqLaavK7LowhTBsa,sunny,j'san,Jazz Vibes,0.811,0.429,0,-11.503,1,0.0789,0.468,0.109,0.646,138.027,,False,train
7gPjBaQ0ezSHIAVlYTk9ad,sunset cruise,Slowheal,Jazz Vibes,0.646,0.538,5,-8.997,1,0.0639,0.817,0.0811,0.24,90.022,,False,train
5qCr1Rq9otIdSC2WyAJ1fH,taiyō,lōland,Jazz Vibes,0.468,0.519,0,-6.48,1,0.0843,0.81,0.279,0.187,87.692,,False,test
2lN0R35eOsdqBnFaQ5k0rM,take me there,potsu,Jazz Vibes,0.692,0.448,0,-13.417,1,0.0286,0.772,0.347,0.533,102.013,japanese chillhop|lo-fi beats,True,train
4ZngBJlBDwEwl3Fv2Hy6QQ,tilda,keko.the.dog,Jazz Vibes,0.675,0.472,1,-10.885,1,0.0577,0.656,0.0838,0.615,170.009,,False,test
4T2mW6Ie4bg7KD1yV6aMdb,vybes,Loop Schrauber,Jazz Vibes,0.775,0.0674,7,-13.869,1,0.273,0.478,0.113,0.784,88.969,,False,train
2nejvFyJeTDtMRP2nUMt0J,Abrázame Muy Fuerte,Juan Gabriel,Latin Pop Classics,0.515,0.387,4,-7.343,0,0.0567,0.689,0.126,0.312,135.739,cancion melodica|latin|latin pop|mariachi|ranchera|regional mexican,True,train
1uKjQoh8JZj9ryuYRhpd7E,Ahora Te Puedes Marchar,Luis Miguel,Latin Pop Classics,0.78,0.877,6,-3.683,0,0.0427,0.148,0.0627,0.909,133.263,bolero|latin|latin pop,True,train
1wJneaMg40pI9qxGXPxG9X,Amante Bandido,Miguel Bosé,Latin Pop Classics,0.751,0.71,2,-8.026,1,0.0299,0.0413,0.0827,0.726,130.797,latin|latin pop|mexican pop|rock en espanol|spanish pop,True,train
73MuQb9jIoryiOig4hDQhT,Amiga mía,Alejandro Sanz,Latin Pop Classics,0.629,0.703,2,-4.875,1,0.0504,0.519,0.11,0.402,144.016,cantautor|latin|latin arena pop|latin pop|mexican pop|rock en espanol|spanish pop,True,train
2uYFvcf7n81AiguTVe4bSo,Amor,Cristian Castro,Latin Pop Classics,0.643,0.713,11,-11.298,1,0.0345,0.33,0.0786,0.741,128.135,latin|latin arena pop|latin pop,True,test
2FeYK41Grs7KdR9Nqoy1MK,Amores extraños - Versión 2001,Laura Pausini,Latin Pop Classics,0.541,0.387,0,-7.334,1,0.031,0.618,0.0716,0.273,78.003,europop|italian adult pop|latin|latin arena pop|latin pop|mexican pop|spanish pop,True,test
6pHCJmx9FXnMwEqB0LWUEH,Azul,Cristian Castro,Latin Pop Classics,0.653,0.858,10,-4.646,0,0.0307,0.0235,0.11,0.583,127.981,latin|latin arena pop|latin pop,True,train
4i6PCo9JMAnIqzUZrTirCP,Azúcar Amargo,Fey,Latin Pop Classics,0.681,0.939,7,-4.232,1,0.0304,0.0786,0.0534,0.69,130.073,dance pop|indietronica|latin|latin pop|mexican pop|rock en espanol,True,test
5QSYWruQQ7kBCHScI4xJ9g,Bajo El Agua,Manuel Medrano,Latin Pop Classics,0.616,0.454,4,-8.504,1,0.0273,0.767,0.105,0.249,99.998,colombian pop|latin|latin pop|reggaeton,True,train
2JBs412fpVUuzIaIp3CyIs,Bendita Tu Luz,Maná,Latin Pop Classics,0.791,0.782,7,-4.973,1,0.0289,0.143,0.107,0.635,115.992,latin|latin arena pop|latin pop|latin rock|mexican pop|mexican rock|rock en espanol,True,train
4XTMj7kd8DHLl0r7ghmEAr,Caraluna,Bacilos,Latin Pop Classics,0.76,0.773,9,-5.314,1,0.0675,0.176,0.1,0.895,102.789,colombian pop|latin|latin pop|pop|rock en espanol,True,train
7jxHeJLVpnP7S08JFF4GBi,"Ciega, Sordomuda",Shakira,Latin Pop Classics,0.746,0.876,1,-6.042,1,0.0345,0.0438,0.112,0.928,119.97,colombian pop|dance pop|latin|latin pop|pop,True,train
3UI9I3e1g1y5T3SMfdgfGO,Colgando en tus manos (con Marta Sánchez),Carlos Baute,Latin Pop Classics,0.836,0.637,6,-4.803,1,0.0367,0.535,0.129,0.875,120.025,latin|latin pop|spanish pop|tropical,True,train
7deJdnhCWumMOBJtXeIVyN,Como Me Duele Perderte,Gloria Estefan,Latin Pop Classics,0.765,0.459,6,-10.173,1,0.0319,0.476,0.171,0.763,139.908,dance pop|latin|latin pop|new wave pop|pop|soft rock,True,train
3pz19CAY4yX7FSnTWDu3La,Completamente Enamorados,Chayanne,Latin Pop Classics,0.565,0.505,10,-13.336,1,0.0291,0.425,0.0772,0.4,137.112,latin|latin pop|puerto rican pop|tropical,True,test
5UPd6Gyj4aoaTUTlpWSak5,Con los Años Que Me Quedan,Gloria Estefan,Latin Pop Classics,0.552,0.303,2,-10.579,1,0.0429,0.772,0.119,0.336,85.921,dance pop|latin|latin pop|new wave pop|pop|soft rock,True,train
3ljr9ATeLs2BY9gNp7vm62,Corazón En La Maleta,Luis Fonsi,Latin Pop Classics,0.642,0.639,9,-5.134,1,0.0529,0.027,0.0871,0.874,165.977,latin|latin pop|puerto rican pop|tropical,True,train
0wQCKR9OFjYu5Kzrk7WivJ,Corazón partío,Alejandro Sanz,Latin Pop Classics,0.648,0.846,0,-6.731,1,0.0424,0.199,0.0803,0.815,160.075,cantautor|latin|latin arena pop|latin pop|mexican pop|rock en espanol|spanish pop,True,train
0FHNqVPxu14WivXR4Y2hFr,Creo en Ti,Reik,Latin Pop Classics,0.584,0.268,3,-9.54,1,0.0258,0.857,0.142,0.441,85.949,latin|latin arena pop|latin pop|mexican pop,True,train
79gkHjNTSyGPXEyGkNQ8zH,Cuando Me Enamoro,Enrique Iglesias,Latin Pop Classics,0.821,0.819,1,-3.627,1,0.0272,0.0104,0.145,0.893,126.03,dance pop|latin|latin pop|mexican pop|pop|tropical,True,train
7BwxbmYFy0l3ROHDjV2c14,Culpable O No - Miénteme Como Siempre,Luis Miguel,Latin Pop Classics,0.54,0.367,0,-14.238,1,0.0277,0.0367,0.0433,0.252,70.276,bolero|latin|latin pop,True,train
1pWYnQIlqxTh5bxuPmTG4E,Desde Esa Noche,Thalía,Latin Pop Classics,0.78,0.929,11,-0.739,0,0.0532,0.171,0.0677,0.837,95.012,,False,test
2odG3qNFQ2qzMQL3pXdK5h,Desnuda,Ricardo Arjona,Latin Pop Classics,0.678,0.673,7,-6.531,1,0.0283,0.689,0.127,0.349,135.608,cantautor|latin|latin arena pop|latin pop|rock en espanol|tropical,True,train
6IGvaQ4aFBjy66TdUurIiA,Donde Estas Corazon,Shakira,Latin Pop Classics,0.743,0.78,7,-9.212,1,0.0722,0.0635,0.126,0.597,109.044,colombian pop|dance pop|latin|latin pop|pop,True,train
1iRvhKiXRElIH2Uf4gd95P,Dueles,Jesse & Joy,Latin Pop Classics,0.531,0.834,2,-3.944,1,0.052,0.277,0.131,0.526,142.026,latin|latin arena pop|latin pop|mexican pop|pop,True,train
2ov4mApsCl1vXLLZvjhxHW,Dígale,David Bisbal,Latin Pop Classics,0.574,0.479,2,-6.684,1,0.0297,0.592,0.156,0.303,129.993,latin|latin arena pop|latin pop|spanish pop|spanish pop rock|tropical,True,train
0CjaLvAqN97KPVWgOJ1vbD,Dónde está el amor (feat. Jesse & Joy),Pablo Alborán,Latin Pop Classics,0.597,0.848,4,-5.458,1,0.0406,0.173,0.373,0.324,139.876,latin|latin arena pop|latin pop|spanish pop,True,train
1npDfdIgKSiOwtDJJqgeBw,El Sol No Regresa,La Quinta Estacion,Latin Pop Classics,0.615,0.88,3,-4.057,1,0.0352,0.0399,0.373,0.697,127.878,latin|latin arena pop|latin pop|pop|rock en espanol|spanish pop|spanish pop rock,True,train
0mvocLIWUnT10znvIXwHGr,En El Muelle De San Blas,Maná,Latin Pop Classics,0.64,0.693,2,-5.735,1,0.0235,0.113,0.0978,0.698,97.159,latin|latin arena pop|latin pop|latin rock|mexican pop|mexican rock|rock en espanol,True,train
3b1IQflSLrgzYQPGFzI9cl,Es Por Tí,Juanes,Latin Pop Classics,0.696,0.758,4,-6.076,1,0.0264,0.17,0.189,0.859,129.943,colombian pop|latin|latin pop|mexican pop|pop|rock en espanol|tropical,True,train
3OIoy3TNU7CL5PTaHOGmbR,Espacio sideral,Jesse & Joy,Latin Pop Classics,0.605,0.48,0,-6.356,1,0.0285,0.00576,0.143,0.811,90.022,latin|latin arena pop|latin pop|mexican pop|pop,True,train
4M1lEbqPzlEw1JYWB6aE7K,Estoy Aquí,Shakira,Latin Pop Classics,0.732,0.814,2,-7.716,1,0.0402,0.0307,0.0691,0.782,116.973,colombian pop|dance pop|latin|latin pop|pop,True,train
0WZqP2WahJbKURqUK3fBPk,Eternamente Bella,Alejandra Guzman,Latin Pop Classics,0.748,0.832,0,-7.526,1,0.0272,0.167,0.26,0.969,114.119,latin|latin arena pop|latin pop|mexican pop|rock en espanol,True,train
0dReCfBuhZmrqMv4WBc8od,Experiencia Religiosa,Enrique Iglesias,Latin Pop Classics,0.64,0.691,0,-5.824,1,0.0302,0.631,0.0521,0.452,111.991,dance pop|latin|latin pop|mexican pop|pop|tropical,True,train
0dEPlb8waIqRtKpLb3l6So,Fotografía,Juanes,Latin Pop Classics,0.486,0.715,7,-4.417,1,0.0519,0.292,0.195,0.637,84.092,colombian pop|latin|latin pop|mexican pop|pop|rock en espanol|tropical,True,train
2J4qy8RyfwgXHt73cWOE6P,Fría Como El Viento,Luis Miguel,Latin Pop Classics,0.559,0.429,0,-13.995,0,0.0289,0.269,0.0306,0.3,131.88,bolero|latin|latin pop,True,train
29csiYMOfBmLmGwxmISrMy,Fuiste Tú,Ricardo Arjona,Latin Pop Classics,0.591,0.672,5,-3.515,1,0.0375,0.622,0.112,0.267,139.939,cantautor|latin|latin arena pop|latin pop|rock en espanol|tropical,True,train
1OB7cLxxCWA8gbbfjFNNej,Hacer El Amor Con Otro,Alejandra Guzman,Latin Pop Classics,0.463,0.325,11,-14.762,1,0.0301,0.197,0.0641,0.386,135.728,latin|latin arena pop|latin pop|mexican pop|rock en espanol,True,train
7sZi8RCDaoMw9T0AU0iah4,Hasta Que Te Conocí,Juan Gabriel,Latin Pop Classics,0.33,0.306,2,-10.277,0,0.033,0.756,0.0695,0.189,170.049,cancion melodica|latin|latin pop|mariachi|ranchera|regional mexican,True,train
7lOzUJzsELALh5FQsPKTEn,Humanos a Marte,Chayanne,Latin Pop Classics,0.69,0.902,6,-4.269,0,0.0407,0.112,0.175,0.786,92.988,latin|latin pop|puerto rican pop|tropical,True,train
78dbqYDvx6FOefROApu9w0,Inevitable,Shakira,Latin Pop Classics,0.595,0.461,6,-7.786,1,0.0641,0.269,0.123,0.338,91.976,colombian pop|dance pop|latin|latin pop|pop,True,train
4KwYQPF1MrpItRpb2H6mdT,La Calle De Las Sirenas,Kabah,Latin Pop Classics,0.704,0.915,5,-6.841,1,0.0298,0.0866,0.123,0.769,104.521,dance pop|latin|latin pop|mexican pop|rock en espanol,True,test
6F9yAYUaNbUhdlQyt5uZ3b,La Incondicional,Luis Miguel,Latin Pop Classics,0.374,0.727,10,-4.352,1,0.0309,0.237,0.134,0.283,155.127,bolero|latin|latin pop,True,train
73lcrkJKuPLoMWF0UnecCb,La Vida Entera,Camila,Latin Pop Classics,0.406,0.366,9,-6.222,0,0.0293,0.654,0.0961,0.231,132.619,dance pop|pop|pop dance|post-teen pop,True,train
1xh59KpdEnffd5xM5GpPDj,La fuerza del corazón,Alejandro Sanz,Latin Pop Classics,0.399,0.53,10,-7.176,0,0.0532,0.479,0.0719,0.351,76.827,cantautor|latin|latin arena pop|latin pop|mexican pop|rock en espanol|spanish pop,True,train
75OneVe1xHrgSiVEOiLGxb,La soledad - Versión 2001,Laura Pausini,Latin Pop Classics,0.593,0.349,8,-6.894,1,0.0284,0.722,0.133,0.218,124.046,europop|italian adult pop|latin|latin arena pop|latin pop|mexican pop|spanish pop,True,train
5jbG38paHIeVJc57uXUNYt,Laura no està,Nek,Latin Pop Classics,0.651,0.717,9,-5.201,0,0.0296,0.44,0.13,0.501,125.976,alternative country|anti-folk|canadian indie|canadian singer-songwriter|folk|indie pop|indie rock|lilith|new americana|outlaw country|pop rock|roots rock|stomp and holler|traditional folk,True,test
1ZfTpp1U3oyarjE6BJRWqm,Ley De Newton,Beatriz Luengo,Latin Pop Classics,0.66,0.633,10,-4.284,1,0.0685,0.699,0.0977,0.694,78.007,,False,train
609SDGj0txmlAXRrpwee9Y,Llegaste Tú,Luis Fonsi,Latin Pop Classics,0.768,0.529,1,-6.758,1,0.0405,0.79,0.2,0.517,119.953,latin|latin pop|puerto rican pop|tropical,True,test
0loDvz6U86bm7sAemXpyxu,Lo Mejor de Mi Vida Eres Tú (feat. Natalia Jiménez),Ricky Martin,Latin Pop Classics,0.72,0.803,3,-4.237,1,0.0368,0.555,0.0787,0.805,128.844,dance pop|latin|latin pop|mexican pop|puerto rican pop,True,train
2USyvcBpPjhW0rgiD2R8Bp,Mariposa Traicionera,Maná,Latin Pop Classics,0.773,0.794,5,-4.954,0,0.0326,0.527,0.113,0.907,101.143,latin|latin arena pop|latin pop|latin rock|mexican pop|mexican rock|rock en espanol,True,train
5Ieljx2SJYrQWJFlNcJB1X,Mas De Lo Que Te Imaginas (Classic Version),The Sacados,Latin Pop Classics,0.659,0.843,6,-7.039,1,0.094,0.0586,0.0802,0.745,178.869,,False,test
1HpIBHs03kKCxlrPthWXmL,Me Dediqué a Perderte,Alejandro Fernandez,Latin Pop Classics,0.647,0.451,8,-9.075,1,0.0748,0.487,0.105,0.48,147.847,,False,test
6DT0LvU0a2wI3RN7SQs8P6,Me Enamoré De Ti,David Bisbal,Latin Pop Classics,0.496,0.523,2,-8.111,1,0.0293,0.196,0.0896,0.206,143.955,latin|latin arena pop|latin pop|spanish pop|spanish pop rock|tropical,True,test
3YmA3gZqlXl0MkwhkVKxRy,Mi Verdad (feat. Shakira),Maná,Latin Pop Classics,0.857,0.561,9,-7.288,1,0.0292,0.435,0.0831,0.76,99.989,latin|latin arena pop|latin pop|latin rock|mexican pop|mexican rock|rock en espanol,True,test
5fSDXbY8o9pA3TKwAbfwML,Mi primer millon,Bacilos,Latin Pop Classics,0.745,0.924,5,-3.898,1,0.0355,0.201,0.121,0.909,103.033,colombian pop|latin|latin pop|pop|rock en espanol,True,train
0HF2v0OhCB24qGiHpoSuNv,Mi soledad y yo,Alejandro Sanz,Latin Pop Classics,0.281,0.534,8,-7.045,0,0.0333,0.163,0.12,0.217,78.77,cantautor|latin|latin arena pop|latin pop|mexican pop|rock en espanol|spanish pop,True,train
5EhzE6HJaCcLFrf5rPqvpk,Mientes,Camila,Latin Pop Classics,0.331,0.592,1,-6.127,1,0.0371,0.0824,0.109,0.312,170.436,dance pop|pop|pop dance|post-teen pop,True,test
7hbgCKddEQhCVXHsMdHebN,Mientes Tan Bien,Sin Bandera,Latin Pop Classics,0.616,0.193,7,-15.139,1,0.0338,0.883,0.107,0.486,135.746,latin|latin arena pop|latin pop|mexican pop,True,train
6GCNUmk7L7OWtpvSk0fWOg,Mirala Miralo,Alejandra Guzman,Latin Pop Classics,0.669,0.889,5,-5.472,1,0.0318,0.0046,0.091,0.58,122.102,latin|latin arena pop|latin pop|mexican pop|rock en espanol,True,test
7wNrk2vc0GUUNBFggJzEsI,Mujeres,Ricardo Arjona,Latin Pop Classics,0.761,0.634,2,-9.476,1,0.0371,0.376,0.0452,0.881,106.043,cantautor|latin|latin arena pop|latin pop|rock en espanol|tropical,True,train
5yOKRTCVIWlPQwfbxGbXk5,Nada Fue Un Error,Coti,Latin Pop Classics,0.609,0.888,9,-3.665,1,0.0363,0.103,0.135,0.834,138.506,cumbia pop|latin|latin pop|rock en espanol|spanish pop|spanish pop rock,True,test
7o0kV6oNSTVxcxvbGpUcms,Ni Una Sola Palabra,Paulina Rubio,Latin Pop Classics,0.76,0.826,5,-3.997,0,0.0291,0.0459,0.109,0.619,130.321,dance pop|latin|latin arena pop|latin pop|mexican pop,True,train
4lerOTNr2tFWJCAmmhymhi,No Me Doy Por Vencido,Luis Fonsi,Latin Pop Classics,0.31,0.663,3,-6.075,1,0.101,0.443,0.609,0.407,172.768,latin|latin pop|puerto rican pop|tropical,True,train
2xuke1OBFKsOJbsionFKUk,No Podrás,Cristian Castro,Latin Pop Classics,0.663,0.882,10,-4.627,1,0.0284,0.0182,0.423,0.789,117.717,latin|latin arena pop|latin pop,True,train
5C2piF5AjMt4pCh0sgpeUB,Nunca Voy A Olvidarte,Cristian Castro,Latin Pop Classics,0.541,0.794,3,-7.134,1,0.0591,0.302,0.326,0.615,156.089,latin|latin arena pop|latin pop,True,train
7i38EXhbFJjF5tGvTsJMmx,Otro Día Más Sin Verte,Jon Secada,Latin Pop Classics,0.747,0.67,1,-10.379,1,0.0287,0.0165,0.0499,0.691,105.908,soft rock,True,train
18mmN3VrFWRi6SsSBJf6WJ,Pasos de cero,Pablo Alborán,Latin Pop Classics,0.749,0.637,7,-6.924,1,0.0764,0.308,0.0878,0.798,99.951,latin|latin arena pop|latin pop|spanish pop,True,test
3NkWUspEJzcMcUJKoX1KJa,Pegadito,Tommy Torres,Latin Pop Classics,0.532,0.578,9,-7.638,1,0.0268,0.445,0.0889,0.487,82.994,latin|latin pop|puerto rican pop,True,train
2Lv1EpgTXrZ2gzJfoNGVnw,Piel Morena,Thalía,Latin Pop Classics,0.744,0.816,2,-6.069,0,0.115,0.321,0.0329,0.897,180.788,,False,test
7qDkY9Y9v9eFV53AalBcSd,Por Lo Que Reste de Vida,Thalía,Latin Pop Classics,0.623,0.752,4,-3.818,1,0.0371,0.362,0.125,0.369,129.884,,False,train
3mbQd1v6N7nqX2mcAyCxCU,Provócame,Chayanne,Latin Pop Classics,0.74,0.845,0,-7.786,1,0.04,0.0462,0.318,0.485,119.785,latin|latin pop|puerto rican pop|tropical,True,train
3rtxFFGZ10e2vYBo7PsPf2,Que Lo Nuestro Se Quede Nuestro,Carlos Rivera,Latin Pop Classics,0.464,0.444,4,-8.583,0,0.027,0.488,0.166,0.294,144.092,latin|latin arena pop|latin pop|mexican pop,True,train
3UHfhZ4MZfwfSJDw9DhspX,Querida,Juan Gabriel,Latin Pop Classics,0.354,0.387,2,-10.774,1,0.0316,0.384,0.124,0.467,179.173,cancion melodica|latin|latin pop|mariachi|ranchera|regional mexican,True,train
4ZmAMOU0bcmrwwOvEK8aDT,Quién Diría,Ricardo Arjona,Latin Pop Classics,0.626,0.574,7,-7.73,1,0.03,0.407,0.17,0.272,119.531,cantautor|latin|latin arena pop|latin pop|rock en espanol|tropical,True,train
7iXRsjttPa62GpOcqsx1aE,Qué Gano Olvidándote,Reik,Latin Pop Classics,0.593,0.691,2,-7.638,1,0.0253,0.141,0.114,0.2,99.946,latin|latin arena pop|latin pop|mexican pop,True,train
2H2Tg24kqd1eA3F7BSQFSi,Qué Voy a Hacer Con Mi Amor,Alejandro Fernandez,Latin Pop Classics,0.536,0.457,1,-8.785,1,0.0405,0.38,0.169,0.499,165.693,,False,train
4Ofg5uuH7qqDIXpAJMpXZV,Rayando El Sol,Maná,Latin Pop Classics,0.643,0.809,7,-3.275,1,0.028,0.45,0.154,0.499,112.677,latin|latin arena pop|latin pop|latin rock|mexican pop|mexican rock|rock en espanol,True,train
5UEtsmhfAtUb1KmPGougtO,Recuérdame,Pablo Alborán,Latin Pop Classics,0.512,0.455,0,-6.775,0,0.0332,0.0998,0.151,0.0759,143.149,latin|latin arena pop|latin pop|spanish pop,True,train
7C5l5hLxS4uZX1VJR13ZBT,Si tú no vuelves,Miguel Bosé,Latin Pop Classics,0.74,0.509,6,-6.971,1,0.0332,0.355,0.117,0.133,121.971,latin|latin pop|mexican pop|rock en espanol|spanish pop,True,train
7vd2YXwqxAG2BGuEUoMzGl,Solamente tú,Pablo Alborán,Latin Pop Classics,0.519,0.419,9,-6.276,1,0.033,0.457,0.161,0.266,140.033,latin|latin arena pop|latin pop|spanish pop,True,train
7rN9wxpkoUoZG6hMaLUmFS,Soy Un Desastre,Timbiriche,Latin Pop Classics,0.818,0.968,10,-5.865,1,0.0833,0.272,0.155,0.858,135.726,latin|latin pop|mexican pop|rock en espanol,True,train
4p7XH4NhQ25iGYrrbg93gt,Suave,Luis Miguel,Latin Pop Classics,0.61,0.677,4,-9.813,0,0.0325,0.0614,0.232,0.444,103.946,bolero|latin|latin pop,True,train
5nAiSK9L3OG1v3HEgZmnoz,Te Conozco,Ricardo Arjona,Latin Pop Classics,0.531,0.592,10,-7.134,1,0.0396,0.126,0.585,0.312,150.043,cantautor|latin|latin arena pop|latin pop|rock en espanol|tropical,True,train
6OpHDI8lRiqHLqmUIYUxVr,Te Mando Flores,Fonseca,Latin Pop Classics,0.696,0.848,0,-7.839,1,0.0602,0.214,0.0987,0.898,102.038,colombian pop|latin|latin pop,True,train
1Q8NiatGDc6YgefNwT7Jgu,Te Perdiste Mi Amor (feat. Prince Royce),Thalía,Latin Pop Classics,0.8,0.723,0,-6.404,0,0.0353,0.344,0.0956,0.916,128.017,,False,test
7Ffm26bzVAW0TdLoXYcTmd,Te amaré,Miguel Bosé,Latin Pop Classics,0.342,0.614,3,-7.111,1,0.0309,0.0561,0.103,0.348,149.093,latin|latin pop|mexican pop|rock en espanol|spanish pop,True,train
2d6m2u18196oYQS2mbaO6t,Tiempo De Vals,Chayanne,Latin Pop Classics,0.249,0.238,6,-15.612,1,0.0325,0.804,0.135,0.317,168.233,latin|latin pop|puerto rican pop|tropical,True,train
0N963YYI8p4NTq4I9fR3xW,Tu Pirata Soy Yo,Chayanne,Latin Pop Classics,0.359,0.582,1,-7.128,1,0.0277,0.419,0.122,0.215,97.121,latin|latin pop|puerto rican pop|tropical,True,test
61hJK3EfAd1LDk7x5OrCTc,Tu Recuerdo (feat. La Mari De Chambao & Tommy Torres) - MTV Unplugged Version,Ricky Martin,Latin Pop Classics,0.4,0.82,0,-5.235,0,0.103,0.502,0.712,0.398,83.415,dance pop|latin|latin pop|mexican pop|puerto rican pop,True,train
6ZEVQ2whiJvhjCNAOJ0DC3,Tú,Shakira,Latin Pop Classics,0.567,0.333,0,-8.818,1,0.0258,0.714,0.25,0.208,139.807,colombian pop|dance pop|latin|latin pop|pop,True,train
0bK3jxkbq5cDKWr68KtO8G,Una y Otra Vez,Manuel Medrano,Latin Pop Classics,0.42,0.481,4,-8.284,1,0.027,0.276,0.345,0.376,82.112,colombian pop|latin|latin pop|reggaeton,True,train
3G9RQLOSjsXVUDyQSv2PQR,Vivir Sin Aire,Maná,Latin Pop Classics,0.67,0.528,7,-8.036,1,0.0261,0.105,0.224,0.384,132.31,latin|latin arena pop|latin pop|latin rock|mexican pop|mexican rock|rock en espanol,True,train
2jCKumLNhm0y8DLYRM0XLB,Volverte A Ver,Juanes,Latin Pop Classics,0.611,0.697,6,-4.939,1,0.0302,0.0523,0.179,0.749,85.007,colombian pop|latin|latin pop|mexican pop|pop|rock en espanol|tropical,True,train
6Al0Kpd4VrRZ0Z4kTThNPa,Volví a Nacer,Carlos Vives,Latin Pop Classics,0.588,0.812,5,-4.172,1,0.0429,0.0171,0.111,0.512,97.98,champeta|colombian pop|latin|latin pop|tropical|vallenato,True,train
6nz1ojKuYx5HO7Vh0wmuWp,"Vuela, Vuela (Voyage, Voyage)",Magneto,Latin Pop Classics,0.667,0.777,5,-11.435,0,0.0293,0.000247,0.0602,0.797,124.947,athens indie|latin|latin arena pop|latin pop|mexican pop|rock en espanol,True,train
3OK8WgNRmp4F3ahXe6XX6l,Vuelve,Ricky Martin,Latin Pop Classics,0.537,0.462,6,-7.501,1,0.0289,0.574,0.108,0.356,136.634,dance pop|latin|latin pop|mexican pop|puerto rican pop,True,train
0lPXFrKyl8HkdQ2E6NmNja,Ya Me Enteré,Reik,Latin Pop Classics,0.619,0.452,9,-5.449,1,0.028,0.502,0.122,0.174,131.981,latin|latin arena pop|latin pop|mexican pop,True,test
557FZwD9Npq8DJyWLHf5nl,Yo No Soy Esa Mujer,Paulina Rubio,Latin Pop Classics,0.726,0.906,1,-5.101,0,0.0304,0.131,0.674,0.884,103.987,dance pop|latin|latin arena pop|latin pop|mexican pop,True,train
5kIcrM3QVD4BQPFMszQnU1,¡Corre!,Jesse & Joy,Latin Pop Classics,0.479,0.477,11,-6.886,1,0.0363,0.127,0.15,0.127,151.97,latin|latin arena pop|latin pop|mexican pop|pop,True,train
7EWx4sRu7PQJHAFD1Re9RD,1412,Afluen,Lush Lofi,0.914,0.245,4,-9.504,0,0.411,0.303,0.107,0.648,87.992,,False,train
2V9u4CoNKwP7WV7gJme2LC,4 [bump],[bsd.u],Lush Lofi,0.826,0.391,0,-10.978,1,0.498,0.969,0.114,0.813,79.139,chillhop|japanese chillhop|lo-fi beats|phonk,True,test
3Wc9aWJgP6ST2gKqaPUzq9,97,Bertholet,Lush Lofi,0.645,0.165,3,-19.347,0,0.164,0.223,0.164,0.843,80.367,,False,train
2riiA8hqsPHzi2OYZLRDLC,Air Conditioning,Guustavv,Lush Lofi,0.638,0.231,7,-12.597,1,0.0624,0.984,0.0925,0.229,59.975,,False,train
459tqykAvuDfgPrWT1XsLn,Alignment,Guustavv,Lush Lofi,0.211,0.262,4,-11.892,0,0.0356,0.932,0.207,0.112,78.263,,False,train
0z7QCHOnnIPiilUkEQ0Y1s,Analog,leaf beach,Lush Lofi,0.746,0.371,9,-8.226,0,0.332,0.432,0.0954,0.488,174.256,,False,train
1AQX0rO6nMJnC2u6ORjlOw,Aqua skies,leaf beach,Lush Lofi,0.562,0.377,1,-14.323,1,0.427,0.818,0.116,0.12,72.807,,False,train
1dCJprCdXOvLmK8RQ5jpRL,Bak Pak,Lunchmoney,Lush Lofi,0.711,0.387,10,-14.536,0,0.231,0.937,0.116,0.598,79.027,,False,train
5MzdRLptsrihyrpxtI2hNH,Beginnings,Knowmadic,Lush Lofi,0.612,0.183,6,-15.316,0,0.113,0.788,0.108,0.519,69.987,,False,train
5kJAk6KD2SH3Dz8K3EfIhc,Blue and Green,Harris Cole,Lush Lofi,0.638,0.0389,1,-17.75,1,0.115,0.897,0.0731,0.48,79.888,chillhop|lo-fi beats,True,train
6wkTnl4q7qznX2JG0ZDlkg,Bridges,.Sinh,Lush Lofi,0.644,0.258,7,-20.552,0,0.0534,0.589,0.0807,0.207,166.356,,False,train
66WKuB96Mwmxy9EBiECNp8,Caffè,Tears,Lush Lofi,0.602,0.228,4,-17.87,1,0.0982,0.677,0.331,0.568,73.975,,False,test
69gdXYtXQEX9xNeEto8K0q,Cause,Vhsceral,Lush Lofi,0.679,0.45,0,-10.428,1,0.16,0.748,0.101,0.364,80.075,,False,test
5Im6v7WQdNsp7KNWeKSHTy,Cereal Keef,7apes,Lush Lofi,0.897,0.386,11,-8.304,1,0.093,0.3,0.101,0.79,89.998,,False,train
2fmcciVsc7IEKTFGWZcyB1,Circles,Snaer.,Lush Lofi,0.492,0.336,0,-11.989,0,0.203,0.793,0.104,0.158,75.278,,False,train
2z8V0NF7biKE3oazgX02J9,Cmnd,Dust Collectors,Lush Lofi,0.684,0.361,11,-7.132,0,0.15,0.878,0.108,0.284,85.086,,False,train
37gNKK87AHQpmDmQWWII3Z,Cocktails,Syndrome,Lush Lofi,0.72,0.192,7,-15.78,0,0.038,0.927,0.082,0.631,145.911,,False,train
5QzUEV4NtpM1HNabxklAOl,Crises,organic_kid,Lush Lofi,0.589,0.194,5,-13.551,1,0.0974,0.972,0.0841,0.474,82.123,,False,train
0Ulpm8SoYA6e7ZDdFqzc97,Depiction,Wenzel,Lush Lofi,0.595,0.285,11,-14.36,0,0.0371,0.973,0.146,0.305,130.021,,False,train
1mZxvQwXxNivipBi5IQqGM,Desolate Blur,Jobii,Lush Lofi,0.267,0.321,6,-12.369,1,0.0269,0.883,0.0871,0.0394,77.204,,False,train
6j7fobMzagIA3dIr8bzY0J,Echoes,Dontcry,Lush Lofi,0.667,0.242,5,-17.799,0,0.066,0.497,0.11,0.456,80.116,lo-fi beats,True,train
6F1tpMt4vwHFx5A8aWq5Q2,Evenings,Idealism,Lush Lofi,0.644,0.179,4,-11.329,1,0.0462,0.731,0.0993,0.19,80.999,chillhop|lo-fi beats,True,train
6GpnpvtCFQ21HRk0mqVRw0,Faintly,Shrimpnose,Lush Lofi,0.756,0.291,2,-13.78,1,0.169,0.866,0.116,0.335,75.156,,False,train
5l40B5n4x1U6B7qTaJXPtN,Flava,Manny,Lush Lofi,0.416,0.423,9,-15.069,0,0.248,0.97,0.206,0.41,76.372,,False,train
6IQZ4aWSnWZm8Cohq1kF0M,Floating,wuf,Lush Lofi,0.694,0.124,10,-18.156,0,0.0493,0.594,0.111,0.856,152.098,,False,train
24Ls3YpU0IjeWUM6ws2yaJ,Flunked This Semester,HM Surf,Lush Lofi,0.557,0.246,8,-11.289,1,0.0368,0.486,0.111,0.27,174.063,,False,train
5DyLzEMSAwWWuAVfKhHGLh,Fragile Stevie,Jobii,Lush Lofi,0.662,0.28,7,-18.651,1,0.0726,0.696,0.0955,0.132,120.018,,False,train
3urdAMyf3Q5Dq373k8clrZ,Fresh Air,goosetaf,Lush Lofi,0.337,0.19,1,-17.009,1,0.161,0.929,0.193,0.0674,79.744,,False,train
3TlFxsF7d3hNGgRMUEWxSB,Fuse,Brenky,Lush Lofi,0.667,0.209,10,-13.383,0,0.0501,0.922,0.124,0.664,148.152,,False,test
3O8wVPwskB1ZdoSRiwaAak,Green Tea,chief.,Lush Lofi,0.582,0.223,1,-11.915,0,0.0688,0.766,0.0658,0.0392,80.093,chicago drill|chicago rap|drill|hip hop|pop rap|rap|southern hip hop|trap|underground hip hop,True,train
79JRTaZyyrmTK31SuEkgWh,Hands Free,Saiko,Lush Lofi,0.741,0.0753,4,-12.26,0,0.166,0.243,0.105,0.308,148.072,,False,train
2V8SJbDW6sK8FrHlvCdG8Y,Horologist,Osoku,Lush Lofi,0.661,0.375,11,-10.463,1,0.249,0.923,0.104,0.103,131.636,,False,train
7EnhGSOY5RbeIkFaoxiHZ2,I need to paint my walls,A L E X,Lush Lofi,0.779,0.288,0,-11.875,1,0.0551,0.816,0.108,0.164,134.992,chillhop|lo-fi beats,True,test
7BEA0aIXF1nTvOK9zVcVkm,Interstellar,Arbour,Lush Lofi,0.621,0.157,11,-15.226,1,0.1,0.525,0.11,0.124,74.992,,False,train
3izuaLqYKLPLargJXoErNk,Lakshmana,Made in M,Lush Lofi,0.648,0.217,7,-14.142,1,0.252,0.853,0.107,0.528,85.999,atl hip hop|hip hop|melodic rap|pop rap|rap|southern hip hop|trap|underground hip hop|vapor trap,True,test
4ZEN3u4mTt8gxIEPAH9bXG,Last Light in August,Chaxti,Lush Lofi,0.365,0.457,5,-7.192,1,0.032,0.202,0.158,0.0845,121.994,,False,train
7wSkoXvluRMn8IOpvS60eN,Lavender,Casiio,Lush Lofi,0.489,0.349,9,-13.78,1,0.101,0.855,0.126,0.188,78.419,,False,train
7JFI3PMMPDpoHt5mPLh8wK,Laze,Flovry,Lush Lofi,0.5,0.16,10,-14.655,1,0.0899,0.968,0.31,0.284,75.3,lo-fi beats,True,train
7trxuSkxmsRKOyJcejNkij,Leavin',Brenky,Lush Lofi,0.422,0.394,1,-7.814,0,0.0744,0.9,0.104,0.846,131.103,,False,train
3EosD4gp9RdgkemwbuQdaO,Loss,Chris Keys,Lush Lofi,0.527,0.187,9,-11.717,1,0.307,0.893,0.1,0.805,170.397,,False,test
4eoIIRUjD5p7V5X5RCpIna,Merci,jrd.,Lush Lofi,0.796,0.105,11,-13.837,0,0.0761,0.248,0.108,0.922,160.293,,False,train
72nU2PZrtf8glvjOiSPjYS,Morio,Smoke Trees,Lush Lofi,0.629,0.277,2,-14.958,0,0.0783,0.628,0.0851,0.0398,131.03,,False,train
6LldfZLHQMlNYLG19mDR6x,Morning Dew,fantompower,Lush Lofi,0.462,0.287,10,-19.148,1,0.0858,0.939,0.0801,0.121,127.98,,False,test
1DW4KWZRIwrMEPcfEdCmCn,Morning Mist Resort,Saito,Lush Lofi,0.701,0.289,8,-8.422,1,0.156,0.609,0.109,0.779,79.986,,False,test
6eP7ORSpvpgbbUt5aUUMIX,Mosaic - Skit,Psalm Trees,Lush Lofi,0.772,0.0383,10,-16.941,0,0.485,0.685,0.112,0.961,89.058,,False,train
6Ditgndq8NnRVJf8K3hs7W,NGC 6236,Toonorth,Lush Lofi,0.484,0.254,11,-7.54,1,0.274,0.658,0.121,0.705,148.463,chillhop|lo-fi beats,True,test
03eTzlfvTDaVEJqyL9CCLf,Noairleft,Lostiu.,Lush Lofi,0.604,0.291,0,-13.967,1,0.392,0.798,0.144,0.111,78.066,,False,train
0UZIq5MBtALBLrYZhD2vyN,Not the Same,twuan,Lush Lofi,0.76,0.19,5,-21.736,0,0.393,0.963,0.112,0.666,113.012,,False,train
0GDlfD2tm6pejevucQT8IN,Nothing changes: everything is different,H.1,Lush Lofi,0.573,0.177,3,-18.774,0,0.347,0.922,0.108,0.312,130.187,,False,train
3pVQUCv6aWJ4Gc29qkakhZ,OPalite,"Sarah, the Illstrumentalist",Lush Lofi,0.66,0.434,7,-9.572,0,0.0472,0.833,0.386,0.323,80.163,,False,train
7CTya4OETWwc00AeknaWBF,Opium,Syndrome,Lush Lofi,0.72,0.169,11,-21.217,0,0.0569,0.854,0.118,0.577,119.956,,False,test
27Zp4clfhVk3Qx9TwCwZ97,Out West,Sumwun,Lush Lofi,0.717,0.103,11,-10.601,0,0.0925,0.587,0.111,0.39,88.989,,False,train
3julkyNbFWkLu9geA2CB8K,Panacea.,Misc.Inc,Lush Lofi,0.618,0.211,9,-16.41,1,0.208,0.876,0.0887,0.142,83.982,,False,train
3PXFeaY00P1xAFCTnxZwiD,Peninsula,Flughand,Lush Lofi,0.496,0.101,6,-22.118,1,0.292,0.65,0.105,0.62,59.551,chillhop|jazz boom bap|lo-fi beats,True,train
2BaWEDerOWY1ShD3rpqgWv,Pero Asi,Made in M,Lush Lofi,0.812,0.225,5,-12.284,0,0.334,0.687,0.078,0.672,83.985,atl hip hop|hip hop|melodic rap|pop rap|rap|southern hip hop|trap|underground hip hop|vapor trap,True,train
5Hq1CQHBuaxjHSCgj6DoUu,Pillars of Creation,BluntOne,Lush Lofi,0.807,0.265,0,-7.969,0,0.279,0.0402,0.0866,0.617,160.369,,False,train
1pqiUytktkkaA7bV7ym2vt,Princess,soder.,Lush Lofi,0.729,0.266,0,-20.841,0,0.0995,0.947,0.131,0.34,144.948,,False,train
7m0cogTTBLtx7nlvR4aCLi,Reach,chief.,Lush Lofi,0.505,0.0671,6,-22.562,0,0.0705,0.938,0.131,0.258,72.796,chicago drill|chicago rap|drill|hip hop|pop rap|rap|southern hip hop|trap|underground hip hop,True,train
5DaL1ihlNVFZ7qdiNds13f,Recollections,jrd.,Lush Lofi,0.799,0.0375,11,-15.162,1,0.456,0.891,0.102,0.615,78.132,,False,train
6EzuZuIO6lR0XvFkBVcvpW,Red Tide,xJK.,Lush Lofi,0.755,0.338,10,-8.574,0,0.246,0.792,0.12,0.43,91.045,,False,train
05Li9s63oMwigFbQJDr2cz,Reminisce,Howiewonder,Lush Lofi,0.393,0.266,9,-15.228,0,0.0634,0.606,0.11,0.493,75.523,,False,test
7oK04GdOZr7uU3ccbZCOr6,Rest Easy,Cozy Collective,Lush Lofi,0.42,0.0881,4,-12.717,1,0.293,0.844,0.151,0.636,211.644,,False,train
4WMhD2aaKegdm7qjyo4mxw,Revell,Smoke Trees,Lush Lofi,0.727,0.0874,0,-19.549,1,0.074,0.934,0.101,0.526,80.966,,False,train
2VnKo1kUEFkM5CwzsreulS,RideOut,enjo,Lush Lofi,0.78,0.327,10,-8.763,1,0.136,0.915,0.112,0.388,82.027,,False,train
3BjXk1moo8smcdRE3tvtcO,Show and Prove,Es-K,Lush Lofi,0.729,0.32,11,-7.278,0,0.0338,0.157,0.111,0.542,92.0,,False,test
2J8XWGtQb2PFtuHjyaNow3,Silence,Philanthrope,Lush Lofi,0.651,0.183,9,-9.388,0,0.056,0.838,0.0891,0.687,151.971,chillhop|lo-fi beats,True,train
3lz8akHskRyiSkvfwK0gqk,Sleep Deep,Omaure,Lush Lofi,0.533,0.37,7,-12.646,1,0.0583,0.8,0.103,0.326,204.637,,False,test
2yvQ3Dz7nXZLXxhQhDvhog,Snitchfoot,Karavelo,Lush Lofi,0.644,0.318,7,-14.637,1,0.0973,0.786,0.128,0.297,89.31,,False,train
3fimYwkWOq8YoXnpRrmyU6,Spanish Galleon,Wun Two,Lush Lofi,0.708,0.372,1,-12.721,1,0.114,0.903,0.115,0.517,71.789,chillhop|lo-fi beats,True,train
0swyX713ErpFQT68b9Krqg,Summertime,Musqitone,Lush Lofi,0.775,0.396,9,-11.987,0,0.0886,0.381,0.113,0.63,140.05,,False,train
289bzvdfHv0bAMNSaxr3sK,Surf,Osoku,Lush Lofi,0.732,0.321,1,-12.575,0,0.0768,0.934,0.111,0.347,144.018,,False,train
4OfB6dy0mjs56CYTlLI7Oe,Syrup,Dweeb,Lush Lofi,0.679,0.172,0,-13.146,1,0.0441,0.754,0.107,0.223,86.998,,False,train
6A30LeQiZ781ATWscFIJo3,The Road,Flynn,Lush Lofi,0.497,0.345,5,-7.666,0,0.181,0.962,0.108,0.669,77.695,,False,train
1igeI0Dv9OWFjshEH05A1R,Village,Wun Two,Lush Lofi,0.816,0.216,0,-13.551,1,0.652,0.456,0.151,0.972,75.972,chillhop|lo-fi beats,True,test
1eN0D2pAR1hou4iEuXQkYQ,Waiting for You,mell-ø,Lush Lofi,0.74,0.133,8,-16.642,0,0.0633,0.828,0.131,0.113,73.982,,False,train
2QAnWA18XUiajq1NxoTJuF,Waking Up to Sleep,Zeus the Elevated,Lush Lofi,0.734,0.221,5,-16.403,0,0.318,0.69,0.11,0.21,125.785,,False,train
4pv80UbBmpaIj178oGuhYs,Wasted Years,Arvo to me,Lush Lofi,0.809,0.287,5,-8.89,0,0.0595,0.476,0.119,0.651,84.0,,False,train
0YGgEbmzrt7SNOJ5nnHjTQ,Winter Walks,Lungfulls,Lush Lofi,0.564,0.265,11,-12.867,1,0.0673,0.883,0.121,0.344,83.298,,False,train
50w42bgL9DTDMV0oV1FicG,With Tim,Guustavv,Lush Lofi,0.373,0.251,8,-11.354,1,0.0755,0.97,0.147,0.054,211.369,,False,train
63zCFKF73wPvX7x4c6s3ko,aural sex,less.people,Lush Lofi,0.596,0.149,9,-16.955,0,0.0543,0.955,0.0868,0.165,98.793,,False,train
62qhlMjSdV2xzmYrzlBgSe,balcony view,Leavv,Lush Lofi,0.676,0.202,11,-12.967,1,0.196,0.944,0.104,0.751,75.109,,False,test
5BEX5jMEkOB8Zr1dUft3Mg,bedroom,Smeyeul.,Lush Lofi,0.77,0.0161,4,-14.233,1,0.162,0.905,0.113,0.7,75.047,,False,train
28Wu2IcHEIED0PvaDurkr2,blxt,asbeluxt,Lush Lofi,0.555,0.246,6,-13.867,1,0.0539,0.793,0.117,0.364,84.942,,False,train
3m3IcXx0tjp9tgkisn60YE,bouquet of balloons,biosphere,Lush Lofi,0.729,0.337,7,-15.436,1,0.06,0.441,0.122,0.792,162.011,lo-fi beats,True,train
7LKRv9zrKDrLOO8jcFPQxA,chilling by your bedside.,beeno,Lush Lofi,0.588,0.166,3,-20.73,1,0.0408,0.887,0.111,0.475,57.497,,False,train
5RqkiY002Ja8ETYZrVmGUJ,colors,mr_slace,Lush Lofi,0.525,0.176,0,-22.959,1,0.0935,0.921,0.0743,0.317,80.389,,False,train
1WghIFKtGge4jNYtDDI4AO,faceless woman,less.people,Lush Lofi,0.517,0.3,10,-13.716,1,0.0435,0.693,0.0664,0.174,122.996,,False,train
0vQo3zrpW3Ib8yumDhX3Lk,free (at ease),fantompower,Lush Lofi,0.533,0.246,9,-16.585,1,0.0466,0.907,0.112,0.0886,87.016,,False,train
4x7B5sK4tnb9IYCkKGNhWF,lay up,Bonnaz,Lush Lofi,0.728,0.318,6,-12.446,1,0.0776,0.182,0.115,0.909,89.748,,False,train
0FuBfmT5QuCZFBjGVpAyek,night time,Chill Children,Lush Lofi,0.723,0.111,0,-15.101,0,0.143,0.902,0.104,0.733,78.986,,False,train
7n0AKzZvxlKyv6cvmQi8S9,our little pond,mommy,Lush Lofi,0.665,0.0924,1,-12.477,0,0.0612,0.752,0.113,0.679,77.094,chillhop|lo-fi beats,True,train
4cRtsgJHnz4UaUnHGfDrxB,savacu,Wun Two,Lush Lofi,0.636,0.148,8,-13.895,1,0.0815,0.247,0.111,0.565,80.96,chillhop|lo-fi beats,True,train
7s3YrwYiXjOFH4O5OE6l2W,smize,Meiji,Lush Lofi,0.635,0.304,4,-13.306,1,0.0405,0.961,0.103,0.0425,140.004,,False,train
5wJmmRVkx1dfghYHOFjT8n,sorry,chief.,Lush Lofi,0.548,0.302,10,-12.869,1,0.12,0.752,0.314,0.546,127.159,chicago drill|chicago rap|drill|hip hop|pop rap|rap|southern hip hop|trap|underground hip hop,True,train
2YK5YJzVXMrVjt5dJWbNCY,spaced out,Cozy Collective,Lush Lofi,0.546,0.191,0,-21.84,1,0.0373,0.916,0.091,0.131,138.143,,False,test
52DECUk6ubfu1IWnhaiKC6,sunday,Smeyeul.,Lush Lofi,0.683,0.103,9,-12.762,0,0.0567,0.9,0.076,0.197,79.99,,False,test
5JZcqp91d9ZfvkGmgb9jjT,viaduct creek,Delayde,Lush Lofi,0.738,0.207,11,-13.185,0,0.273,0.537,0.112,0.661,80.051,,False,train
1DbNAHDcdkRVwtMJz2lttg,warm,Ameba,Lush Lofi,0.417,0.645,7,-10.228,1,0.138,0.931,0.103,0.202,76.815,,False,train
4tukb1DUFeq8YjydJE8UVA,whereucomefrom.,oofoe,Lush Lofi,0.872,0.207,10,-14.776,0,0.425,0.808,0.114,0.961,77.048,,False,test
5Jm9dU50Rpzz5Yao9ynzQs,yellow chords,jhfly,Lush Lofi,0.561,0.0644,7,-13.783,0,0.481,0.197,0.0932,0.96,130.583,chillhop|lo-fi beats,True,test
1eBWD3ra0HeWRhPYuBf317,A Few Reasons (truth Part 2),Dwele,Neo Soul Music,0.697,0.57,0,-9.747,1,0.31,0.0428,0.0689,0.625,165.683,neo soul|r&b|urban contemporary,True,train
1CeizRCGEYPWooEeVfmyFL,A Long Walk,Jill Scott,Neo Soul Music,0.713,0.541,6,-9.295,0,0.248,0.0617,0.112,0.28,75.714,hip pop|neo soul|quiet storm|r&b|soul|urban contemporary,True,train
3sDeuisFRzTK7dfwlNvoNK,A.N.G.E.L. - Interlude,Dwele,Neo Soul Music,0.684,0.396,10,-9.871,1,0.0327,0.486,0.0683,0.166,96.984,neo soul|r&b|urban contemporary,True,train
6wIBZCIbbZh6ACDkWC5TX7,Ah Yeah,Robert Glasper Experiment,Neo Soul Music,0.632,0.41,5,-12.129,0,0.0677,0.696,0.104,0.33,71.972,,False,test
0KHHrBbdvuJ6knLxj7dqkw,"All the Times (feat. Faith Evans, Coko & Missy Elliott)",LSG,Neo Soul Music,0.732,0.42,6,-6.867,1,0.0514,0.0687,0.289,0.473,137.45,neo soul|new jack swing|quiet storm|r&b|urban contemporary,True,test
5WBGDhBBIKqnJdPFlSmCWc,Alone Together,Daley,Neo Soul Music,0.507,0.497,0,-8.366,0,0.12,0.177,0.132,0.307,89.637,neo soul,True,train
1wRQqmZwiF4thdQ8N7FiNv,Alright,Ledisi,Neo Soul Music,0.626,0.417,8,-8.216,1,0.146,0.18,0.111,0.209,173.629,hip pop|neo soul|new jack swing|quiet storm|r&b|urban contemporary,True,test
24m5vklX7lGxNA75IGafuu,At The Same Time,Eric Roberson,Neo Soul Music,0.513,0.552,7,-7.931,1,0.0494,0.545,0.14,0.34,135.728,,False,test
0wTjUM8Azk3fV46bDghbmZ,Baby Come Over (feat. Dwele),Hil St. Soul,Neo Soul Music,0.679,0.635,2,-6.638,1,0.199,0.576,0.0846,0.349,75.952,,False,test
0rcuDEcrzF4Zo6ZbUEhaIn,Believe,Raheem DeVaughn,Neo Soul Music,0.622,0.312,3,-7.834,0,0.049,0.493,0.144,0.518,123.821,dance pop|hip pop|neo soul|new jack swing|quiet storm|r&b|urban contemporary,True,train
1Ge8R2h7W0IlaAHl6Q2kM3,Best Friend,Ledisi,Neo Soul Music,0.774,0.562,7,-6.225,1,0.331,0.142,0.0541,0.528,83.013,hip pop|neo soul|new jack swing|quiet storm|r&b|urban contemporary,True,train
4OXjsRE0RQsOAalWabZRY8,Best of Me,Anthony Hamilton,Neo Soul Music,0.744,0.729,1,-6.612,1,0.031,0.00823,0.15,0.689,95.983,neo soul|new jack swing|quiet storm|r&b|soul|urban contemporary,True,train
2hGXdfWHKIxciCfHRQpUa1,Blind Paradise,Debórah Bond,Neo Soul Music,0.653,0.777,2,-5.032,1,0.11,0.284,0.151,0.734,91.035,,False,test
23mnIH4CZemgZgkyb0W1cC,Body Parts,Raphael Saadiq,Neo Soul Music,0.809,0.457,1,-7.678,1,0.0466,0.0486,0.37,0.623,96.331,funk|hip hop|indie soul|neo soul|r&b|soul|urban contemporary,True,train
7MpNMARq9fDSYEIHwKNQTy,Can't B Good,Janet Jackson,Neo Soul Music,0.66,0.584,2,-6.503,1,0.116,0.381,0.217,0.238,87.048,dance pop|hip pop|neo soul|new jack swing|r&b|urban contemporary,True,train
43d3WCkXuVnN4P0HSLS29Z,Can't Get Enough,Kenny Lattimore,Neo Soul Music,0.787,0.392,5,-9.444,0,0.148,0.83,0.139,0.832,96.019,neo soul|new jack swing|quiet storm|r&b|urban contemporary,True,train
2SLKMhxrgJZ8TEPwhCt1gh,Caught My Eye,Mint Condition,Neo Soul Music,0.599,0.468,0,-6.787,1,0.0311,0.00668,0.443,0.628,140.043,funk|hip pop|minneapolis sound|neo soul|new jack swing|quiet storm|r&b|soul|urban contemporary,True,test
1jjO9DOHrnCJrpiuyiavKw,Caught Up,Teedra Moses,Neo Soul Music,0.72,0.457,8,-7.999,0,0.0434,0.216,0.119,0.819,97.089,alternative r&b|hip pop|neo soul|r&b|urban contemporary,True,train
1GoTvQP3JEeA8oh5I9b2xc,Cleva,Erykah Badu,Neo Soul Music,0.738,0.382,1,-11.799,1,0.0765,0.0417,0.116,0.636,83.126,afrofuturism|hip hop|neo soul|r&b|soul|urban contemporary,True,train
3r9JScgtH2FiAQ9bwThV0U,Come Over,Estelle,Neo Soul Music,0.683,0.747,8,-3.465,0,0.113,0.0261,0.261,0.722,81.998,r&b,True,train
4FsDX5RRFm9F5f1ts9KWKb,Come Over,Rahsaan Patterson,Neo Soul Music,0.718,0.501,5,-6.143,1,0.0292,0.101,0.105,0.587,96.076,funk|neo r&b|neo soul|r&b|smooth soul|urban contemporary,True,train
4wmFfoH3y0RRkIQPhl2Qyw,Comes To Light (Everything),Jill Scott,Neo Soul Music,0.656,0.264,4,-12.731,1,0.0381,0.817,0.133,0.464,129.504,hip pop|neo soul|quiet storm|r&b|soul|urban contemporary,True,train
67ri2FYvHV64JSQTHN98iy,Do What U Gotta Do,Angie Stone,Neo Soul Music,0.787,0.39,10,-5.431,0,0.147,0.185,0.156,0.635,86.985,neo soul|r&b|soul|urban contemporary,True,train
1foKxpDK99pTmoEJpJbJaK,Don't Call,Leon Timbo,Neo Soul Music,0.768,0.369,10,-7.937,1,0.0545,0.218,0.119,0.537,76.037,,False,train
6yj6Si5hkcs1khQyzj0stc,Don't Change,Conya Doss,Neo Soul Music,0.529,0.522,8,-7.584,0,0.06,0.692,0.406,0.415,82.837,,False,train
6giuQX8Vkn44flOhzbe1il,Eternally,Marwan Soulflow,Neo Soul Music,0.441,0.484,11,-12.614,0,0.0506,0.129,0.12,0.319,67.5,,False,train
0OZjtuIbOvPkCy6zlgyNOk,Everyday,Jamiroquai,Neo Soul Music,0.689,0.321,11,-18.075,0,0.0343,0.406,0.0845,0.81,136.073,dance pop|pop dance,True,test
7okKZ5JfRIJBcqKhX2fTmU,Everyday,Angie Stone,Neo Soul Music,0.712,0.365,4,-7.862,0,0.212,0.373,0.171,0.529,81.847,neo soul|r&b|soul|urban contemporary,True,train
1NyMdeeVDYizUcXHConsq6,Femininity,Eric Benét,Neo Soul Music,0.677,0.63,6,-4.778,1,0.05,0.102,0.0554,0.625,72.954,neo soul|new jack swing|quiet storm|r&b|urban contemporary,True,test
5VIUVUvwHPM2vJaQpznd5W,Fire We Make,Alicia Keys,Neo Soul Music,0.552,0.403,2,-11.791,0,0.167,0.402,0.0617,0.394,67.531,hip pop|neo soul|pop|r&b|urban contemporary,True,train
79yRAE9yyOqVEyJ74heFxl,For Real,Amel Larrieux,Neo Soul Music,0.595,0.525,11,-7.338,1,0.245,0.32,0.0419,0.756,136.061,neo soul|r&b|urban contemporary,True,train
5K80qDIi8z8nfgiSGsQap0,Forever,Kenny Lattimore,Neo Soul Music,0.691,0.457,5,-9.652,0,0.0485,0.195,0.192,0.255,144.372,neo soul|new jack swing|quiet storm|r&b|urban contemporary,True,train
00FR9VQ0uzF4NNxVKKiMz2,Full Of Smoke,Christión,Neo Soul Music,0.389,0.616,1,-8.747,0,0.284,0.453,0.916,0.716,145.461,,False,train
5YzK2kmIM7cdpRbv0iGaEs,Get Up,Amel Larrieux,Neo Soul Music,0.631,0.494,11,-8.335,0,0.101,0.31,0.064,0.542,88.559,neo soul|r&b|urban contemporary,True,train
1QGO7udymj4xp6w8jbpiF8,Get to Know Ya,Maxwell,Neo Soul Music,0.761,0.644,7,-6.498,1,0.0531,0.239,0.052,0.917,101.015,dance pop|funk|hip pop|neo soul|new jack swing|quiet storm|r&b|soul|urban contemporary,True,train
2dWuF9P2H0JtmQdX87RPz3,Give It to You (feat. Musiq Soulchild),Meelah,Neo Soul Music,0.551,0.488,9,-7.537,0,0.0529,0.516,0.318,0.324,80.041,,False,train
2bNbnpiLHz29s0ceWIlX7T,Hell Yeah!,Stacy Barthe,Neo Soul Music,0.53,0.77,6,-3.092,0,0.276,0.000181,0.238,0.438,159.09,pop soul,True,test
65Zm64XaqNj1pXGAS6Z4hs,Her Favorite Song,Mayer Hawthorne,Neo Soul Music,0.615,0.921,10,-5.118,0,0.227,0.0261,0.0982,0.59,87.236,funk|indie soul|neo soul|pop soul|soul,True,test
6pYVNe0zSSjouxy49g8tfy,I Blame You,Ledisi,Neo Soul Music,0.7,0.638,1,-5.98,1,0.0634,0.141,0.0691,0.593,95.949,hip pop|neo soul|new jack swing|quiet storm|r&b|urban contemporary,True,train
1lQGlCQS09Q2l0iONMsTcZ,I Decided,Liv Warfield,Neo Soul Music,0.837,0.325,1,-10.16,0,0.157,0.572,0.289,0.384,116.03,,False,test
1TlEEopIktdAi8oWRf9Qx6,I Think I Love You,Dwele,Neo Soul Music,0.549,0.491,0,-9.537,1,0.127,0.111,0.0564,0.728,203.818,neo soul|r&b|urban contemporary,True,train
3VNIHK4Dnxyf1EY2D1kolb,I Used To Love Him,Ms. Lauryn Hill,Neo Soul Music,0.486,0.797,9,-7.632,0,0.231,0.06,0.331,0.745,87.445,conscious hip hop|dance pop|hip pop|neo soul|new jersey rap|r&b|urban contemporary,True,test
2PKiB1i2DwG2npY2xxjLnE,I'm Cheatin',Dwele,Neo Soul Music,0.746,0.457,3,-7.532,0,0.049,0.708,0.202,0.467,92.025,neo soul|r&b|urban contemporary,True,train
5VPdmXGp3BR6Xst5gmbQrO,I'm In Love,Kem,Neo Soul Music,0.906,0.421,2,-8.859,1,0.0314,0.26,0.0988,0.359,97.03,neo soul|new jack swing|quiet storm|r&b|soul|urban contemporary,True,train
326jVYfqtef7U87YaqOFfC,It's Alright Now,Rahsaan Patterson,Neo Soul Music,0.594,0.503,7,-8.112,1,0.0372,0.0558,0.0233,0.394,79.996,funk|neo r&b|neo soul|r&b|smooth soul|urban contemporary,True,test
4yFFSucK3BVP1Wp7MQ6c7t,Just Can't Get Over You,Kenny Lattimore,Neo Soul Music,0.738,0.295,10,-8.699,0,0.0588,0.135,0.133,0.539,79.939,neo soul|new jack swing|quiet storm|r&b|urban contemporary,True,test
0PWqC3xDoCWyqy1IW3RiKE,Knockin',Angel Grant,Neo Soul Music,0.889,0.485,6,-8.883,0,0.0369,0.557,0.0678,0.908,105.919,,False,train
1PB9jyumBYH6jbVpzr3DSs,Late Night Rendezvous,Carl Thomas,Neo Soul Music,0.464,0.465,0,-8.162,1,0.051,0.28,0.167,0.448,63.14,dance pop|hip pop|neo soul|new jack swing|quiet storm|r&b|urban contemporary,True,train
2PXv2AkAZkqYqc96gDKXuA,Let's Stay Home Tonight,Joe,Neo Soul Music,0.691,0.742,0,-4.49,0,0.0602,0.145,0.0944,0.722,90.102,album rock|classic rock|folk rock|mellow gold|piano rock|rock|singer-songwriter|soft rock,True,train
2GrdCnHVMh0DrkmMzFMJaN,Like This,Ledisi,Neo Soul Music,0.605,0.773,7,-5.662,0,0.136,0.0548,0.107,0.604,82.823,hip pop|neo soul|new jack swing|quiet storm|r&b|urban contemporary,True,test
7BW60EnubNl94HnwcuB0E0,Love Drug,Raheem DeVaughn,Neo Soul Music,0.523,0.673,7,-6.226,0,0.0861,0.0914,0.163,0.413,149.497,dance pop|hip pop|neo soul|new jack swing|quiet storm|r&b|urban contemporary,True,train
7gEGhEb1VcCeC6lJWnjI9Z,Love No Limit,Mary J. Blige,Neo Soul Music,0.558,0.695,11,-7.853,0,0.04,0.165,0.216,0.621,169.564,dance pop|hip pop|neo soul|pop|r&b|urban contemporary,True,train
7g3Htzh3rezIFVWAy59vsw,Love of My Own,Eric Benét,Neo Soul Music,0.644,0.341,8,-8.513,0,0.0361,0.256,0.0804,0.14,76.727,neo soul|new jack swing|quiet storm|r&b|urban contemporary,True,train
7M4CRFWgCuqYOuh5Kz1hm5,Lovin' You,Tony! Toni! Toné!,Neo Soul Music,0.618,0.738,9,-7.908,0,0.0695,0.0933,0.344,0.741,82.29,funk|hip pop|neo soul|new jack swing|quiet storm|r&b|soul|urban contemporary,True,train
3MyTEl8ZL0qKXFqyvbYsC5,Loving Me 4 Me,Christina Aguilera,Neo Soul Music,0.628,0.496,8,-6.003,1,0.0492,0.174,0.106,0.203,76.655,dance pop|pop|pop dance|pop rap|post-teen pop,True,train
07fqonJcksfEG2Fav9SDA2,Make Believe,Kenny Lattimore,Neo Soul Music,0.656,0.418,5,-5.914,0,0.0523,0.422,0.15,0.353,137.671,neo soul|new jack swing|quiet storm|r&b|urban contemporary,True,train
37clf85ZAJGszhC15NxskJ,Maker Of Love,Boney James,Neo Soul Music,0.418,0.643,4,-9.029,0,0.229,0.156,0.0804,0.397,73.141,smooth jazz|smooth saxophone,True,train
0wjo8DmCAqZ1q3lVLCyrRG,Marathon,Raheem DeVaughn,Neo Soul Music,0.596,0.595,0,-5.315,1,0.0655,0.585,0.426,0.411,86.676,dance pop|hip pop|neo soul|new jack swing|quiet storm|r&b|urban contemporary,True,train
7KasuMXuWHA36uFtFKuHPw,March,"George Tandy, Jr.",Neo Soul Music,0.565,0.465,11,-7.804,0,0.0843,0.367,0.103,0.228,126.342,,False,train
6dFs9SRuQ8FKK3WORqoa3D,Mary Go Round,Musiq Soulchild,Neo Soul Music,0.554,0.472,0,-8.215,1,0.285,0.305,0.119,0.497,141.283,dance pop|hip pop|neo soul|new jack swing|quiet storm|r&b|urban contemporary,True,train
1mIMTXtS7NPOD1Xq63Zxhq,Matrimony: Maybe You,Maxwell,Neo Soul Music,0.653,0.525,1,-10.022,1,0.149,0.402,0.471,0.339,96.043,dance pop|funk|hip pop|neo soul|new jack swing|quiet storm|r&b|soul|urban contemporary,True,train
2rgUf9rK2lGJeA4crG4Tq0,Me and My B*tch,Jaheim,Neo Soul Music,0.783,0.516,8,-8.921,0,0.491,0.292,0.374,0.741,77.021,dance pop|hip pop|neo soul|new jack swing|pop rap|quiet storm|r&b|urban contemporary,True,train
6XsT5UGfpaFeHQf5LRIy4W,"Me, Myself and I",Beyoncé,Neo Soul Music,0.75,0.458,1,-9.092,1,0.0803,0.226,0.137,0.536,83.61,dance pop|pop|post-teen pop|r&b,True,train
2QCI3bdPI8c0DBy68GE2WR,Midnite - Interlude,Raheem DeVaughn,Neo Soul Music,0.699,0.455,2,-9.22,0,0.165,0.52,0.517,0.755,86.66,dance pop|hip pop|neo soul|new jack swing|quiet storm|r&b|urban contemporary,True,train
0fgVs2FjWxf60Gk8aaoECK,More Than A Woman (feat. Calvin) - Duet w/ Calvin,Angie Stone,Neo Soul Music,0.685,0.404,5,-7.784,0,0.121,0.445,0.116,0.473,131.846,neo soul|r&b|soul|urban contemporary,True,test
73nnFqLGSezcmpCzXSto88,"My Life - From ""Despicable Me"" Soundtrack",Robin Thicke,Neo Soul Music,0.795,0.492,0,-8.703,1,0.0354,0.139,0.0762,0.463,120.013,dance pop|hip pop|neo soul|pop dance|r&b|urban contemporary,True,test
5KGlx7rfcjhVGtqkZpIxe2,My Peoples feat. Raheem,DJ Jazzy Jeff,Neo Soul Music,0.757,0.65,7,-7.029,1,0.279,0.272,0.511,0.875,90.003,gangster rap|hip hop|old school hip hop|philly rap|rap,True,train
4tnxaszwEXGQSow1888pVN,My Soul Ain't For Sale feat. Raheem Devaughn,DJ Jazzy Jeff,Neo Soul Music,0.655,0.841,7,-4.79,1,0.17,0.274,0.0429,0.809,91.936,gangster rap|hip hop|old school hip hop|philly rap|rap,True,train
4mMdBN8941wKh5rAmIK3bf,Never Was,Debórah Bond,Neo Soul Music,0.624,0.562,7,-6.197,1,0.0384,0.49,0.0894,0.224,82.002,,False,train
09iWF1Hs988cmZneyLeZ2V,News For You,Eric Benét,Neo Soul Music,0.65,0.772,6,-4.976,1,0.121,0.112,0.0967,0.783,152.047,neo soul|new jack swing|quiet storm|r&b|urban contemporary,True,train
5AYPC1YEJdwPqnPz0Lib50,Nothing Like Loving You,Amerie,Neo Soul Music,0.739,0.48,8,-8.116,0,0.0412,0.222,0.122,0.663,140.071,dance pop|hip hop|hip pop|neo soul|pop rap|r&b|urban contemporary,True,test
2R4gp8sppwatyDq48Xsu9q,Outside Your Door,Meshell Ndegeocello,Neo Soul Music,0.767,0.328,11,-14.023,0,0.0375,0.0897,0.0644,0.507,137.16,funk|neo soul,True,train
1Laz0NZ0URkQVnw3TyZcvw,Picture Perfect(Featuring Phonte) (Extended Version),Eric Roberson,Neo Soul Music,0.633,0.616,11,-10.087,0,0.271,0.234,0.0895,0.52,87.283,,False,train
6bffRphpayegEeBZBh9TV9,Pieces,Hil St. Soul,Neo Soul Music,0.646,0.564,7,-5.396,1,0.0832,0.00685,0.291,0.48,143.957,,False,train
1O64lNU0k9bGiWJVGt8et8,Rush Over,Marcus Miller,Neo Soul Music,0.711,0.531,4,-12.264,0,0.036,0.373,0.124,0.514,87.619,electric bass|instrumental funk|jazz funk|jazz fusion|modern funk,True,train
2fE4MbwX3QGMzNaMjGVhtw,Say Yes,Floetry,Neo Soul Music,0.747,0.398,5,-12.932,0,0.0743,0.211,0.113,0.428,117.901,british soul|hip pop|neo soul|new jack swing|quiet storm|r&b|urban contemporary,True,train
1HvmjWFZpe1lrEl1ehLsvr,Share My World,Mary J. Blige,Neo Soul Music,0.707,0.539,4,-6.742,0,0.0373,0.015,0.12,0.747,140.021,dance pop|hip pop|neo soul|pop|r&b|urban contemporary,True,train
3IlcFFY0W9gNomWQjnX6Rj,Show Me,Jill Scott,Neo Soul Music,0.723,0.351,2,-10.719,0,0.0709,0.414,0.388,0.284,137.934,hip pop|neo soul|quiet storm|r&b|soul|urban contemporary,True,train
19asXa48FNoDzO8PaQm9MN,Softest Place On Earth,Xscape,Neo Soul Music,0.773,0.309,7,-8.5,0,0.0339,0.415,0.111,0.42,128.105,atl hip hop|dance pop|girl group|hip pop|neo soul|new jack swing|pop r&b|quiet storm|r&b|urban contemporary,True,train
6bYvDXrdNSbejfugnxggvp,Spaceship Coupe,Justin Timberlake,Neo Soul Music,0.627,0.488,11,-8.212,0,0.0445,0.304,0.173,0.274,126.053,dance pop|pop,True,train
14VwBAL1qSlG4ovOSYUQF4,Spend The Night,Rahsaan Patterson,Neo Soul Music,0.683,0.546,2,-9.086,0,0.0224,0.0388,0.0633,0.735,90.018,funk|neo r&b|neo soul|r&b|smooth soul|urban contemporary,True,train
20khkbcFHJ63mEJ6nctzcr,Stay,Meshell Ndegeocello,Neo Soul Music,0.746,0.459,2,-12.999,1,0.0804,0.0718,0.0513,0.761,75.09,funk|neo soul,True,train
1gWFuF1aCfnjonAdyDfV7Y,Stop the World,Maxwell,Neo Soul Music,0.73,0.538,0,-8.478,1,0.07,0.27,0.089,0.515,120.027,dance pop|funk|hip pop|neo soul|new jack swing|quiet storm|r&b|soul|urban contemporary,True,test
1DHybjrWooObUXiqceVDcj,Suitelady (The Proposal Jam),Maxwell,Neo Soul Music,0.67,0.442,2,-7.755,0,0.0582,0.0822,0.0699,0.399,78.084,dance pop|funk|hip pop|neo soul|new jack swing|quiet storm|r&b|soul|urban contemporary,True,train
2qDptLjqWLqRDD4MHgbDhp,Summertime Anthem (Featuring Chubb Rock),Eric Roberson,Neo Soul Music,0.751,0.711,11,-8.971,1,0.104,0.188,0.316,0.883,100.877,,False,train
4fb7LB7OOaKcahftS4k9lD,Take Me,Teedra Moses,Neo Soul Music,0.7,0.423,0,-7.149,1,0.0306,0.0292,0.0825,0.429,86.289,alternative r&b|hip pop|neo soul|r&b|urban contemporary,True,train
2FA1ckR1QDUBaHdrlTam6Q,The One For Me,Rahsaan Patterson,Neo Soul Music,0.619,0.524,1,-5.286,1,0.0473,0.809,0.113,0.577,96.056,funk|neo r&b|neo soul|r&b|smooth soul|urban contemporary,True,train
6IuilfHQoQI1fJ2fliMhva,The Pledge Remix,Irv Gotti,Neo Soul Music,0.721,0.788,3,-6.759,0,0.216,0.0546,0.485,0.649,91.522,,False,train
4fZDZMgyWBxTg2Rc4OHVtB,Through the Fire,Chaka Khan,Neo Soul Music,0.569,0.589,8,-7.395,1,0.0306,0.166,0.132,0.409,130.865,dance pop|disco|funk|motown|neo soul|post-disco|quiet storm|soul|urban contemporary,True,train
4cwW9clavlRQYKDjU59BEK,Tomorrow,The Roots,Neo Soul Music,0.85,0.52,5,-12.658,0,0.195,0.0592,0.077,0.606,75.992,alternative hip hop|conscious hip hop|east coast hip hop|hardcore hip hop|hip hop|neo soul|philly rap|political hip hop|southern hip hop,True,train
1mC7u32zemMLC1mVOU02Pm,U Send Me Swingin',Mint Condition,Neo Soul Music,0.608,0.569,6,-5.835,0,0.0283,0.123,0.151,0.346,72.076,funk|hip pop|minneapolis sound|neo soul|new jack swing|quiet storm|r&b|soul|urban contemporary,True,train
7iNGGLUS7x4RA6IM0De2R9,W/As My Girl,Maxwell,Neo Soul Music,0.673,0.456,4,-10.079,0,0.0384,0.12,0.0794,0.32,83.08,dance pop|funk|hip pop|neo soul|new jack swing|quiet storm|r&b|soul|urban contemporary,True,train
6IfE60JXZtq2rHvEjsyvpR,We Live In Philly (featuring Jill Scott),DJ Jazzy Jeff,Neo Soul Music,0.694,0.744,2,-8.061,1,0.165,0.134,0.159,0.492,94.012,gangster rap|hip hop|old school hip hop|philly rap|rap,True,train
4ZxH5B7JMRjNbHRm47AzUy,"Where You Are, Pt. 2 (Is Where I Wanna Be)",Donell Jones,Neo Soul Music,0.585,0.311,0,-11.558,0,0.0403,0.59,0.272,0.385,125.936,dance pop|hip hop|hip pop|neo soul|new jack swing|pop rap|quiet storm|r&b|urban contemporary,True,train
3vxpjYukjL07Vdzw7wIJtC,Without You,Dwele,Neo Soul Music,0.738,0.694,2,-6.953,0,0.455,0.28,0.242,0.537,92.029,neo soul|r&b|urban contemporary,True,train
34XO9RwPMKjbvRry54QzWn,You Don't Have To Hurt No More,Mint Condition,Neo Soul Music,0.769,0.449,8,-6.757,0,0.0282,0.0717,0.0851,0.481,113.89,funk|hip pop|minneapolis sound|neo soul|new jack swing|quiet storm|r&b|soul|urban contemporary,True,train
2b6nCD2LqFzcczjGvKIZDc,You Got Me,Conya Doss,Neo Soul Music,0.626,0.596,8,-8.042,1,0.122,0.469,0.13,0.461,88.017,,False,train
322NiD7O6CXX7zYIKRtXV9,You're The One That I Like,Raphael Saadiq,Neo Soul Music,0.76,0.542,4,-7.741,0,0.256,0.348,0.333,0.455,89.665,funk|hip hop|indie soul|neo soul|r&b|soul|urban contemporary,True,train
3ekvPNnFzO7okhIkZ8jsGH,sobeautiful,Musiq Soulchild,Neo Soul Music,0.689,0.562,7,-7.048,0,0.0637,0.0656,0.0885,0.21,133.987,dance pop|hip pop|neo soul|new jack swing|quiet storm|r&b|urban contemporary,True,train
0gl8mWugSfOQqL485CzKAj,"Ain't 2 Proud 2 Beg - U.S. 7"" Edit",TLC,New Jack Swing,0.696,0.888,10,-4.108,0,0.0332,0.00263,0.34,0.676,104.855,atl hip hop|dance pop|girl group|hip hop|hip pop|new jack swing|pop|pop rap|r&b|urban contemporary,True,train
4XmsMIMjvDIFEjeY3ycMzW,All 4 Love,Color Me Badd,New Jack Swing,0.807,0.75,2,-8.29,1,0.0315,0.0347,0.149,0.797,106.389,boy band|new jack swing|r&b|urban contemporary,True,train
7bPu9dgSyx0lTFm4iecxI2,Alright,Janet Jackson,New Jack Swing,0.668,0.881,11,-7.851,1,0.0353,0.0921,0.557,0.964,111.722,dance pop|hip pop|neo soul|new jack swing|r&b|urban contemporary,True,train
1zTuB57LYZa7xu7KUH8kF0,Baby-Baby-Baby,TLC,New Jack Swing,0.679,0.597,11,-8.601,0,0.0439,0.0913,0.0487,0.9,184.174,atl hip hop|dance pop|girl group|hip hop|hip pop|new jack swing|pop|pop rap|r&b|urban contemporary,True,train
10L4K7607BSC5aq8lc2leC,Black Or White,Michael Jackson,New Jack Swing,0.518,0.9,9,-3.748,1,0.0933,0.172,0.0713,0.872,115.029,pop|r&b|soul,True,test
33ZGVbrIaz1TcGyovIjofZ,Bump n' Grind,R. Kelly,New Jack Swing,0.466,0.456,4,-8.99,1,0.0424,0.129,0.352,0.644,130.113,,False,test
5vXEj2R1LZFG4D5U70jXnz,Can We Talk,Tevin Campbell,New Jack Swing,0.658,0.711,2,-7.424,0,0.0425,0.0759,0.0446,0.614,172.365,dance pop|hip pop|neo soul|new jack swing|quiet storm|r&b|urban contemporary,True,train
1TYt5etb427hvOod3EKJA5,Can't Stop,After 7,New Jack Swing,0.727,0.811,0,-11.547,0,0.0385,0.245,0.192,0.808,97.098,funk|neo soul|new jack swing|quiet storm|r&b|urban contemporary,True,train
2am14wFmbow4gZXQy1Pwyh,Can't Stop - Remix,After 7,New Jack Swing,0.811,0.771,8,-7.56,1,0.0407,0.0535,0.345,0.745,96.778,funk|neo soul|new jack swing|quiet storm|r&b|urban contemporary,True,train
4aeTG6awASkwicYWwcEbGp,Candy Girl,New Edition,New Jack Swing,0.789,0.898,10,-5.526,0,0.202,0.333,0.331,0.755,103.729,boy band|dance pop|funk|hip pop|new jack swing|quiet storm|r&b|urban contemporary,True,test
0FPXDopNoeVy2GmE6ZLrv1,Cha Cha Cha,MC Lyte,New Jack Swing,0.881,0.889,10,-6.062,0,0.357,0.155,0.316,0.922,91.325,east coast hip hop|electro|gangster rap|hardcore hip hop|hip hop|hip house|hip pop|new jack swing|old school hip hop|rap,True,train
6jrp8qBMJO6vhAeYVAsdk9,Cold Hearted,Paula Abdul,New Jack Swing,0.879,0.679,7,-8.59,0,0.0421,0.149,0.078,0.724,122.38,dance pop|europop|new wave pop|pop rock|soft rock|urban contemporary,True,train
5EBWCGlCn65HM8Hglrc5V1,Come Back To Me,Janet Jackson,New Jack Swing,0.437,0.396,5,-13.083,0,0.0265,0.595,0.142,0.0648,77.906,dance pop|hip pop|neo soul|new jack swing|r&b|urban contemporary,True,test
2tMkYJbCdaL8p9NDTU3ISu,Control,Janet Jackson,New Jack Swing,0.783,0.755,11,-13.341,1,0.0495,0.259,0.119,0.613,120.397,dance pop|hip pop|neo soul|new jack swing|r&b|urban contemporary,True,train
1vvfDEK6OeGQrYwQF9bVSO,Cool It Now - Single Version,New Edition,New Jack Swing,0.85,0.764,10,-6.828,0,0.0561,0.205,0.276,0.853,116.469,boy band|dance pop|funk|hip pop|new jack swing|quiet storm|r&b|urban contemporary,True,train
1aWV3uY3SIEZVbmv45oFWS,Creep,TLC,New Jack Swing,0.811,0.458,5,-9.688,0,0.0402,0.0193,0.0526,0.797,92.94,atl hip hop|dance pop|girl group|hip hop|hip pop|new jack swing|pop|pop rap|r&b|urban contemporary,True,train
2W2vmNmTLERMWT9XBxm35E,Diggin' On You,TLC,New Jack Swing,0.719,0.631,6,-7.411,1,0.0451,0.0235,0.0686,0.456,80.126,atl hip hop|dance pop|girl group|hip hop|hip pop|new jack swing|pop|pop rap|r&b|urban contemporary,True,train
15dAoYrYVbGB7PiSE45j1Y,Do Me!,Bell Biv DeVoe,New Jack Swing,0.727,0.791,11,-6.163,0,0.0392,0.131,0.364,0.69,107.808,boy band|funk|hip hop|hip pop|new jack swing|quiet storm|r&b|rap|urban contemporary,True,test
39SBJ11H2SKe3Jx3vO3pON,Don't Be Cruel,Bobby Brown,New Jack Swing,0.771,0.662,1,-13.227,1,0.056,0.000199,0.279,0.511,102.824,dance pop|funk|hip hop|new jack swing|quiet storm|r&b|rap|urban contemporary,True,train
7fvpQhtkRJOApCjNmSLehs,Don't Stop Your Love,Keith Sweat,New Jack Swing,0.764,0.522,10,-13.489,0,0.138,0.0356,0.0877,0.629,102.032,dance pop|funk|hip pop|new jack swing|quiet storm|r&b|urban contemporary,True,train
7tsRp7QKUBp6hc9bth0h7x,Don't Walk Away,Jade,New Jack Swing,0.831,0.915,10,-7.501,0,0.128,0.147,0.196,0.881,102.979,hip hop|rap,True,train
0K4qBG4ySviff81dZ0VdYU,End Of The Road,Boyz II Men,New Jack Swing,0.642,0.428,5,-9.258,0,0.0235,0.0765,0.0516,0.467,74.845,boy band|new jack swing|quiet storm|r&b|urban contemporary,True,train
3PAYDLeC1RxDIbzi9hZYne,Every Little Step,Bobby Brown,New Jack Swing,0.781,0.638,1,-12.305,1,0.0401,0.00911,0.0357,0.909,100.231,dance pop|funk|hip hop|new jack swing|quiet storm|r&b|rap|urban contemporary,True,train
4cRR2gUTOerkUOW5iZpm91,Feels Good,Tony! Toni! Toné!,New Jack Swing,0.827,0.852,2,-12.052,1,0.0942,0.115,0.299,0.635,117.17,funk|hip pop|neo soul|new jack swing|quiet storm|r&b|soul|urban contemporary,True,train
4htbAEZWr53J08x3dUv00W,Giving Him Something He Can Feel,En Vogue,New Jack Swing,0.496,0.298,9,-10.175,0,0.0405,0.306,0.0875,0.705,203.824,dance pop|girl group|hip hop|hip pop|neo soul|new jack swing|r&b|urban contemporary,True,test
21wxCbULEulBXZ4GaGqVNA,Go See the Doctor,Kool Moe Dee,New Jack Swing,0.777,0.455,1,-13.601,1,0.175,0.00492,0.0338,0.73,89.289,east coast hip hop|electro|gangster rap|harlem hip hop|hip hop|hip house|new jack swing|old school hip hop|rap,True,train
2BzxBQSZ4KERJvuNpeJatT,Groove Me,Guy,New Jack Swing,0.812,0.623,1,-14.042,1,0.0861,0.0263,0.416,0.747,107.926,bow pop|classify,True,train
5qSi2enCOy9spCBQVqsHG0,Heal The World,Michael Jackson,New Jack Swing,0.534,0.485,9,-8.045,1,0.0467,0.537,0.104,0.102,80.923,pop|r&b|soul,True,train
2Vptb1uGay69Ql4B5NnGok,Heat Of The Moment - Remix,After 7,New Jack Swing,0.707,0.852,4,-7.364,1,0.0481,0.0655,0.567,0.86,100.804,funk|neo soul|new jack swing|quiet storm|r&b|urban contemporary,True,test
5rIr1MOh4cWwpdln1QqTPS,Here We Go Again! - Radio Edit,Portrait,New Jack Swing,0.771,0.745,11,-10.217,0,0.0904,0.0256,0.107,0.599,106.709,new jack swing,True,test
6D3VGJz4hOCMGrEANXFu2f,How Ya Like Me Now - Longer Version,Kool Moe Dee,New Jack Swing,0.875,0.737,1,-14.099,1,0.0876,0.00352,0.0706,0.543,104.204,east coast hip hop|electro|gangster rap|harlem hip hop|hip hop|hip house|new jack swing|old school hip hop|rap,True,train
05R2lE5g9hnaSmxIrUl3C0,I Adore Mi Amor,Color Me Badd,New Jack Swing,0.683,0.476,3,-9.995,0,0.027,0.243,0.0786,0.725,91.989,boy band|new jack swing|r&b|urban contemporary,True,train
5gJcMDLHDllFMhSPByZhhE,I Believe I Can Fly - Radio Edit,R. Kelly,New Jack Swing,0.587,0.507,7,-6.478,1,0.0285,0.24,0.148,0.051,120.467,,False,test
3sQbsGJ3XJoFw1coscicAa,I Like the Way (The Kissing Game),Hi-Five,New Jack Swing,0.726,0.609,1,-7.564,1,0.0322,0.0657,0.0284,0.723,104.074,boy band|hip pop|new jack swing|quiet storm|r&b|urban contemporary,True,train
1XAHwJPBNIBoLfQz81DiNl,I Love Your Smile,Shanice,New Jack Swing,0.617,0.824,5,-7.524,0,0.249,0.0106,0.309,0.725,187.974,hip pop|new jack swing|quiet storm|r&b|urban contemporary,True,test
2YKnKXUeGERi9yCLTO2C3t,I Need Love,LL Cool J,New Jack Swing,0.799,0.279,0,-20.734,1,0.283,0.0753,0.0826,0.671,88.226,east coast hip hop|hardcore hip hop|hip hop|hip pop|old school hip hop|pop rap|queens hip hop|rap|urban contemporary,True,train
2BDRHFw5170t2kRHD3uEMU,I Wanna Love You,Jade,New Jack Swing,0.731,0.707,0,-9.79,0,0.0769,0.0596,0.264,0.838,200.306,hip hop|rap,True,train
1kPBHRXyXdrtYfUfeRwBko,I Wanna Sex You Up - Single Mix,Color Me Badd,New Jack Swing,0.551,0.591,6,-8.404,0,0.12,0.00549,0.0416,0.474,201.799,boy band|new jack swing|r&b|urban contemporary,True,train
2Iw5Rd1IGACxv2CPUZguiG,I Want Her,Keith Sweat,New Jack Swing,0.74,0.467,11,-12.066,0,0.0425,0.0145,0.173,0.89,107.848,dance pop|funk|hip pop|new jack swing|quiet storm|r&b|urban contemporary,True,train
6SdPDNYIs34H0MWBrrfH6T,I'll Give All My Love to You,Keith Sweat,New Jack Swing,0.576,0.377,8,-13.294,1,0.0397,0.529,0.137,0.278,139.942,dance pop|funk|hip pop|new jack swing|quiet storm|r&b|urban contemporary,True,train
04VArZKHm1xesMxqnsutDY,I'm Dreamin',Christopher Williams,New Jack Swing,0.788,0.745,6,-9.342,1,0.0581,0.249,0.25,0.688,110.133,new jack swing|quiet storm|r&b|urban contemporary,True,train
5i35AlocQnfyJjFiWVs3JF,If I Had No Loot,Tony! Toni! Toné!,New Jack Swing,0.689,0.829,11,-7.406,0,0.071,0.123,0.568,0.634,106.672,funk|hip pop|neo soul|new jack swing|quiet storm|r&b|soul|urban contemporary,True,train
6Wgy62vZBMu9dkcSl7Ib78,If It Isn't Love - Single Version,New Edition,New Jack Swing,0.575,0.96,5,-6.464,0,0.0529,0.0579,0.344,0.734,97.503,boy band|dance pop|funk|hip pop|new jack swing|quiet storm|r&b|urban contemporary,True,train
0BTGqPIW9acmhhUmENkq5r,If You Love Me,Brownstone,New Jack Swing,0.687,0.583,7,-10.224,1,0.064,0.224,0.106,0.21,95.137,girl group|hip pop|neo soul|new jack swing|quiet storm|r&b|urban contemporary,True,train
4wZzdnhpV0cjSlfh3fZvhp,Is It Good To You,Teddy Riley,New Jack Swing,0.774,0.81,1,-7.775,1,0.0649,0.0677,0.0269,0.526,107.709,new jack swing,True,train
2zFqQ0xLiMHOVUuV5zw9Gq,It's No Crime,Babyface,New Jack Swing,0.802,0.802,2,-6.709,1,0.0513,0.0608,0.0727,0.912,116.316,dance pop|neo soul|new jack swing|quiet storm|r&b|urban contemporary,True,test
0QVCqacAloq7NsnPWhW3Pk,It's So Hard To Say Goodbye To Yesterday - Original Version,Boyz II Men,New Jack Swing,0.297,0.0986,4,-17.71,1,0.0324,0.924,0.144,0.297,132.121,boy band|new jack swing|quiet storm|r&b|urban contemporary,True,test
5zlwdlqDZ1cIr53ufIGBGh,Jam,Michael Jackson,New Jack Swing,0.884,0.96,2,-4.613,1,0.0721,0.0487,0.271,0.617,116.273,pop|r&b|soul,True,train
0I0VDjGtm7F1lu5UiinV1b,Just Got Paid,Johnny Kemp,New Jack Swing,0.802,0.615,7,-6.342,1,0.0538,0.0061,0.338,0.714,117.3,bahamian pop|new jack swing,True,train
3fCqWsYPCPdLteUpeIOeyQ,Let's Wait Awhile,Janet Jackson,New Jack Swing,0.592,0.188,1,-17.243,1,0.0377,0.82,0.132,0.378,172.683,dance pop|hip pop|neo soul|new jack swing|r&b|urban contemporary,True,train
4ScNzmyZZId9kGK9iXuqjn,Live and Learn,Joe Public,New Jack Swing,0.745,0.891,11,-9.464,0,0.0746,0.0867,0.124,0.654,106.641,new jack swing,True,train
3k7bjprx1V7geejm7NTUiD,Love Makes Things Happen,Babyface,New Jack Swing,0.69,0.57,11,-11.234,1,0.0431,0.649,0.0939,0.896,150.269,dance pop|neo soul|new jack swing|quiet storm|r&b|urban contemporary,True,train
71VdU3mOdQCVwjZX4Pc6C9,Love Saw It (Duet with Karyn White),Babyface,New Jack Swing,0.673,0.586,6,-11.161,0,0.0309,0.223,0.153,0.731,93.005,dance pop|neo soul|new jack swing|quiet storm|r&b|urban contemporary,True,train
30tkVyBPF2ZGF2oBnaE6cE,Love Will Never Do (Without You),Janet Jackson,New Jack Swing,0.746,0.947,1,-9.624,1,0.0602,0.159,0.43,0.462,103.17,dance pop|hip pop|neo soul|new jack swing|r&b|urban contemporary,True,train
0Clwo8t8LxxExXDJ7AqeVg,Lyte as a Rock,MC Lyte,New Jack Swing,0.886,0.546,5,-13.659,0,0.333,0.463,0.238,0.528,113.986,east coast hip hop|electro|gangster rap|hardcore hip hop|hip hop|hip house|hip pop|new jack swing|old school hip hop|rap,True,train
3iI6xZkQSWGjWx5phFVLn2,Make You Sweat,Keith Sweat,New Jack Swing,0.649,0.805,7,-10.53,1,0.0455,0.0465,0.123,0.64,104.968,dance pop|funk|hip pop|new jack swing|quiet storm|r&b|urban contemporary,True,test
2hSiACXW5Nt0yUxWUsoIpU,Mama Said Knock You Out,LL Cool J,New Jack Swing,0.788,0.807,10,-7.092,0,0.118,0.0501,0.334,0.62,102.396,east coast hip hop|hardcore hip hop|hip hop|hip pop|old school hip hop|pop rap|queens hip hop|rap|urban contemporary,True,train
2bWcKoMFFIHYiFLXOMIDSm,Merry Go Round,Keith Sweat,New Jack Swing,0.56,0.55,1,-13.143,0,0.0596,0.189,0.0821,0.549,131.829,dance pop|funk|hip pop|new jack swing|quiet storm|r&b|urban contemporary,True,train
062mh4qAZyDV9dIQK70iu0,Miss You Much,Janet Jackson,New Jack Swing,0.703,0.973,6,-8.719,0,0.0401,0.0284,0.302,0.704,115.184,dance pop|hip pop|neo soul|new jack swing|r&b|urban contemporary,True,train
15HUMkMOJm48NL1GQURjM7,Motownphilly - Original Version,Boyz II Men,New Jack Swing,0.751,0.849,2,-9.703,1,0.0636,0.014,0.158,0.776,114.141,boy band|new jack swing|quiet storm|r&b|urban contemporary,True,train
356O2p4JCGVcsxSI0LBWiP,Mr. Telephone Man,New Edition,New Jack Swing,0.699,0.655,2,-6.574,1,0.0285,0.097,0.0478,0.846,94.126,boy band|dance pop|funk|hip pop|new jack swing|quiet storm|r&b|urban contemporary,True,train
3R97rNX7JnmshCWBwOSFet,My Lovin' (You're Never Gonna Get It),En Vogue,New Jack Swing,0.767,0.839,8,-5.519,1,0.0613,0.0318,0.111,0.461,98.055,dance pop|girl group|hip hop|hip pop|neo soul|new jack swing|r&b|urban contemporary,True,train
0FjMLXne5a6RXzlZyl6ftr,My Prerogative,Bobby Brown,New Jack Swing,0.758,0.596,9,-11.406,1,0.0504,0.0605,0.288,0.645,110.608,dance pop|funk|hip hop|new jack swing|quiet storm|r&b|rap|urban contemporary,True,train
0L3BTsSDXfdRlIyvKLUcST,Nasty,Janet Jackson,New Jack Swing,0.843,0.873,1,-12.549,0,0.0628,0.454,0.267,0.609,103.652,dance pop|hip pop|neo soul|new jack swing|r&b|urban contemporary,True,train
1acz4dYqwZTZw6TgRBmmf2,Nite and Day,Al B. Sure!,New Jack Swing,0.655,0.477,1,-9.616,0,0.0421,0.029,0.0518,0.642,92.097,funk|new jack swing|post-disco|quiet storm|r&b|urban contemporary,True,test
4fqNDb0QJ7j7xln6IvJFdz,Now That We Found Love,Heavy D & The Boyz,New Jack Swing,0.723,0.897,8,-7.914,1,0.0777,0.0291,0.175,0.677,119.96,east coast hip hop|electro|funk|hardcore hip hop|hip hop|hip house|hip pop|new jack swing|old school hip hop|quiet storm|r&b|rap|urban contemporary,True,test
7ySbfLwdCwl1EM0zNCJZ38,One Sweet Day,Mariah Carey,New Jack Swing,0.569,0.495,1,-8.964,1,0.03,0.353,0.0839,0.302,128.228,dance pop|pop|r&b|urban contemporary,True,train
7z38bideBRvGAgjXe2SECm,Opposites Attract,Paula Abdul,New Jack Swing,0.783,0.842,1,-8.838,1,0.054,0.0337,0.0519,0.933,117.79,dance pop|europop|new wave pop|pop rock|soft rock|urban contemporary,True,train
0dDifktDnbzmGwliFzI0Ld,Poison,Bell Biv DeVoe,New Jack Swing,0.836,0.613,6,-9.376,0,0.21,0.00206,0.634,0.783,111.879,boy band|funk|hip hop|hip pop|new jack swing|quiet storm|r&b|rap|urban contemporary,True,test
78fii1y8vrGtn5YtHEnpaN,Ready Or Not,After 7,New Jack Swing,0.713,0.737,8,-7.42,0,0.0318,0.0377,0.102,0.855,141.691,funk|neo soul|new jack swing|quiet storm|r&b|urban contemporary,True,train
52yW8YAEwKcUZZVcflq3Fw,Remember The Time,Michael Jackson,New Jack Swing,0.831,0.921,5,-2.383,0,0.0581,0.153,0.305,0.794,108.002,pop|r&b|soul,True,train
0Ow2s49u3akTmiLDmb1GU0,Rock Wit'cha,Bobby Brown,New Jack Swing,0.677,0.544,11,-13.237,0,0.0451,0.0313,0.0454,0.893,77.837,dance pop|funk|hip hop|new jack swing|quiet storm|r&b|rap|urban contemporary,True,train
1eDCizNe4EQMj7okkjIeXo,Romantic,Karyn White,New Jack Swing,0.68,0.941,1,-7.509,0,0.0374,0.484,0.0656,0.823,110.264,minneapolis sound|new jack swing|quiet storm|r&b|urban contemporary,True,train
4FHThyT81RGEPRW5ZTL00K,Roni,Bobby Brown,New Jack Swing,0.706,0.681,9,-12.543,1,0.0391,0.0137,0.0777,0.887,147.297,dance pop|funk|hip hop|new jack swing|quiet storm|r&b|rap|urban contemporary,True,train
3HGE6Is63CrKHS9DZ26RIO,Rub You The Right Way,Johnny Gill,New Jack Swing,0.667,0.874,10,-6.937,1,0.0441,0.0163,0.322,0.865,111.871,funk|neo soul|new jack swing|quiet storm|r&b|urban contemporary,True,train
0BEIdPXZsO2pprPwKfTVjy,Rump Shaker,Wreckx-N-Effect,New Jack Swing,0.865,0.836,1,-6.088,1,0.225,0.00372,0.301,0.248,102.754,new jack swing|rap,True,train
1CWATjW7r3d7gXm2QZAWXu,Secret Rendezvous,Karyn White,New Jack Swing,0.733,0.689,10,-13.001,0,0.0388,0.0503,0.0656,0.888,111.695,minneapolis sound|new jack swing|quiet storm|r&b|urban contemporary,True,test
6yz8tJF1yWkRtDAvjh2SWU,Sensitivity,Ralph Tresvant,New Jack Swing,0.688,0.789,1,-9.261,1,0.0438,0.145,0.0775,0.719,96.955,new jack swing|quiet storm|r&b|urban contemporary,True,train
1oz2ikzPTFrGHt0VDyuTc5,She's Got That Vibe - Radio Edit,R. Kelly,New Jack Swing,0.785,0.877,8,-2.917,1,0.0995,0.0418,0.187,0.787,113.139,,False,train
0mDk3F7fxwDgDCDE16ueO7,She's Playing Hard To Get,Hi-Five,New Jack Swing,0.518,0.807,1,-6.68,1,0.057,0.00768,0.271,0.781,199.979,boy band|hip pop|new jack swing|quiet storm|r&b|urban contemporary,True,train
6C1YAAL2KFTlpqfZqVN5LD,State Of The World,Janet Jackson,New Jack Swing,0.735,0.836,6,-8.117,1,0.0466,0.31,0.205,0.855,112.309,dance pop|hip pop|neo soul|new jack swing|r&b|urban contemporary,True,train
2SPFC3GXog3hBb24Ww9sFV,Stay,Eternal,New Jack Swing,0.591,0.727,10,-8.058,0,0.054,0.00411,0.0289,0.846,98.528,dark trap|emo rap|glitchcore|underground hip hop,True,test
5xl5582IihbEZAnfj0xyso,Straight Up,Paula Abdul,New Jack Swing,0.769,0.826,7,-8.252,1,0.0624,0.267,0.0684,0.762,95.862,dance pop|europop|new wave pop|pop rock|soft rock|urban contemporary,True,train
7ujhMvJuLNkmm0hnhlNyv9,Teddy's Jam,Guy,New Jack Swing,0.797,0.926,2,-5.561,1,0.0803,0.0344,0.113,0.76,104.592,bow pop|classify,True,test
5FFD1qfYfW3b4zM2vYlMOx,Tell Me What You Want Me to Do,Tevin Campbell,New Jack Swing,0.609,0.551,6,-7.93,1,0.0291,0.0233,0.234,0.512,127.956,dance pop|hip pop|neo soul|new jack swing|quiet storm|r&b|urban contemporary,True,train
0rEFyT5IzHweiULf6QZXmz,Tender Love,Force M.D.'s,New Jack Swing,0.34,0.336,8,-7.288,1,0.0289,0.765,0.126,0.0932,142.631,funk|new jack swing|quiet storm|urban contemporary,True,train
00GfGwzlSB8DoA0cDP2Eit,Tender Lover,Babyface,New Jack Swing,0.743,0.86,5,-6.346,1,0.0445,0.226,0.0513,0.687,102.459,dance pop|neo soul|new jack swing|quiet storm|r&b|urban contemporary,True,train
55hCApSPesst6S7XmsBkJH,The Pleasure Principle,Janet Jackson,New Jack Swing,0.663,0.685,0,-11.907,1,0.0511,0.431,0.146,0.894,116.845,dance pop|hip pop|neo soul|new jack swing|r&b|urban contemporary,True,train
7My9HNyDC5qj7wreU8Yx2u,The Rain,Oran Juice Jones,New Jack Swing,0.716,0.969,0,-4.182,0,0.0597,0.00683,0.191,0.862,109.214,,False,train
57ysLbmFhxX9WL9e5QTAmz,The Way That You Love Me,Paula Abdul,New Jack Swing,0.766,0.852,1,-8.297,1,0.0729,0.0932,0.0825,0.886,119.969,dance pop|europop|new wave pop|pop rock|soft rock|urban contemporary,True,train
1TtJkmAW9Rc55iVOPgZ33z,The Way You Love Me,Karyn White,New Jack Swing,0.797,0.785,6,-7.523,1,0.0723,0.0712,0.0691,0.863,105.072,minneapolis sound|new jack swing|quiet storm|r&b|urban contemporary,True,train
5OI4XbIHmAGDNnmP01sD82,Thinkin' Back,Color Me Badd,New Jack Swing,0.587,0.326,6,-11.204,0,0.0242,0.208,0.133,0.271,90.813,boy band|new jack swing|r&b|urban contemporary,True,test
5DHAUZAwwVxcaUnPeSth5I,Two Occasions,The Deele,New Jack Swing,0.563,0.706,9,-7.924,0,0.0501,0.124,0.229,0.584,170.038,funk|new jack swing|post-disco|quiet storm|urban contemporary,True,train
3xMZoua2UaGidXpQ7sSQu7,Uhh Ahh - Sequel Version,Boyz II Men,New Jack Swing,0.688,0.338,6,-16.415,0,0.0514,0.0975,0.143,0.481,126.091,boy band|new jack swing|quiet storm|r&b|urban contemporary,True,train
6qspW4YKycviDFjHBOaqUY,Waterfalls,TLC,New Jack Swing,0.77,0.505,1,-7.345,1,0.0828,0.311,0.0777,0.757,171.798,atl hip hop|dance pop|girl group|hip hop|hip pop|new jack swing|pop|pop rap|r&b|urban contemporary,True,train
71EHOyEOhNx1SzTebRRyng,Weak,SWV,New Jack Swing,0.693,0.533,2,-10.954,0,0.0402,0.107,0.0695,0.568,127.661,dance pop|girl group|hip hop|hip pop|neo soul|new jack swing|quiet storm|r&b|urban contemporary,True,train
63PIgPkDf3rswlU4ZWCYAM,What About Your Friends,TLC,New Jack Swing,0.744,0.851,10,-10.108,0,0.049,0.0267,0.0989,0.626,105.882,atl hip hop|dance pop|girl group|hip hop|hip pop|new jack swing|pop|pop rap|r&b|urban contemporary,True,train
0arymh4a4YsUaps34DfA7L,When Can I See You,Babyface,New Jack Swing,0.813,0.432,1,-13.324,1,0.0602,0.251,0.115,0.573,84.612,dance pop|neo soul|new jack swing|quiet storm|r&b|urban contemporary,True,train
1o2IoGqzWhjyJEmWFCSUTF,When I Think Of You,Janet Jackson,New Jack Swing,0.763,0.603,9,-12.23,1,0.0404,0.0745,0.0544,0.681,116.232,dance pop|hip pop|neo soul|new jack swing|r&b|urban contemporary,True,train
4D13ulAZI1V7PG7Zg1Ar7r,Whip Appeal - 12-inch Version,Babyface,New Jack Swing,0.454,0.548,11,-7.421,0,0.0476,0.309,0.076,0.598,73.011,dance pop|neo soul|new jack swing|quiet storm|r&b|urban contemporary,True,train
5QLHGv0DfpeXLNFo7SFEy1,1979 - Remastered 2012,The Smashing Pumpkins,Permanent Wave,0.765,0.788,3,-9.896,1,0.0332,0.0166,0.0513,0.964,126.879,alternative metal|alternative rock|grunge|modern rock|permanent wave|pop rock|rock,True,train
5wTM2Bm8phDwHAuOsfBwhU,2000 Miles - 2007 Remaster,Pretenders,Permanent Wave,0.22,0.708,7,-9.051,1,0.035,0.00292,0.102,0.453,66.214,album rock|art rock|classic rock|dance rock|folk|folk rock|lilith|mellow gold|new romantic|new wave|new wave pop|permanent wave|pop rock|rock|soft rock,True,train
2LUGAmTUIgFyHPVWmFRzvw,Algiers,The Afghan Whigs,Permanent Wave,0.615,0.799,9,-6.892,0,0.0305,0.0341,0.111,0.697,114.984,alternative pop|alternative rock|gbvfi|permanent wave,True,train
1L94M3KIu7QluZe63g64rv,Alive,Pearl Jam,Permanent Wave,0.284,0.875,11,-6.069,0,0.0422,0.00752,0.402,0.595,75.009,alternative rock|grunge|permanent wave|rock,True,test
3ZpQiJ78LKINrW9SQTgbXd,All I Wanna Do,Sheryl Crow,Permanent Wave,0.82,0.528,9,-11.179,1,0.0321,0.111,0.257,0.931,120.091,folk|lilith|mellow gold|neo mellow|new wave pop|permanent wave|pop rock|rock,True,test
07ABETRdek3ACMpRPvQuaT,Always on My Mind,Pet Shop Boys,Permanent Wave,0.533,0.783,7,-10.61,1,0.0366,0.0116,0.186,0.726,124.874,art pop|dance pop|dance rock|europop|new romantic|new wave|new wave pop|permanent wave|synthpop,True,test
6G8fblD9DbcEmaKOKDy3XL,Angel,Sarah McLachlan,Permanent Wave,0.399,0.0861,1,-14.679,1,0.037,0.948,0.104,0.129,117.451,canadian pop|canadian singer-songwriter|ectofolk|folk|lilith|new wave pop|permanent wave|pop rock,True,train
45Ia1U4KtIjAPPU7Wv1Sea,Are You Gonna Go My Way,Lenny Kravitz,Permanent Wave,0.619,0.67,11,-10.319,0,0.0353,0.00165,0.331,0.777,129.267,permanent wave|pop rock|rock,True,train
4R7kumtHnf5SsKyPYrVO5r,Autumn Sweater,Yo La Tengo,Permanent Wave,0.628,0.455,7,-12.436,1,0.0427,0.141,0.135,0.858,102.09,alternative rock|anti-folk|art pop|dream pop|freak folk|indie pop|indie rock|lo-fi|new jersey indie|permanent wave|rock,True,train
3zwmW1gM4E8FlHXV5nE16u,Be Yourself,Audioslave,Permanent Wave,0.423,0.845,11,-3.509,0,0.0559,0.143,0.213,0.317,116.602,alternative metal|alternative rock|modern rock|nu metal|permanent wave|post-grunge|rock|supergroup,True,test
77XlfkvXtMwppbEU5sku97,Because the Night,Patti Smith,Permanent Wave,0.443,0.797,11,-5.329,0,0.0351,0.0526,0.0997,0.521,123.428,art punk|art rock|dance rock|folk rock|permanent wave|protopunk|rock,True,train
57iDDD9N9tTWe75x6qhStw,Bitter Sweet Symphony,The Verve,Permanent Wave,0.356,0.917,9,-6.006,1,0.0479,0.0335,0.406,0.518,171.176,alternative rock|britpop|modern rock|permanent wave|pop rock|rock|shoegaze,True,train
6wVViUl2xSRoDK2T7dMZbR,Bizarre Love Triangle,New Order,Permanent Wave,0.613,0.885,10,-7.463,1,0.052,0.0804,0.0997,0.919,118.506,art rock|dance rock|madchester|new romantic|new wave|new wave pop|permanent wave|post-punk|rock|synthpop|uk post-punk,True,train
4KcH1ZRV2W1q7Flq0QqC76,Blitzkrieg Bop - 2016 Remaster,Ramones,Permanent Wave,0.385,0.783,9,-2.533,1,0.233,0.000269,0.108,0.902,176.701,classic rock|early us punk|permanent wave|punk|rock|skate punk,True,train
4jKq1e80xAYixkIwt6YyV1,Brick,Ben Folds Five,Permanent Wave,0.542,0.454,2,-10.247,1,0.025,0.645,0.15,0.267,96.881,alternative rock|permanent wave|piano rock|pop rock,True,train
38paDDziQ57k1f4VfKTeGk,California Stars,Billy Bragg,Permanent Wave,0.622,0.736,9,-9.229,1,0.0292,0.422,0.0829,0.723,110.24,alternative country|alternative rock|anti-folk|folk|folk punk|folk rock|permanent wave|roots rock|singer-songwriter|traditional folk|uk americana,True,train
6HZ67VImxqr8aMBEEhblzf,Cars,Gary Numan,Permanent Wave,0.546,0.578,2,-8.745,1,0.0406,0.0114,0.0692,0.819,128.037,art rock|dance rock|new romantic|new wave|new wave pop|permanent wave|post-punk|synthpop,True,test
11bD1JtSjlIgKgZG2134DZ,Chasing Cars,Snow Patrol,Permanent Wave,0.563,0.592,9,-4.571,1,0.0276,0.209,0.132,0.136,104.016,irish rock|modern rock|neo mellow|permanent wave|pop rock|rock,True,train
2fXKyAyPrEa24c6PJyqznF,Common People,Pulp,Permanent Wave,0.314,0.797,0,-9.026,1,0.038,0.0057,0.0718,0.569,145.393,bubblegrunge|chicago indie|indie garage rock|indie pop|indie rock,True,train
0wCrg1LhgPcGMw51qqpI6k,Constant Craving,k.d. lang,Permanent Wave,0.6,0.77,5,-5.559,0,0.0302,0.0603,0.0967,0.321,128.473,canadian country|canadian pop|canadian singer-songwriter|folk|lilith|mellow gold|new wave pop|permanent wave|queer country|singer-songwriter|women's music,True,train
1300POeOaj8qho30FRHjgf,Cornflake Girl,Tori Amos,Permanent Wave,0.631,0.638,7,-8.958,1,0.0274,0.4,0.216,0.812,133.739,art pop|ectofolk|folk|lilith|melancholia|new wave pop|permanent wave|piano rock|pop rock|singer-songwriter,True,train
6PNvv1dmDbOWrAYwEcuKBX,Criminal,Fiona Apple,Permanent Wave,0.595,0.804,7,-7.911,0,0.0326,0.0129,0.299,0.586,89.846,art pop|chamber pop|lilith|permanent wave|piano rock|pop rock|singer-songwriter,True,train
7G7tgVYORlDuVprcYHuFJh,Don't Dream It's Over,Crowded House,Permanent Wave,0.439,0.422,8,-17.227,1,0.0409,0.0148,0.0697,0.551,81.833,australian rock|dance rock|mellow gold|permanent wave|pop rock|rock,True,train
7H8zey5My6uNdD2TxeCb9F,Don't Speak,No Doubt,Permanent Wave,0.522,0.707,5,-7.113,0,0.0354,0.24,0.156,0.572,76.05,alternative rock|dance pop|permanent wave|pop rock,True,train
3L7RtEcu1Hw3OXrpnthngx,Don't You Want Me,The Human League,Permanent Wave,0.731,0.738,9,-8.125,0,0.0377,0.184,0.214,0.958,117.656,art rock|dance rock|new romantic|new wave|new wave pop|permanent wave|sophisti-pop|synthpop,True,train
48mJX8glOrQkrSdVBjc0Wb,Down By The Water,PJ Harvey,Permanent Wave,0.623,0.622,2,-12.255,1,0.0412,0.00168,0.343,0.319,125.166,alternative rock|art pop|art rock|chamber psych|indie rock|lilith|melancholia|permanent wave|piano rock|rock|singer-songwriter,True,train
3NYCaxkggl0Hh8vQptSUvV,Enola Gay - Remastered,Orchestral Manoeuvres In The Dark,Permanent Wave,0.559,0.764,2,-7.058,0,0.0348,0.00441,0.0807,0.932,143.319,dance rock|new romantic|new wave|new wave pop|permanent wave|synthpop,True,train
5UWwZ5lm5PKu6eKsHAGxOk,Everlong,Foo Fighters,Permanent Wave,0.412,0.882,11,-5.54,0,0.0369,5.96e-05,0.0805,0.356,158.066,alternative metal|alternative rock|modern rock|permanent wave|post-grunge|rock,True,train
1JSTJqkT5qHq8MDJnJbRE1,Every Breath You Take,The Police,Permanent Wave,0.82,0.452,1,-9.796,1,0.0348,0.543,0.0714,0.74,117.401,album rock|art rock|classic rock|dance rock|mellow gold|new wave|permanent wave|rock|soft rock,True,test
3tRv4ZYZimrL27flnjgeR6,Every You Every Me,Placebo,Permanent Wave,0.478,0.923,10,-7.547,1,0.0569,2.7e-05,0.325,0.165,133.134,alternative rock|britpop|modern rock|permanent wave|rock,True,train
4RvWPyQ5RL0ao9LPZeSouE,Everybody Wants To Rule The World,Tears For Fears,Permanent Wave,0.645,0.795,7,-12.095,1,0.0527,0.347,0.104,0.535,112.067,dance rock|new romantic|new wave|new wave pop|permanent wave|rock|soft rock|sophisti-pop|synthpop,True,train
28c4nfBHdb3xviamRCEsIe,Feel the Pain,Dinosaur Jr.,Permanent Wave,0.34,0.804,0,-8.355,1,0.0516,0.00331,0.0727,0.854,131.5,alternative pop|alternative rock|grunge|indie rock|lo-fi|modern rock|noise pop|noise rock|permanent wave|post-hardcore|post-punk|power pop|punk|rock,True,train
4y1LsJpmMti1PfRQV9AWWe,Girls Just Want to Have Fun,Cyndi Lauper,Permanent Wave,0.71,0.799,6,-4.897,1,0.0328,0.22,0.349,0.725,120.372,dance pop|dance rock|europop|mellow gold|new wave pop|permanent wave|pop rock|soft rock,True,train
760xFXFj5Fksa3jawSCn5g,Goody Two Shoes,Adam Ant,Permanent Wave,0.624,0.991,1,-3.467,0,0.135,0.0289,0.0477,0.535,95.472,dance rock|new romantic|new wave|new wave pop|permanent wave,True,test
3pRaLNL3b8x5uBOcsgvdqM,Hallelujah,Jeff Buckley,Permanent Wave,0.323,0.136,0,-10.33,1,0.0318,0.931,0.176,0.0828,96.88,melancholia|permanent wave|rock|singer-songwriter,True,train
7yzbimr8WVyAtBX3Eg6UL9,Hallelujah,Leonard Cohen,Permanent Wave,0.28,0.344,0,-12.577,1,0.0293,0.715,0.133,0.232,171.143,canadian singer-songwriter|folk|folk rock|melancholia|permanent wave|singer-songwriter,True,train
0a4agFmqHXxcZl1nho1BxM,Heart Of Glass - Special Mix,Blondie,Permanent Wave,0.694,0.577,4,-14.63,1,0.0308,0.015,0.0853,0.845,114.478,candy pop|dance rock|new wave|new wave pop|permanent wave|power pop|rock,True,train
1Q1b8eVkUPGlpSArl8JAVw,Heart of Gold - 2009 Remaster,Neil Young,Permanent Wave,0.541,0.459,4,-10.433,0,0.0297,0.189,0.099,0.803,171.165,album rock|canadian singer-songwriter|classic canadian rock|classic rock|mellow gold|permanent wave|rock|roots rock|singer-songwriter,True,train
1pHP4JeQV9wDx87D6qH9hD,Here It Goes Again,OK Go,Permanent Wave,0.537,0.882,0,-2.306,1,0.0403,0.000342,0.12,0.81,145.729,alternative rock|chicago indie|dance-punk|indie pop|indie rock|modern alternative rock|modern rock|permanent wave|pop rock|rock,True,train
4o7ZPI2fmEi3piRe0Hrfpy,Hey Jealousy,Gin Blossoms,Permanent Wave,0.471,0.797,6,-8.407,0,0.0389,0.000179,0.299,0.497,152.903,alternative rock|neo mellow|permanent wave|pop rock|post-grunge|rock|tempe indie,True,train
79MMMdYL00iwKVHBSAUkLY,I Wanna Be Your Dog - 2019 Remaster,The Stooges,Permanent Wave,0.523,0.941,4,-4.444,0,0.0377,0.0878,0.106,0.145,120.67,alternative rock|blues rock|classic rock|dance rock|garage rock|permanent wave|post-punk|protopunk|psychedelic rock|punk|punk blues|rock,True,train
09QZAEmdbq28OaNyqTOEvY,Icky Thump,The White Stripes,Permanent Wave,0.424,0.632,9,-7.243,1,0.0922,0.021,0.0545,0.356,97.694,alternative rock|blues rock|garage rock|modern blues rock|modern rock|permanent wave|punk blues|rock,True,train
2VmyLy2HQlkevZYboXHM5O,If You Tolerate This Your Children Will Be Next,Manic Street Preachers,Permanent Wave,0.222,0.81,0,-6.189,1,0.0399,0.000188,0.084,0.266,96.302,alternative rock|britpop|modern rock|permanent wave|pop rock|rock|welsh rock,True,test
407ltk0BtcZI8kgu0HH4Yj,Into My Arms - 2011 Remastered Version,Nick Cave & The Bad Seeds,Permanent Wave,0.484,0.0874,0,-17.796,1,0.0394,0.894,0.11,0.219,94.163,art rock|permanent wave|rock,True,train
6Qyc6fS4DsZjB2mRW9DsQs,Iris,The Goo Goo Dolls,Permanent Wave,0.315,0.715,11,-8.072,0,0.0362,0.00125,0.0942,0.497,155.925,alternative rock|neo mellow|permanent wave|pop rock|post-grunge,True,train
29SRvYOKbMLOZeOubNGtLb,Is She Really Going Out With Him?,Joe Jackson,Permanent Wave,0.874,0.318,3,-6.869,1,0.0454,0.0353,0.217,0.919,116.117,album rock|art rock|classic rock|classic uk pop|dance rock|folk|folk rock|mellow gold|new romantic|new wave|new wave pop|permanent wave|power pop|pub rock|rock|soft rock|sophisti-pop,True,train
2MLHyLy5z5l5YRp7momlgw,Island In The Sun,Weezer,Permanent Wave,0.654,0.81,4,-6.26,0,0.0288,0.00719,0.165,0.661,114.623,alternative rock|modern power pop|modern rock|permanent wave|pop rock|rock,True,train
3CMVjlbvNJMHDfYPX7xCpi,It's Oh So Quiet,Björk,Permanent Wave,0.461,0.129,3,-14.189,1,0.0565,0.652,0.07,0.246,129.19,alternative dance|art pop|chamber psych|dance pop|electronica|electropop|experimental pop|experimental vocal|icelandic experimental|icelandic pop|metropopolis|permanent wave|trip hop,True,train
7c1Dar0pIAW7w5TzaGjt9t,Jane Says,Jane's Addiction,Permanent Wave,0.402,0.597,2,-9.258,1,0.0327,0.0385,0.109,0.496,81.806,alternative metal|alternative rock|art rock|blues rock|funk metal|funk rock|grunge|hard rock|modern rock|nu metal|permanent wave|rock,True,train
0qi4b1l0eT3jpzeNHeFXDT,Just Can't Get Enough,Depeche Mode,Permanent Wave,0.766,0.772,0,-9.362,1,0.0353,0.403,0.183,0.92,128.166,dance rock|new romantic|new wave|permanent wave|synthpop,True,train
4alHo6RGd0D3OUbTPExTHN,Just What I Needed,The Cars,Permanent Wave,0.619,0.579,4,-9.307,1,0.0473,0.0152,0.0858,0.69,127.224,album rock|art rock|classic rock|dance rock|folk rock|hard rock|mellow gold|new romantic|new wave|new wave pop|permanent wave|pop rock|power pop|rock|soft rock,True,test
2CdS3DRqWR5LAhy4hM5X9W,Laid,James,Permanent Wave,0.457,0.909,0,-9.451,1,0.0317,0.0016,0.135,0.755,115.998,pop|talent show|uk pop,True,train
5PntSbMHC1ud6Vvl8x56qd,Loser,Beck,Permanent Wave,0.654,0.611,2,-10.45,1,0.119,0.0337,0.405,0.786,85.387,dance pop|latin|latin pop|latin viral pop|pop|post-teen pop|rap latina|reggaeton|trap latino,True,test
31AOj9sFz2gM0O3hMARRBx,Losing My Religion,R.E.M.,Permanent Wave,0.666,0.855,9,-5.051,0,0.0295,0.179,0.0987,0.803,125.639,alternative rock|classic rock|permanent wave|pop rock|rock,True,train
4W4wYHtsrgDiivRASVOINL,Love Shack,The B-52's,Permanent Wave,0.715,0.817,5,-6.227,0,0.0532,0.0325,0.851,0.871,133.858,art rock|dance rock|new romantic|new wave|new wave pop|permanent wave|post-punk|rock|zolo,True,train
7aQjPecQdIuNd1sz3KCDhD,Lovefool,The Cardigans,Permanent Wave,0.704,0.636,9,-6.029,1,0.0252,0.0344,0.35,0.89,111.845,dance pop|lilith|new wave pop|permanent wave|pop rock|swedish pop,True,test
6ctbCIikHbC6tSOL1rewQX,Low,Cracker,Permanent Wave,0.329,0.646,7,-6.962,1,0.0283,0.0093,0.101,0.471,173.974,alternative country|alternative rock|permanent wave|pop rock|roots rock,True,train
48Ej1CDmpsETlImicgiXWC,Luka,Suzanne Vega,Permanent Wave,0.637,0.781,6,-8.263,1,0.031,0.194,0.131,0.789,124.939,folk|lilith|new wave pop|permanent wave|pop rock|singer-songwriter,True,train
7d8GetOsjbxYnlo6Y9e5Kw,Mr. Brightside,The Killers,Permanent Wave,0.352,0.928,1,-3.71,1,0.0758,0.00113,0.0987,0.239,148.026,modern rock|permanent wave|rock,True,train
0i19MAZbyn8uTir7FprXId,Oh! Sweet Nuthin' - 2015 Remastered,The Velvet Underground,Permanent Wave,0.399,0.467,5,-11.763,1,0.0284,0.303,0.124,0.525,75.601,alternative rock|art rock|classic rock|folk rock|melancholia|permanent wave|protopunk|psychedelic rock|rock,True,train
1IsGA5ceSC4a5nxgAEYnQd,Only Happy When It Rains,Garbage,Permanent Wave,0.511,0.827,1,-4.55,0,0.0323,3.77e-05,0.208,0.486,121.459,alternative dance|alternative rock|dance pop|electronic rock|lilith|permanent wave|pop rock|rock,True,train
1i6N76fftMZhijOzFQ5ZtL,Psycho Killer - 2005 Remaster,Talking Heads,Permanent Wave,0.721,0.521,2,-8.123,1,0.0612,0.0707,0.127,0.942,123.118,art punk|art rock|dance rock|funk rock|new wave|permanent wave|post-punk|rock|zolo,True,train
6ZAwEE4kTdtvyE66iRhFxR,Real Wild Child (Wild One),Iggy Pop,Permanent Wave,0.59,0.851,4,-11.754,1,0.0297,0.0174,0.154,0.968,146.213,alternative rock|classic rock|dance rock|glam rock|new wave|permanent wave|post-punk|protopunk|punk|rock,True,train
57Xjny5yNzAcsxnusKmAfA,Reptilia,The Strokes,Permanent Wave,0.486,0.666,9,-5.084,1,0.033,0.000563,0.101,0.741,157.992,alternative rock|garage rock|modern rock|permanent wave|rock,True,train
3TW48DvQ7ChwY1Yy1tkMaP,Runaway Train,Soul Asylum,Permanent Wave,0.613,0.72,0,-7.957,1,0.0425,0.0132,0.104,0.561,117.341,alternative rock|grunge|permanent wave|pop rock|post-grunge|rock,True,train
37EJtTS7jT5WUyXGZzrwnI,Santa Monica,Everclear,Permanent Wave,0.491,0.942,7,-5.333,1,0.132,0.156,0.367,0.387,100.446,alternative metal|alternative rock|permanent wave|pop rock|post-grunge|rock,True,test
0EqtsCvcDjEz6svFsaV5HN,Save Me,Aimee Mann,Permanent Wave,0.616,0.346,10,-10.438,1,0.0304,0.604,0.0914,0.344,143.351,folk|lilith|new wave pop|permanent wave|pop rock,True,train
7LdKMBKthcdBnAqlAIGqCB,See A Little Light,Bob Mould,Permanent Wave,0.552,0.774,2,-9.106,1,0.0292,0.0168,0.0701,0.783,110.906,alternative country|alternative pop|alternative rock|gbvfi|indie rock|permanent wave|power pop|roots rock,True,train
31Tp5iKrVUayn65qhg06nE,She,Elvis Costello,Permanent Wave,0.333,0.28,1,-12.87,1,0.032,0.427,0.13,0.276,130.876,art rock|dance rock|folk|folk rock|lilith|mellow gold|new wave pop|permanent wave|power pop|pub rock|rock|roots rock|singer-songwriter,True,test
1f3yAtsJtY87CTmM8RLnxf,Smells Like Teen Spirit,Nirvana,Permanent Wave,0.502,0.912,1,-4.556,1,0.0564,2.55e-05,0.106,0.72,116.761,alternative rock|grunge|permanent wave|rock,True,train
3bHhUEOTIbezeZ856R0BX5,Society,Eddie Vedder,Permanent Wave,0.561,0.327,11,-10.835,0,0.0327,0.902,0.111,0.298,161.861,acoustic rock|permanent wave|rock,True,train
6vZZtivPrtpggT5SSXsYTy,Solsbury Hill,Peter Gabriel,Permanent Wave,0.678,0.631,11,-8.624,1,0.0301,0.355,0.376,0.463,102.378,album rock|art pop|art rock|classic rock|dance rock|mellow gold|permanent wave|rock|soft rock,True,train
1FTSo4v6BOZH9QxKc3MbVM,Song 2 - 2012 Remaster,Blur,Permanent Wave,0.674,0.789,8,-6.903,1,0.0676,0.00178,0.0754,0.918,129.804,alternative rock|britpop|dance rock|madchester|modern rock|permanent wave|pop rock|rock,True,train
4mpAm83XX1iS63l8wmkEC6,Spread Your Love,Black Rebel Motorcycle Club,Permanent Wave,0.415,0.901,2,-3.124,1,0.0428,0.00987,0.136,0.424,128.216,alternative rock|blues rock|dance-punk|garage rock|garage rock revival|indie rock|modern alternative rock|modern blues rock|modern rock|permanent wave|punk blues|rock,True,test
7wXJyWtRktzx7shORVNX5B,Strange Overtones,David Byrne,Permanent Wave,0.694,0.838,1,-6.942,1,0.0465,0.271,0.612,0.809,109.976,art pop|art punk|art rock|dance rock|permanent wave,True,test
0kA5scXMiaO5Ms2GQ4pRWa,Suedehead - 2011 Remaster,Morrissey,Permanent Wave,0.529,0.989,2,-4.5,1,0.042,0.00126,0.0567,0.669,142.29,alternative rock|britpop|dance rock|madchester|new wave|permanent wave|pop rock|rock,True,train
14g6foD6sxO1qgkDKuPgWv,Swingin Party - 2008 Remaster,The Replacements,Permanent Wave,0.647,0.69,6,-8.657,0,0.0454,0.0224,0.147,0.682,117.514,alternative pop|alternative rock|art rock|dance rock|indie rock|new wave|permanent wave|pop rock|post-punk|power pop|punk|rock|roots rock,True,test
2WfaOiMkCvy7F5fcp2zZ8L,Take on Me,a-ha,Permanent Wave,0.573,0.902,6,-7.638,0,0.054,0.018,0.0928,0.876,84.412,album rock|classic rock|folk rock|mellow gold|rock|soft rock|yacht rock,True,train
6UGpcXcENaUqQKPc6oqOe4,The Book of Love,The Magnetic Fields,Permanent Wave,0.484,0.262,7,-13.286,1,0.0263,0.978,0.117,0.332,98.516,alternative rock|anti-folk|art pop|art rock|chamber pop|freak folk|indie folk|indie pop|indie rock|lo-fi|melancholia|metropopolis|permanent wave|stomp and holler|tape club,True,train
35E2eKIEXXnP5q9L51iOAk,The Killing Moon,Echo & the Bunnymen,Permanent Wave,0.568,0.829,7,-7.066,1,0.0303,0.218,0.0976,0.79,124.201,alternative rock|art rock|dance rock|new romantic|new wave|new wave pop|permanent wave|post-punk|punk|rock|uk post-punk,True,train
2UWdUez9MB9yzL7Y81Mcip,The Suburbs,Arcade Fire,Permanent Wave,0.616,0.682,6,-6.148,0,0.0265,0.0578,0.342,0.528,117.78,alternative dance|alternative rock|baroque pop|canadian indie|dance-punk|indie pop|indie rock|modern rock|new rave|permanent wave|quebec indie|rock,True,test
3kxT1j8Q7BgRuuz85NZwav,The Tears Of A Clown,The English Beat,Permanent Wave,0.616,0.826,2,-8.965,1,0.048,0.0533,0.0272,0.964,167.751,dance rock|new romantic|new wave|permanent wave|ska|ska revival,True,train
0WQiDwKJclirSYG9v5tayI,There Is a Light That Never Goes Out - 2011 Remaster,The Smiths,Permanent Wave,0.523,0.769,4,-5.855,1,0.0269,0.04,0.136,0.876,136.162,dance rock|madchester|new wave|permanent wave|rock|uk post-punk,True,train
1dQOMZz9SkT7ig0w65lQWC,This Year's Love,David Gray,Permanent Wave,0.33,0.167,8,-11.635,1,0.0311,0.731,0.101,0.202,164.954,neo mellow|permanent wave|pop rock,True,test
7Hj5QvOZvdZKtlBuq8nTXE,Universal Heart-Beat,Juliana Hatfield,Permanent Wave,0.534,0.814,2,-7.978,1,0.0717,0.0359,0.721,0.686,127.967,,False,train
4VqPOruhp5EdPBeR92t6lQ,Uprising,Muse,Permanent Wave,0.602,0.905,2,-4.046,1,0.0775,0.000202,0.117,0.411,128.019,modern rock|permanent wave|rock,True,train
5p3JunprHCxClJjOmcLV8G,Walk On the Wild Side,Lou Reed,Permanent Wave,0.575,0.318,0,-16.729,1,0.109,0.683,0.0934,0.385,104.522,art rock|classic rock|dance rock|glam rock|permanent wave|psychedelic rock|rock|singer-songwriter,True,train
5kz9GDBTX846OXwqWoyKzF,We Got The Beat,The Go-Go's,Permanent Wave,0.587,0.994,2,-5.61,1,0.045,0.155,0.0319,0.481,151.941,miami hip hop|underground hip hop|vapor trap,True,train
6mcxQ1Y3uQRU0IHsvdNLH1,Where Is My Mind?,Pixies,Permanent Wave,0.518,0.436,4,-14.134,1,0.0349,0.0157,0.079,0.27,80.88,alternative rock|art rock|boston rock|modern rock|permanent wave|rock,True,test
4z4PB23xYTg1oANmyZovsw,Why Can't I?,Liz Phair,Permanent Wave,0.487,0.759,11,-4.849,1,0.0405,0.0273,0.165,0.227,80.958,alternative pop|alternative rock|anti-folk|candy pop|folk|lilith|new wave pop|permanent wave|pop rock,True,train
6ADSaE87h8Y3lccZlBJdXH,With Or Without You - Remastered,U2,Permanent Wave,0.54,0.429,2,-11.822,1,0.0285,0.000202,0.141,0.113,110.171,irish rock|permanent wave|rock,True,train
5qqabIl2vWzo9ApSC317sa,Wonderwall - Remastered,Oasis,Permanent Wave,0.378,0.896,2,-4.066,1,0.0407,0.000452,0.194,0.469,174.302,beatlesque|britpop|madchester|modern rock|permanent wave|rock,True,train
5YSI1311X8t31PBjkBG4CZ,Wuthering Heights,Kate Bush,Permanent Wave,0.481,0.392,1,-11.381,1,0.0312,0.366,0.124,0.52,124.572,art pop|art rock|baroque pop|chamber psych|dance pop|dance rock|new wave pop|permanent wave|piano rock|singer-songwriter,True,train
0qxYx4F3vm1AOnfux6dDxP,You Can Call Me Al,Paul Simon,Permanent Wave,0.776,0.763,5,-8.124,1,0.0535,0.182,0.077,0.82,128.433,classic rock|folk|folk rock|mellow gold|permanent wave|rock|roots rock|singer-songwriter|soft rock,True,train
14sVnTYvfzo9sQM4RkQTaq,You Were Meant For Me,Jewel,Permanent Wave,0.582,0.33,6,-7.928,1,0.0347,0.791,0.105,0.407,111.873,hip hop|political hip hop,True,train
6TfBA04WJ3X1d1wXhaCFVT,"You're Gonna Go Far, Kid",The Offspring,Permanent Wave,0.55,0.917,0,-3.159,1,0.0638,0.00428,0.197,0.601,126.115,alternative metal|permanent wave|punk|rock|skate punk|socal pop punk,True,train
0tDSgSmZsbxCkdkfUPjg59,5 Letras,Alexis y Fido,Reggaeton Classics,0.82,0.788,6,-5.478,0,0.191,0.272,0.0404,0.648,93.961,latin|latin hip hop|reggaeton|reggaeton flow|trap latino|tropical,True,train
3uvypVUsiIr1B0BccIcsEh,6 AM,J Balvin,Reggaeton Classics,0.746,0.746,5,-5.046,0,0.102,0.152,0.274,0.733,175.965,latin|reggaeton|reggaeton colombiano,True,train
50K0GKbudptd9wZwQlQWdj,Agarrala,Trebol Clan,Reggaeton Classics,0.744,0.921,9,-4.521,0,0.0889,0.172,0.146,0.718,93.001,latin|latin hip hop|reggaeton|reggaeton flow|trap latino|tropical,True,train
49vwUeeauJgEQxDViXA01C,Al Natural (feat. Yandel),Tego Calderon,Reggaeton Classics,0.924,0.782,10,-4.55,0,0.0816,0.246,0.0659,0.745,95.01,latin|latin hip hop|perreo|reggaeton|reggaeton flow|trap latino|tropical,True,train
4oYN44rloSqxabqrSgIani,Algo Musical,Ñejo & Dalmata,Reggaeton Classics,0.883,0.626,1,-7.541,1,0.0853,0.0648,0.0594,0.565,107.023,latin|latin hip hop|reggaeton|reggaeton flow|trap latino|tropical,True,train
5RCcvZz5i0rckjbCTSPL1s,Aparentemente,Yaga & Mackie,Reggaeton Classics,0.86,0.699,3,-6.415,0,0.0974,0.0827,0.26,0.871,93.992,latin|latin hip hop|reggaeton|reggaeton flow|trap latino|tropical,True,train
4euqcj46E0OZBiz0NjR4mO,Aquí Está Tu Caldo,Daddy Yankee,Reggaeton Classics,0.884,0.743,11,-7.65,1,0.112,0.116,0.127,0.781,95.997,latin|latin hip hop|reggaeton|trap latino|tropical,True,train
1q8NdCAQ9QUjpYiqzdd3mv,Atrévete-Te-Te,Calle 13,Reggaeton Classics,0.829,0.878,9,-5.951,1,0.101,0.0959,0.776,0.883,87.991,latin|latin afrobeat|latin alternative|latin hip hop|puerto rican rock|rap conciencia|reggaeton|rock en espanol|tropical,True,test
2qq5HTgeJTLL9oY7b4X16y,Automovil,Ñejo,Reggaeton Classics,0.79,0.765,6,-6.642,0,0.188,0.278,0.0721,0.964,170.063,latin|latin hip hop|perreo|reggaeton|reggaeton flow|trap latino|tropical,True,train
3iRMZq3iIaIBW5bH4VgWtM,Aventura,Luny Tunes,Reggaeton Classics,0.858,0.741,9,-7.204,0,0.124,0.0196,0.0974,0.823,93.001,latin|latin hip hop|reggaeton|reggaeton flow|trap latino|tropical,True,test
0uJrYOhFXe4Y86JXPPMqt1,Ay Amor - Reggaeton,Hector & Tito,Reggaeton Classics,0.576,0.783,9,-4.607,1,0.0792,0.195,0.106,0.634,89.879,latin|latin hip hop|perreo|reggaeton|reggaeton flow|trap latino|tropical,True,train
6Ges5C2IE738iJh4HyQizQ,Ay Vamos,J Balvin,Reggaeton Classics,0.718,0.711,8,-5.746,0,0.11,0.157,0.1,0.92,173.916,latin|reggaeton|reggaeton colombiano,True,train
3gvGnkmg8zVZdBAx4B7Cvq,Ayer La Vi,Don Omar,Reggaeton Classics,0.801,0.716,7,-8.398,0,0.0541,0.285,0.163,0.771,94.005,latin|latin hip hop|puerto rican pop|reggaeton|trap latino|tropical,True,test
4BxzNZpcm1j3JczZzGNe2k,Bandoleros,Don Omar,Reggaeton Classics,0.662,0.896,5,-5.311,0,0.251,0.318,0.186,0.79,90.622,latin|latin hip hop|puerto rican pop|reggaeton|trap latino|tropical,True,train
6DUdDIRgLqCGq1DwkNWQTN,Borro Cassette,Maluma,Reggaeton Classics,0.73,0.701,5,-5.885,0,0.106,0.132,0.151,0.785,175.95,reggaeton|reggaeton colombiano,True,train
1lxswgIpzV6HhENRvkflES,Chillax (feat. Ky-Mani Marley),Farruko,Reggaeton Classics,0.827,0.646,1,-4.727,0,0.0766,0.0724,0.247,0.512,92.057,latin|latin hip hop|reggaeton|trap latino|tropical,True,train
46DW3fyWuL4VZfEwnyWjXg,Chulin Culin Chunfly (feat. Residente Calle 13),Voltio,Reggaeton Classics,0.793,0.823,7,-6.39,1,0.0681,0.169,0.0986,0.616,91.997,latin|latin hip hop|reggaeton|reggaeton flow|trap latino|tropical,True,test
4UxD6L5uah5Dvzs5kQwThG,Cuando Baila Reggaeton,Tego Calderon,Reggaeton Classics,0.848,0.801,10,-6.821,1,0.102,0.562,0.0624,0.908,95.027,latin|latin hip hop|perreo|reggaeton|reggaeton flow|trap latino|tropical,True,test
1b4QQFr0kifiSkzHb5kni4,Dejale Caer To Peso,Yomo,Reggaeton Classics,0.864,0.721,3,-7.994,0,0.183,0.185,0.0623,0.762,96.026,latin|latin hip hop|reggaeton|reggaeton flow|trap latino|tropical,True,train
69Ej1xrGjOcHvIMtMKxK0G,Dile,Don Omar,Reggaeton Classics,0.817,0.714,4,-7.501,0,0.141,0.184,0.042,0.714,94.001,latin|latin hip hop|puerto rican pop|reggaeton|trap latino|tropical,True,train
5I0u5YHYvA6fQZstVCFwqC,Dile A Tu Amiga,Ñejo,Reggaeton Classics,0.788,0.674,2,-8.392,1,0.0537,0.281,0.0892,0.864,94.997,latin|latin hip hop|perreo|reggaeton|reggaeton flow|trap latino|tropical,True,train
20ZAJdsKB5IGbGj4ilRt2o,Dile Que Tu Me Quieres,Ozuna,Reggaeton Classics,0.721,0.687,1,-6.682,1,0.0782,0.0998,0.0679,0.825,175.914,latin|puerto rican pop|reggaeton|trap latino,True,train
45IOnEpVUdxWUZFqpZ7Xvz,Dominicana,Tego Calderon,Reggaeton Classics,0.845,0.906,7,-3.804,1,0.0687,0.188,0.0199,0.813,94.987,latin|latin hip hop|perreo|reggaeton|reggaeton flow|trap latino|tropical,True,train
09QZbXkrHRww7Epv7qSnL0,Down,R.K.M & Ken-Y,Reggaeton Classics,0.799,0.783,8,-6.59,0,0.0881,0.546,0.102,0.786,94.987,latin|latin hip hop|reggaeton|reggaeton flow|trap latino|tropical,True,train
2U4kPiipwfc2oHmd0nGoj5,Dutty Love,Don Omar,Reggaeton Classics,0.742,0.873,1,-3.373,1,0.082,0.232,0.114,0.899,90.004,latin|latin hip hop|puerto rican pop|reggaeton|trap latino|tropical,True,test
4h4aAvqiftNLS5XeookGx1,El Carnaval,Baby Rasta & Gringo,Reggaeton Classics,0.802,0.625,11,-8.589,0,0.0567,0.00297,0.175,0.676,94.995,latin|latin hip hop|perreo|reggaeton|reggaeton flow|salsa choke|trap latino|tropical,True,train
2PUbdd0s68EfVKlBCUW9Vq,El Doctorado,Tony Dize,Reggaeton Classics,0.719,0.773,10,-6.272,1,0.0377,0.0496,0.291,0.759,120.018,latin|latin hip hop|reggaeton|reggaeton flow|relaxative|trap latino|tropical,True,train
614NVFo5csQqRnryl4jXs2,El Telefono,"Héctor ""El Father""",Reggaeton Classics,0.808,0.682,2,-7.128,1,0.0963,0.171,0.464,0.491,89.987,latin|latin hip hop|perreo|reggaeton|reggaeton flow|trap latino|tropical,True,train
6G4U9avyBNEfP0fAIduev3,Ella Y Yo - Featuring Don Omar,Aventura,Reggaeton Classics,0.732,0.708,9,-7.905,0,0.262,0.534,0.237,0.717,175.924,bachata|bachata dominicana|latin|latin hip hop|latin pop|trap latino|tropical,True,train
2Eg6dOam7cAe5turf2bnCg,En La Cama (feat. Daddy Yankee),Nicky Jam,Reggaeton Classics,0.855,0.912,10,-4.832,0,0.145,0.183,0.122,0.885,104.072,latin|latin hip hop|reggaeton|trap latino|tropical,True,train
2qM1Uus4I6Yx2BGlIzXaI0,Es Un Secreto,Plan B,Reggaeton Classics,0.841,0.783,6,-4.915,0,0.0432,0.106,0.0528,0.514,94.989,latin|perreo|reggaeton|trap latino|tropical,True,train
3njYteZvn759aNUXMCxiRX,Escápate Conmigo - Remix,Wolfine,Reggaeton Classics,0.831,0.89,8,-7.635,1,0.0791,0.173,0.352,0.76,94.007,colombian pop|latin|reggaeton|reggaeton flow|trap latino,True,train
3QLApyuGYQdSQZTmBXFaSt,Felina,Hector & Tito,Reggaeton Classics,0.849,0.922,6,-6.604,0,0.0684,0.0275,0.0809,0.71,93.001,latin|latin hip hop|perreo|reggaeton|reggaeton flow|trap latino|tropical,True,train
2oeyvFG0mFFDHUxhPVObNk,Flow Natural,"Tito ""El Bambino""",Reggaeton Classics,0.831,0.789,0,-5.498,1,0.0661,0.121,0.328,0.827,101.035,latin|latin hip hop|latin pop|reggaeton|reggaeton flow|trap latino|tropical,True,test
15PxHZffHMndHQjmzYuGUv,Hay Algo en Ti,Luny Tunes,Reggaeton Classics,0.842,0.681,4,-8.149,0,0.0544,0.0115,0.113,0.238,96.017,latin|latin hip hop|reggaeton|reggaeton flow|trap latino|tropical,True,train
2WHctubxf8LzrGr62cLz3d,Igual Que Ayer,R.K.M & Ken-Y,Reggaeton Classics,0.788,0.735,10,-7.171,0,0.0433,0.0225,0.0427,0.399,94.004,latin|latin hip hop|reggaeton|reggaeton flow|trap latino|tropical,True,train
1IlJpEiMt4nuLr3cWFQUxa,La Botella,Mach & Daddy,Reggaeton Classics,0.752,0.795,0,-4.438,1,0.0415,0.193,0.0772,0.916,118.015,latin|latin hip hop|panamanian pop|reggaeton|tropical,True,train
2UYXTSZkSxWJYGpcd64SRO,La Nueva Y La Ex,Daddy Yankee,Reggaeton Classics,0.637,0.945,5,-3.54,1,0.135,0.0373,0.116,0.578,198.05,latin|latin hip hop|reggaeton|trap latino|tropical,True,train
4okba5wu9mMLXx79DXLKi3,La Rompe Corazones,Daddy Yankee,Reggaeton Classics,0.685,0.859,5,-2.595,0,0.0553,0.116,0.317,0.891,176.018,latin|latin hip hop|reggaeton|trap latino|tropical,True,train
3pDhN3qB33AOPhQEkUCaWt,Limbo,Daddy Yankee,Reggaeton Classics,0.806,0.875,7,-3.817,1,0.088,0.0838,0.065,0.917,125.063,latin|latin hip hop|reggaeton|trap latino|tropical,True,test
3bkBVEmRJuJZNh5iVgJkWm,Llamado de Emergencia,Daddy Yankee,Reggaeton Classics,0.699,0.91,4,-4.405,0,0.036,0.217,0.146,0.792,97.971,latin|latin hip hop|reggaeton|trap latino|tropical,True,test
7oYouEGAQJpU75CAWFEMi2,Llamé Pa' Verte,Wisin,Reggaeton Classics,0.841,0.808,10,-5.55,1,0.0749,0.0711,0.0816,0.66,95.0,latin|latin hip hop|reggaeton|reggaeton flow|trap latino|tropical,True,test
7Eo3fkg16MzIgv9SxxSonH,Llegó la Cripta,El Chombo,Reggaeton Classics,0.919,0.848,7,-10.511,1,0.165,0.0078,0.338,0.959,109.183,latin|latin hip hop|panamanian pop|reggaeton|tropical,True,train
6z5Xrx58p5Bs18RIe6KXbI,"Lo Que Pasó, Pasó",Daddy Yankee,Reggaeton Classics,0.816,0.747,8,-6.468,0,0.0411,0.102,0.263,0.848,97.019,latin|latin hip hop|reggaeton|trap latino|tropical,True,test
3tI4duDhHmmz1Sp7RX0Jbq,Mala Conducta (feat. Franco El Gorila),Alexis y Fido,Reggaeton Classics,0.711,0.841,6,-4.775,0,0.0917,0.231,0.191,0.964,176.027,latin|latin hip hop|reggaeton|reggaeton flow|trap latino|tropical,True,train
6GrPaW2OIHuweYcVRoYbmv,Me Matas,R.K.M & Ken-Y,Reggaeton Classics,0.773,0.685,7,-8.271,1,0.0895,0.0514,0.445,0.558,92.978,latin|latin hip hop|reggaeton|reggaeton flow|trap latino|tropical,True,train
6YLJCOynR32U4YXtsvzTdC,Mi Cama Huele a Ti,"Tito ""El Bambino""",Reggaeton Classics,0.738,0.85,7,-5.818,0,0.0403,0.0775,0.162,0.678,94.999,latin|latin hip hop|latin pop|reggaeton|reggaeton flow|trap latino|tropical,True,train
7rbtNjuh56l71xV7Uowf50,Mi Fanatica,Arcangel,Reggaeton Classics,0.875,0.691,4,-7.704,1,0.114,0.0446,0.219,0.612,92.993,latin|latin hip hop|reggaeton|trap latino|tropical,True,train
4fFgpzgSkmn3wajioLBPOr,Mis Ojos Lloran Por Ti,Big Boy,Reggaeton Classics,0.794,0.831,8,-9.235,1,0.331,0.0135,0.11,0.328,172.407,latin|latin hip hop|reggaeton|tropical,True,train
1ZE19OuOnqsMFB6V9Gtzcy,Morena - Re-Mix,Hector & Tito,Reggaeton Classics,0.811,0.75,4,-5.338,0,0.0591,0.204,0.0875,0.742,93.991,latin|latin hip hop|perreo|reggaeton|reggaeton flow|trap latino|tropical,True,train
04uA3BJ1Rj8DBKkpKCABJx,Mírala Bien,Wisin & Yandel,Reggaeton Classics,0.815,0.856,1,-4.399,0,0.13,0.255,0.0697,0.713,96.014,electro latino|latin|latin hip hop|reggaeton|trap latino|tropical,True,train
2Jz1X6ZB0gkkCVgmeVGVGp,Na De Na,Angel Y Khriz,Reggaeton Classics,0.878,0.894,6,-5.834,1,0.123,0.184,0.105,0.682,119.927,latin|latin hip hop|latin pop|reggaeton|trap latino|tropical,True,train
3rMyZL6J4t2EeZKMTD1UaI,No Le Temas a el Beat,Trebol Clan,Reggaeton Classics,0.672,0.54,9,-8.096,0,0.063,0.0192,0.19,0.208,172.013,latin|latin hip hop|reggaeton|reggaeton flow|trap latino|tropical,True,train
5XxOOXTiDicBrQXv0PAAH6,No Quiere Novio (remix) [feat. Nejo & Tego Calderon],DJ Nelson,Reggaeton Classics,0.873,0.823,6,-3.182,0,0.215,0.378,0.145,0.804,95.012,latin|latin hip hop|reggaeton|reggaeton flow|trap latino|tropical,True,train
32SmDHzbqYRAhX9Jq4gDnT,"No Se De Ella ""My Space""",Don Omar,Reggaeton Classics,0.815,0.676,9,-9.174,0,0.0934,0.233,0.242,0.77,88.008,latin|latin hip hop|puerto rican pop|reggaeton|trap latino|tropical,True,train
4kAtRwNRLMKuoCbxMSxUGI,Noche De Sexo,Wisin & Yandel,Reggaeton Classics,0.686,0.722,2,-5.4,1,0.256,0.108,0.494,0.515,94.006,electro latino|latin|latin hip hop|reggaeton|trap latino|tropical,True,train
6ODIW5KyJKtXY2rOuXv9WW,Noche de Travesura,"Héctor ""El Father""",Reggaeton Classics,0.833,0.626,9,-7.715,1,0.188,0.447,0.0805,0.409,92.013,latin|latin hip hop|perreo|reggaeton|reggaeton flow|trap latino|tropical,True,test
3J6vrRMz6EfwH2sgYiyNhc,Oye Mi Canto,N.O.R.E.,Reggaeton Classics,0.677,0.946,6,-2.887,1,0.0553,0.185,0.274,0.948,96.011,gangster rap|hardcore hip hop|hip hop|hip pop|pop rap|queens hip hop|rap|southern hip hop,True,train
1pLCpA1RN8avJxSD3ZCwhj,Pa' Que La Pases Bien,Arcangel,Reggaeton Classics,0.897,0.755,9,-5.684,0,0.144,0.00758,0.264,0.567,110.008,latin|latin hip hop|reggaeton|trap latino|tropical,True,train
5YJ4BVvTFmVCxUyhKejHfR,Pa' Que Retozen,Tego Calderon,Reggaeton Classics,0.815,0.856,1,-3.825,0,0.122,0.4,0.244,0.872,91.995,latin|latin hip hop|perreo|reggaeton|reggaeton flow|trap latino|tropical,True,train
2up69Rho7swRdP1MHqzX3n,Pam Pam,Wisin & Yandel,Reggaeton Classics,0.874,0.69,10,-6.373,1,0.114,0.121,0.249,0.735,95.025,electro latino|latin|latin hip hop|reggaeton|trap latino|tropical,True,train
1f2AyplMMO29MHBkjfFRmc,Papi Chulo,El Chombo,Reggaeton Classics,0.893,0.851,1,-6.42,1,0.112,0.0809,0.0246,0.837,110.005,latin|latin hip hop|panamanian pop|reggaeton|tropical,True,train
1MfqPCs3Y722VK6zkWZ98Z,Pasarela,Ñejo & Dalmata,Reggaeton Classics,0.798,0.821,7,-6.143,1,0.0596,0.0985,0.178,0.525,95.004,latin|latin hip hop|reggaeton|reggaeton flow|trap latino|tropical,True,train
40LW0IOX1DDxqvnTLpAKrq,Passion Whine,Farruko,Reggaeton Classics,0.756,0.69,10,-3.87,0,0.0656,0.329,0.0586,0.783,162.005,latin|latin hip hop|reggaeton|trap latino|tropical,True,train
4JOcMuy5myeEaNCKlu5j19,Perdóname,Eddy Lover,Reggaeton Classics,0.679,0.818,9,-5.67,0,0.0315,0.244,0.158,0.392,95.013,latin|latin hip hop|panamanian pop|reggaeton|tropical,True,train
4uJSxi5beZ9GSzq5OKH09h,Permitame,Tony Dize,Reggaeton Classics,0.631,0.67,8,-6.958,1,0.153,0.0247,0.128,0.884,213.99,latin|latin hip hop|reggaeton|reggaeton flow|relaxative|trap latino|tropical,True,train
26RZ3DhnVlytdG6N1oxW1E,Pobre Diabla,Don Omar,Reggaeton Classics,0.748,0.763,5,-6.995,1,0.0517,0.453,0.0877,0.849,91.979,latin|latin hip hop|puerto rican pop|reggaeton|trap latino|tropical,True,test
388YhDYxPvaDIZQHWqpB4E,Punto y Aparte,Tego Calderon,Reggaeton Classics,0.808,0.767,1,-4.912,0,0.0445,0.255,0.0886,0.722,94.998,latin|latin hip hop|perreo|reggaeton|reggaeton flow|trap latino|tropical,True,test
4HNlRF6Nux7jU68kTpX7CP,Quiero Bailar,Ivy Queen,Reggaeton Classics,0.815,0.826,5,-5.217,1,0.155,0.283,0.256,0.737,95.031,latin|latin hip hop|rap latina|reggaeton|trap latino|tropical,True,train
4VKI2yBkCE4mWhFBwZp0LU,Quiero Saber,Ivy Queen,Reggaeton Classics,0.846,0.905,6,-3.686,0,0.0588,0.139,0.228,0.843,95.018,latin|latin hip hop|rap latina|reggaeton|trap latino|tropical,True,train
16KDdey3vnSBWwqUZoe1cT,Quitate Tu Pa Ponerme Yo,Eddie Dee,Reggaeton Classics,0.765,0.768,2,-4.959,1,0.0742,0.18,0.0794,0.574,94.243,latin|latin hip hop|reggaeton|trap latino|tropical,True,train
5lSASgj3h5dWTK7pr4vkBq,Quizas - Remix,Tony Dize,Reggaeton Classics,0.787,0.679,9,-4.913,1,0.0658,0.416,0.15,0.875,89.988,latin|latin hip hop|reggaeton|reggaeton flow|relaxative|trap latino|tropical,True,train
1kQqiC1rS1FiuVpeBKN0QN,Rakata,Wisin & Yandel,Reggaeton Classics,0.872,0.786,1,-5.473,1,0.142,0.0348,0.0776,0.722,96.002,electro latino|latin|latin hip hop|reggaeton|trap latino|tropical,True,train
2XRqhe4lmCQVaUWawR5wRo,Rica y Apretadita (feat. Anayka),El General,Reggaeton Classics,0.846,0.85,6,-5.707,1,0.0509,0.162,0.355,0.816,115.341,panamanian pop,True,train
4Xtlw8oXkIOvzV7crUBKeZ,Rompe,Daddy Yankee,Reggaeton Classics,0.696,0.858,9,-5.155,1,0.0859,0.0727,0.0631,0.533,176.061,latin|latin hip hop|reggaeton|trap latino|tropical,True,train
48NXpYRuvv9izul4oXhqS9,Salió El Sol,Don Omar,Reggaeton Classics,0.887,0.701,4,-5.892,0,0.0873,0.106,0.0466,0.965,110.002,latin|latin hip hop|puerto rican pop|reggaeton|trap latino|tropical,True,train
5c9CsmVAhOQ5jQKwmNd5fk,Saoco,Wisin,Reggaeton Classics,0.844,0.862,4,-5.043,1,0.114,0.132,0.066,0.816,95.999,latin|latin hip hop|reggaeton|reggaeton flow|trap latino|tropical,True,train
5clFSlfkCRlhnH1cAQjSBi,Sensacion Del Bloque,De La Ghetto,Reggaeton Classics,0.709,0.726,7,-7.129,1,0.0411,0.0977,0.301,0.404,92.006,latin|latin hip hop|reggaeton|reggaeton flow|trap latino|tropical,True,train
7d05Cx72W1WsWUw7MAD7ia,Shorty,Casa De Leones,Reggaeton Classics,0.796,0.866,10,-6.087,0,0.0595,0.096,0.0561,0.877,94.991,latin|latin hip hop|reggaeton|reggaeton flow|trap latino|tropical,True,train
40AGTob7V8pCDvvXERrCu3,Si No Cuidas Tu Mujer,Eddie Dee,Reggaeton Classics,0.509,0.672,9,-5.527,0,0.0639,0.281,0.355,0.81,100.102,latin|latin hip hop|reggaeton|trap latino|tropical,True,train
6YyPA4dxemw23eGon3CjFX,Si No Le Contesto,Plan B,Reggaeton Classics,0.844,0.757,1,-4.61,0,0.0523,0.0945,0.16,0.532,94.977,latin|perreo|reggaeton|trap latino|tropical,True,train
2iHr1co9ElgzHredwMNKOy,Siente El Boom,"Tito ""El Bambino""",Reggaeton Classics,0.804,0.745,4,-5.805,0,0.0744,0.112,0.0924,0.512,95.024,latin|latin hip hop|latin pop|reggaeton|reggaeton flow|trap latino|tropical,True,train
2OikDCslmF1Y04Szgbc8Hl,"Sol, Playa Y Arena","Tito ""El Bambino""",Reggaeton Classics,0.822,0.656,5,-6.159,0,0.11,0.254,0.329,0.734,94.039,latin|latin hip hop|latin pop|reggaeton|reggaeton flow|trap latino|tropical,True,train
4Zil8ro7fhQGVYXl2YYkO2,Soy Igual Que Tú,Alexis y Fido,Reggaeton Classics,0.852,0.66,2,-6.177,1,0.224,0.277,0.207,0.517,94.006,latin|latin hip hop|reggaeton|reggaeton flow|trap latino|tropical,True,test
6g8su55d5ZpbMw01J7YrgE,Soy Una Gargola,Randy,Reggaeton Classics,0.763,0.616,4,-12.101,0,0.0552,0.0136,0.116,0.471,94.015,latin|latin hip hop|reggaeton|reggaeton flow|trap latino|tropical,True,train
1NrKLroOjLcSXtlq8twPrc,"Te He Querido, Te He Llorado",Ivy Queen,Reggaeton Classics,0.776,0.857,11,-5.824,0,0.0598,0.29,0.125,0.552,95.02,latin|latin hip hop|rap latina|reggaeton|trap latino|tropical,True,test
4UPeS038Mxup1H4bl0PsS8,Te Iré a Buscar,Farruko,Reggaeton Classics,0.735,0.742,6,-5.865,1,0.0474,0.0948,0.177,0.964,174.025,latin|latin hip hop|reggaeton|trap latino|tropical,True,train
1Z4IqxukC6Yuer0nK7rC2R,Te Quiero,Flex,Reggaeton Classics,0.536,0.598,1,-9.608,1,0.0424,0.00314,0.319,0.465,83.946,cali rap,True,train
0Gh6QG4Z1pSvIo7btP1Ux4,Te Suelto el Pelo,Yandel,Reggaeton Classics,0.792,0.712,11,-5.348,1,0.0665,0.0156,0.636,0.929,94.995,latin|latin hip hop|reggaeton|trap latino|tropical,True,train
56vD8HM5H08hknJtMcNHOP,Te Ves Buena,El General,Reggaeton Classics,0.808,0.869,7,-6.971,1,0.0509,0.305,0.0983,0.848,92.165,panamanian pop,True,test
1PtL0YQRtq3qxDGUSwZPJ5,Travesuras,Nicky Jam,Reggaeton Classics,0.77,0.79,10,-5.453,0,0.0814,0.139,0.0829,0.872,93.97,latin|latin hip hop|reggaeton|trap latino|tropical,True,train
0Q7ZM15J0cJA9rd7pQYdRq,Tu Príncipe,Daddy Yankee,Reggaeton Classics,0.771,0.815,1,-5.423,0,0.0719,0.161,0.189,0.524,94.016,latin|latin hip hop|reggaeton|trap latino|tropical,True,train
4EoDcHQ7lOj4RGgRibFLXh,Un Sueño,R.K.M & Ken-Y,Reggaeton Classics,0.794,0.741,1,-4.959,1,0.0622,0.157,0.309,0.805,95.006,latin|latin hip hop|reggaeton|reggaeton flow|trap latino|tropical,True,train
2KtNeULMaw8sFkr8w13WWB,Ven Bailalo,Angel Y Khriz,Reggaeton Classics,0.675,0.921,4,-6.083,1,0.0365,0.0466,0.117,0.7,97.01,latin|latin hip hop|latin pop|reggaeton|trap latino|tropical,True,train
5nJaS3PEpyPfaWiLxIGtRX,Virtual Diva,Don Omar,Reggaeton Classics,0.785,0.881,8,-4.205,0,0.0505,0.212,0.753,0.729,113.999,latin|latin hip hop|puerto rican pop|reggaeton|trap latino|tropical,True,test
25GRgMoXezppQjLjSDLKf5,Voy a Beber,Nicky Jam,Reggaeton Classics,0.763,0.76,0,-4.672,1,0.0596,0.0392,0.133,0.916,163.969,latin|latin hip hop|reggaeton|trap latino|tropical,True,train
10bbgurV9w05vJVGAX9jYq,Yo No Soy Tu Marido,Nicky Jam,Reggaeton Classics,0.807,0.643,10,-7.347,0,0.0522,0.0707,0.0865,0.821,94.983,latin|latin hip hop|reggaeton|trap latino|tropical,True,train
7syG2WcnpcoJvxSZT9VbAa,Yo Te Lo Dije,J Balvin,Reggaeton Classics,0.746,0.617,3,-5.811,0,0.0734,0.0841,0.21,0.961,87.944,latin|reggaeton|reggaeton colombiano,True,test
5gflgO9EPbIBf16n5TKnQS,Yo Voy (feat. Daddy Yankee),Zion & Lennox,Reggaeton Classics,0.808,0.697,10,-5.899,1,0.241,0.041,0.0546,0.554,95.06,latin|latin hip hop|reggaeton|trap latino|tropical,True,test
2vWWy37CDlDlfPipzb4iIX,los Disicipulos,Eddie Dee,Reggaeton Classics,0.629,0.893,1,-4.009,0,0.275,0.181,0.115,0.86,94.042,latin|latin hip hop|reggaeton|trap latino|tropical,True,train
2PzU4IB8Dr6mxV3lHuaG34,(I Can't Get No) Satisfaction - Mono Version,The Rolling Stones,Rock Classics,0.723,0.863,2,-7.89,1,0.0338,0.0383,0.128,0.931,136.302,album rock|british invasion|classic rock|rock,True,test
54eZmuggBFJbV7k248bTTt,A Horse with No Name,America,Rock Classics,0.654,0.506,11,-17.18,0,0.0535,0.686,0.155,0.831,123.179,modern rock|neo mellow|pop punk|pop rock,True,train
7IhkWF9zpiYKlU7CxHxYT9,All Right Now,Free,Rock Classics,0.766,0.446,2,-13.079,1,0.0867,0.25,0.318,0.743,119.774,ccm|christian music|world worship|worship,True,train
1fDsrQ23eTAVFElUMaf38X,American Pie,Don McLean,Rock Classics,0.531,0.481,4,-11.709,0,0.06,0.699,0.0842,0.491,138.45,adult standards|classic rock|folk|folk rock|mellow gold|singer-songwriter|soft rock|traditional folk,True,train
4gMgiXfqyzZLMhsksGmbQV,"Another Brick in the Wall, Pt. 2",Pink Floyd,Rock Classics,0.694,0.394,0,-15.881,1,0.0428,0.0781,0.247,0.719,104.126,album rock|art rock|classic rock|progressive rock|psychedelic rock|rock|symphonic rock,True,train
57JVGBtBLCfHw2muk5416J,Another One Bites The Dust - Remastered 2011,Queen,Rock Classics,0.933,0.528,5,-6.472,0,0.162,0.112,0.163,0.756,109.975,classic rock|glam rock|rock,True,train
2KmEgiY8fQs0G6WNxtzQKr,Baba O'Riley,The Who,Rock Classics,0.489,0.724,5,-8.367,1,0.0352,0.313,0.287,0.15,117.292,album rock|art rock|british invasion|classic rock|folk rock|hard rock|mellow gold|psychedelic rock|rock|roots rock,True,train
08mG3Y1vljYA6bvDt4Wqkj,Back In Black,AC/DC,Rock Classics,0.31,0.7,9,-5.678,1,0.047,0.011,0.0828,0.763,188.386,album rock|australian rock|hard rock|rock,True,train
6NxsCnLeLd8Ai1TrgGxzIx,Bad Moon Rising,Creedence Clearwater Revival,Rock Classics,0.647,0.762,2,-5.856,1,0.0287,0.0599,0.0705,0.93,89.837,album rock|classic rock|country rock|rock|roots rock|southern rock|swamp rock,True,test
6Qg7cgN1oZ5mG5nZe9UG0X,Behind Blue Eyes - Original Album Version,The Who,Rock Classics,0.399,0.518,7,-10.637,1,0.0318,0.229,0.262,0.285,127.084,album rock|art rock|british invasion|classic rock|folk rock|hard rock|mellow gold|psychedelic rock|rock|roots rock,True,train
3qT4bUD1MaWpGrTwcvguhb,Black Dog - Remaster,Led Zeppelin,Rock Classics,0.437,0.864,4,-7.842,0,0.0904,0.396,0.242,0.749,81.394,album rock|classic rock|hard rock|rock,True,train
1AhDOtG9vPSOmsWgNW0BEY,Bohemian Rhapsody - Remastered 2011,Queen,Rock Classics,0.414,0.404,0,-9.928,0,0.0499,0.271,0.3,0.224,71.105,classic rock|glam rock|rock,True,train
63OFKbMaZSDZ4wtesuuq6f,Born To Be Wild,Steppenwolf,Rock Classics,0.438,0.71,2,-12.412,1,0.0919,0.262,0.221,0.53,145.928,acid rock|album rock|blues rock|classic canadian rock|classic rock|country rock|folk rock|hard rock|mellow gold|psychedelic rock|rock|roots rock,True,train
0dOg1ySSI7NkpAe89Zo0b9,Born in the U.S.A.,Bruce Springsteen,Rock Classics,0.398,0.952,4,-6.042,1,0.061,0.000373,0.1,0.584,122.093,classic rock|heartland rock|mellow gold|permanent wave|rock|singer-songwriter,True,train
5EcvzboYmDIfXo9gPplsSB,Brown Sugar,The Rolling Stones,Rock Classics,0.638,0.931,0,-3.605,1,0.0363,0.228,0.0524,0.965,128.662,album rock|british invasion|classic rock|rock,True,test
2udGjDmpK1dH9VGyw7nrei,Cocaine,Eric Clapton,Rock Classics,0.699,0.502,9,-12.526,1,0.0278,0.0607,0.317,0.676,105.266,album rock|blues rock|classic rock|electric blues|mellow gold|rock|soft rock,True,train
2EqlS6tkEnglzr7tkKAAYD,Come Together - Remastered 2009,The Beatles,Rock Classics,0.533,0.376,9,-11.913,0,0.0393,0.0302,0.0926,0.187,165.007,beatlesque|british invasion|classic rock|merseybeat|psychedelic rock|rock,True,test
5HNCy40Ni5BZJFw1TKzRsC,Comfortably Numb,Pink Floyd,Rock Classics,0.472,0.366,11,-12.595,0,0.0286,0.15,0.0837,0.171,127.167,album rock|art rock|classic rock|progressive rock|psychedelic rock|rock|symphonic rock,True,train
2d4e45fmUnguxh6yqC7gNT,Dirty Deeds Done Dirt Cheap,AC/DC,Rock Classics,0.668,0.906,11,-4.881,0,0.17,0.214,0.135,0.507,135.653,album rock|australian rock|hard rock|rock,True,train
3CPeWqqaHR0hmyfsWhMJQs,Don't Stop - 2004 Remaster,Fleetwood Mac,Rock Classics,0.672,0.72,9,-7.781,1,0.035,0.0373,0.0371,0.828,118.731,album rock|classic rock|mellow gold|rock|soft rock|yacht rock,True,train
4YMLW13PuuO7o3jkIWlKAs,Down On The Corner,Creedence Clearwater Revival,Rock Classics,0.831,0.544,0,-9.288,1,0.0837,0.594,0.0736,0.856,108.177,album rock|classic rock|country rock|rock|roots rock|southern rock|swamp rock,True,train
5MxNLUsfh7uzROypsoO5qe,Dream On,Aerosmith,Rock Classics,0.307,0.433,1,-10.057,1,0.029,0.388,0.332,0.224,160.9,album rock|classic rock|hard rock|rock,True,train
6zeE5tKyr8Nu882DQhhSQI,Dust in the Wind,Kansas,Rock Classics,0.475,0.322,7,-10.687,1,0.0283,0.367,0.11,0.387,93.503,album rock|art rock|bow pop|classic rock|hard rock|heartland rock|mellow gold|progressive rock|rock|soft rock|symphonic rock,True,train
5BIMPccDwShpXq784RJlJp,Enter Sandman,Metallica,Rock Classics,0.579,0.824,6,-8.71,0,0.03,0.00206,0.059,0.635,123.331,hard rock|metal|old school thrash|rock|thrash metal,True,test
2sXp9Qmvc7mRaDBjBgcGGi,Every Breath You Take - Remastered 2003,The Police,Rock Classics,0.813,0.46,1,-9.78,1,0.0346,0.56,0.0724,0.729,117.387,album rock|art rock|classic rock|dance rock|mellow gold|new wave|permanent wave|rock|soft rock,True,train
5e6x5YRnMJIKvYpZxLqdpH,Fortunate Son,Creedence Clearwater Revival,Rock Classics,0.636,0.746,0,-3.785,1,0.0393,0.0648,0.173,0.432,132.31,album rock|classic rock|country rock|rock|roots rock|southern rock|swamp rock,True,train
5tVA6TkbaAH9QMITTQRrNv,Free Fallin',Tom Petty,Rock Classics,0.623,0.449,5,-13.333,1,0.0253,0.212,0.0613,0.572,84.383,album rock|classic rock|country rock|folk rock|heartland rock|mellow gold|pop rock|rock|roots rock|singer-songwriter|soft rock,True,train
6XUHsYE38CEbYunT983O9G,Give A Little Bit,Supertramp,Rock Classics,0.531,0.818,2,-5.358,1,0.0452,0.0694,0.263,0.471,90.767,album rock|art rock|classic rock|glam rock|mellow gold|piano rock|progressive rock|rock|soft rock,True,train
0FeCO85RKW8fDRytwXof2x,Go Your Own Way,Fleetwood Mac,Rock Classics,0.597,0.812,5,-12.062,1,0.0315,0.0219,0.102,0.823,135.68,album rock|classic rock|mellow gold|rock|soft rock|yacht rock,True,train
0QwZfbw26QeUoIy82Z2jYp,Good Times Bad Times - 1993 Remaster,Led Zeppelin,Rock Classics,0.476,0.717,9,-9.192,1,0.0949,0.0382,0.0818,0.753,93.584,album rock|classic rock|hard rock|rock,True,train
2LawezPeJhN4AWuSB0GtAU,Have You Ever Seen The Rain,Creedence Clearwater Revival,Rock Classics,0.741,0.697,0,-7.028,1,0.0277,0.0664,0.133,0.774,116.109,album rock|classic rock|country rock|rock|roots rock|southern rock|swamp rock,True,train
0PP933bHgvV0eD19dG3ms5,Here I Go Again 87 - 2017 Remastered Version,Whitesnake,Rock Classics,0.384,0.846,7,-5.591,1,0.0365,0.151,0.0913,0.272,90.172,album rock|british blues|classic rock|glam metal|hard rock|metal|rock,True,train
2zYzyRzz6pRmhPzyfMEC8s,Highway to Hell,AC/DC,Rock Classics,0.573,0.913,6,-4.793,0,0.132,0.0591,0.156,0.422,115.715,album rock|australian rock|hard rock|rock,True,train
3RZMzCvYsmJ0u2ioKTOsmJ,Honky Tonk Women - Mono Version,The Rolling Stones,Rock Classics,0.562,0.779,7,-6.705,1,0.0592,0.363,0.066,0.967,119.602,album rock|british invasion|classic rock|rock,True,test
4cCQ0wBIc9YHhvOWvWNj7S,"Hotel California - Live at The Los Angeles Forum, 10/20-22/76",Eagles,Rock Classics,0.427,0.665,2,-8.515,1,0.0405,0.0145,0.699,0.442,142.702,album rock|classic rock|country rock|folk rock|heartland rock|mellow gold|rock|soft rock|yacht rock,True,test
61Q9oJNd9hJQFhSDh6Qlap,House Of The Rising Sun,The Animals,Rock Classics,0.315,0.534,9,-7.552,0,0.031,0.000825,0.101,0.283,116.89,album rock|blues rock|british invasion|classic rock|folk rock|protopunk|psychedelic rock|rock,True,train
3KiexfmhxHvG5IgAElmTkd,I Saw Her Standing There - Remastered 2009,The Beatles,Rock Classics,0.491,0.801,4,-9.835,1,0.0361,0.27,0.0665,0.971,160.109,beatlesque|british invasion|classic rock|merseybeat|psychedelic rock|rock,True,train
4pbG9SUmWIvsROVLF0zF9s,I Want To Hold Your Hand - Remastered 2015,The Beatles,Rock Classics,0.49,0.715,7,-5.549,1,0.0476,0.386,0.311,0.866,130.726,beatlesque|british invasion|classic rock|merseybeat|psychedelic rock|rock,True,test
78lgmZwycJ3nzsdgmPPGNx,Immigrant Song - Remaster,Led Zeppelin,Rock Classics,0.564,0.932,11,-10.068,1,0.0554,0.013,0.349,0.619,112.937,album rock|classic rock|hard rock|rock,True,train
3IOQZRcEkplCXg6LofKqE9,Iron Man - 2014 Remaster,Black Sabbath,Rock Classics,0.336,0.792,9,-10.875,1,0.0848,0.00349,0.0437,0.425,155.588,album rock|birmingham metal|classic rock|hard rock|metal|rock|stoner rock|uk doom metal,True,test
7N3PAbqfTjSEU1edb2tY8j,Jump - 2015 Remaster,Van Halen,Rock Classics,0.572,0.835,0,-6.219,1,0.0317,0.171,0.0702,0.796,129.994,album rock|classic rock|hard rock|rock,True,train
6Vjk8MNXpQpi0F4BefdTyq,Kashmir - 2012 Remaster,Led Zeppelin,Rock Classics,0.483,0.615,2,-8.538,1,0.0497,0.452,0.0512,0.594,80.576,album rock|classic rock|hard rock|rock,True,train
6HSXNV0b4M4cLJ7ljgVVeh,Knockin' On Heaven's Door - Remastered,Bob Dylan,Rock Classics,0.513,0.396,7,-13.061,1,0.0299,0.251,0.11,0.229,140.208,classic rock|country rock|folk|folk rock|rock|roots rock|singer-songwriter,True,train
70YvYr2hGlS01bKRIho1HM,La Grange - 2005 Remaster,ZZ Top,Rock Classics,0.545,0.64,4,-9.937,0,0.224,0.00249,0.196,0.606,80.544,album rock|blues rock|classic rock|country rock|hard rock|metal|rock,True,train
3k9i7UzeSUYWIfUZFeFDUd,Layla - 40th Anniversary Version / 2010 Remastered,Derek & The Dominos,Rock Classics,0.404,0.903,1,-3.88,1,0.0668,0.577,0.287,0.498,115.672,album rock|art rock|blues|blues rock|british blues|classic rock|country rock|electric blues|folk rock|hard rock|mellow gold|psychedelic rock|rock|roots rock|soft rock,True,train
0hMNAUx9fFBdYQRO5FoQvL,Let It Rain,Eric Clapton,Rock Classics,0.43,0.682,2,-10.267,1,0.0314,0.0534,0.142,0.693,122.304,album rock|blues rock|classic rock|electric blues|mellow gold|rock|soft rock,True,train
6gXrEUzibufX9xYPk3HD5p,Life in the Fast Lane - 2013 Remaster,Eagles,Rock Classics,0.667,0.755,9,-7.246,1,0.069,0.0966,0.0523,0.883,109.535,album rock|classic rock|country rock|folk rock|heartland rock|mellow gold|rock|soft rock|yacht rock,True,train
5uvosCdMlFdTXhoazkTI5R,Light My Fire,The Doors,Rock Classics,0.413,0.725,3,-5.787,0,0.0324,0.369,0.0905,0.44,124.618,acid rock|album rock|classic rock|psychedelic rock|rock,True,train
5ZgZhzQGCqVwPydT4CkH0W,"Like a Rolling Stone - Live at Royal Albert Hall, London, UK - May 26, 1966",Bob Dylan,Rock Classics,0.162,0.867,0,-7.18,1,0.092,0.256,0.682,0.499,174.851,classic rock|country rock|folk|folk rock|rock|roots rock|singer-songwriter,True,test
7Ar4G7Ci11gpt6sfH9Cgz5,Listen to the Music,The Doobie Brothers,Rock Classics,0.645,0.598,1,-13.18,0,0.0335,0.221,0.0721,0.913,105.929,album rock|art rock|blues rock|classic rock|country rock|folk rock|hard rock|heartland rock|mellow gold|rock|soft rock|yacht rock,True,test
5jzma6gCzYtKB1DbEwFZKH,London Calling - Remastered,The Clash,Rock Classics,0.651,0.801,0,-7.34,1,0.0513,0.123,0.0825,0.776,133.763,classic rock|dance rock|permanent wave|punk|rock,True,train
5UwbnHhjnbinJH8TefuQfN,Long Cool Woman (In a Black Dress) - 1999 Remaster,The Hollies,Rock Classics,0.757,0.868,9,-9.326,1,0.062,0.411,0.355,0.815,138.923,art rock|brill building pop|british invasion|bubblegum pop|classic rock|classic uk pop|country rock|folk|folk rock|mellow gold|merseybeat|psychedelic rock|rock|rock-and-roll|soft rock,True,train
3aoDEt6zSuYQ47gzarlaVo,Money - 2011 Remastered Version,Pink Floyd,Rock Classics,0.469,0.537,9,-10.421,1,0.152,0.0241,0.269,0.783,124.193,album rock|art rock|classic rock|progressive rock|psychedelic rock|rock|symphonic rock,True,train
32kgOw8wejH7zUhtXCM8DH,More Than a Feeling,Boston,Rock Classics,0.377,0.682,7,-8.039,1,0.0299,0.000894,0.0504,0.288,108.736,album rock|art rock|classic rock|country rock|hard rock|mellow gold|rock|soft rock,True,train
45s88Xopo6KvHc0PQ05aGg,My Generation - Mono Version,The Who,Rock Classics,0.299,0.787,0,-7.93,0,0.069,0.14,0.292,0.716,94.798,album rock|art rock|british invasion|classic rock|folk rock|hard rock|mellow gold|psychedelic rock|rock|roots rock,True,train
1HOMkjp0nHMaTnfAkslCQj,My Sharona,The Knack,Rock Classics,0.586,0.7,0,-9.558,1,0.0363,0.0589,0.0318,0.897,147.245,album rock|classic rock|power pop,True,train
10igKaIKsSB6ZnWxPxPvKO,Nothing Else Matters,Metallica,Rock Classics,0.558,0.364,4,-11.258,0,0.0265,0.0505,0.0753,0.17,142.171,hard rock|metal|old school thrash|rock|thrash metal,True,train
1lhpxZT57yw5toGJtt8fGE,Old Time Rock & Roll,Bob Seger,Rock Classics,0.713,0.931,6,-2.965,1,0.0394,0.219,0.0694,0.963,124.127,album rock|blues rock|classic rock|country rock|folk rock|hard rock|heartland rock|mellow gold|rock|soft rock,True,train
3G69vJMWsX6ZohTykad2AU,One,U2,Rock Classics,0.392,0.534,0,-8.793,1,0.0369,0.245,0.155,0.325,181.305,irish rock|permanent wave|rock,True,train
1RJeiAIwR9pZBgJA8ndZLL,"Paint It, Black - Mono",The Rolling Stones,Rock Classics,0.505,0.836,5,-7.384,0,0.101,0.0103,0.295,0.764,159.669,album rock|british invasion|classic rock|rock,True,test
11dCfArPrM7kzYpUrFHal9,Panama,Van Halen,Rock Classics,0.515,0.987,8,-5.391,1,0.108,0.00135,0.0697,0.298,141.258,album rock|classic rock|hard rock|rock,True,train
1Ly0ssAgeM7YqdHptao8Oe,Paranoid,Black Sabbath,Rock Classics,0.426,0.619,4,-11.501,0,0.0722,8.44e-05,0.17,0.382,162.721,album rock|birmingham metal|classic rock|hard rock|metal|rock|stoner rock|uk doom metal,True,test
1zGk1kgAxCpg6PHjGuLe4J,Pinball Wizard,The Who,Rock Classics,0.543,0.715,2,-8.89,1,0.0356,0.0192,0.256,0.468,124.011,album rock|art rock|british invasion|classic rock|folk rock|hard rock|mellow gold|psychedelic rock|rock|roots rock,True,train
66lOpKgTyFjOrac4S1s94g,Rebel Rebel - 1999 Remaster,David Bowie,Rock Classics,0.676,0.92,9,-7.96,1,0.0435,0.00101,0.248,0.624,126.341,album rock|art rock|classic rock|dance rock|glam rock|permanent wave|rock,True,train
3UDmHZcBTQp8Iu8droNtUl,Revolution - Remastered 2009,The Beatles,Rock Classics,0.407,0.834,6,-9.224,1,0.208,0.0734,0.241,0.71,121.38,beatlesque|british invasion|classic rock|merseybeat|psychedelic rock|rock,True,train
1Q5kgpp4pmyGqPwNBzkSrw,Roadhouse Blues,The Doors,Rock Classics,0.612,0.634,9,-8.212,1,0.0319,0.337,0.147,0.904,121.059,acid rock|album rock|classic rock|psychedelic rock|rock,True,train
4d8CxkF9zNGiHWd7lUqyOo,Rock’N Me - Alternate Version 1,Steve Miller Band,Rock Classics,0.529,0.854,4,-4.992,1,0.0362,0.0579,0.224,0.961,129.381,album rock|blues rock|classic rock|country rock|folk rock|hard rock|heartland rock|mellow gold|psychedelic rock|rock|roots rock|soft rock,True,train
0SYRVn2YF7HBscQEmlkpTI,Roxanne - Remastered 2003,The Police,Rock Classics,0.608,0.746,0,-8.851,1,0.354,0.026,0.043,0.745,134.03,album rock|art rock|classic rock|dance rock|mellow gold|new wave|permanent wave|rock|soft rock,True,train
75wP08AtMfGfjk0nPdvVw3,Runnin' Down A Dream,Tom Petty and the Heartbreakers,Rock Classics,0.467,0.955,9,-6.043,1,0.0462,0.00072,0.494,0.68,169.776,album rock|classic rock|country rock|folk rock|hard rock|heartland rock|mellow gold|pop rock|psychedelic rock|rock|roots rock|soft rock,True,test
5SAUIWdZ04OxYfJFDchC7S,Smoke on the Water,Deep Purple,Rock Classics,0.632,0.586,0,-11.333,1,0.0284,0.0983,0.0535,0.89,114.243,album rock|blues rock|classic rock|hard rock|metal|rock,True,train
6cr6UDpkjEaMQ80OjWqEBQ,Sultans of Swing,Dire Straits,Rock Classics,0.73,0.868,5,-7.325,1,0.0288,0.0632,0.318,0.923,148.217,album rock|blues rock|classic rock|mellow gold|rock|soft rock,True,train
4nuUssdgKFy2QyYHHNkZQW,Sunday Bloody Sunday - Remastered 2008,U2,Rock Classics,0.543,0.944,6,-7.495,1,0.0543,0.402,0.0373,0.735,101.174,irish rock|permanent wave|rock,True,train
5y4761pjcksXs1hNsCmc4n,Sunshine Of Your Love,Cream,Rock Classics,0.691,0.592,2,-8.089,1,0.0366,0.389,0.124,0.736,115.152,album rock|art rock|blues rock|classic rock|folk rock|hard rock|psychedelic rock|rock|roots rock|supergroup,True,train
4CJVkjo5WpmUAKp3R44LNb,Sweet Home Alabama,Lynyrd Skynyrd,Rock Classics,0.597,0.605,7,-12.013,1,0.0255,0.181,0.118,0.886,97.782,album rock|blues rock|classic rock|country rock|hard rock|mellow gold|rock|soft rock|southern rock,True,train
7LRMbd3LEoV5wZJvXT1Lwb,T.N.T.,AC/DC,Rock Classics,0.754,0.759,9,-5.218,1,0.302,0.153,0.101,0.435,126.367,album rock|australian rock|hard rock|rock,True,test
43DeSV93pJPT4lCZaWZ6b1,The Boys Are Back In Town,Thin Lizzy,Rock Classics,0.445,0.706,8,-9.803,1,0.0461,0.234,0.205,0.768,80.823,album rock|blues rock|classic rock|hard rock|irish rock|metal|rock,True,train
2X6gdRlGOQgfaXU9ALUQFQ,The Chain,Fleetwood Mac,Rock Classics,0.546,0.529,9,-13.6,1,0.0436,0.0629,0.0383,0.574,151.727,album rock|classic rock|mellow gold|rock|soft rock|yacht rock,True,train
4BVE5tIIpYabZcYCbephNW,Touch Me,The Doors,Rock Classics,0.425,0.903,1,-4.801,1,0.0732,0.405,0.117,0.769,108.748,acid rock|album rock|classic rock|psychedelic rock|rock,True,train
2aSFLiDPreOVP6KHiWk4lF,Under Pressure - Remastered,Queen,Rock Classics,0.663,0.712,2,-7.268,1,0.0479,0.524,0.0804,0.527,113.439,classic rock|glam rock|rock,True,train
2vX5WL7s6UdeQyweZEx7PP,Walk This Way,Aerosmith,Rock Classics,0.629,0.785,5,-10.761,1,0.0471,0.0249,0.0522,0.869,108.531,album rock|classic rock|hard rock|rock,True,test
54flyrjcdnQdco7300avMJ,We Will Rock You - Remastered,Queen,Rock Classics,0.693,0.497,2,-7.316,1,0.119,0.679,0.258,0.473,81.308,classic rock|glam rock|rock,True,train
3x2bXiU0o4WbsPkawXlfDA,Who Are You,The Who,Rock Classics,0.651,0.661,9,-11.405,1,0.0511,0.265,0.106,0.489,156.371,album rock|art rock|british invasion|classic rock|folk rock|hard rock|mellow gold|psychedelic rock|rock|roots rock,True,train
0hCB0YR03f6AmQaHbwWDe8,Whole Lotta Love - 1990 Remaster,Led Zeppelin,Rock Classics,0.412,0.902,9,-11.6,1,0.405,0.0484,0.405,0.422,89.74,album rock|classic rock|hard rock|rock,True,train
52dm9op3rbfAkc1LGXgipW,Wild Horses,The Rolling Stones,Rock Classics,0.432,0.389,7,-6.517,1,0.0255,0.687,0.0788,0.158,139.506,album rock|british invasion|classic rock|rock,True,train
7iLGljK0LNpGamQQEOuCRC,Won't Get Fooled Again - Original Album Version,The Who,Rock Classics,0.686,0.92,2,-6.231,1,0.0566,0.301,0.0807,0.225,135.027,album rock|art rock|british invasion|classic rock|folk rock|hard rock|mellow gold|psychedelic rock|rock|roots rock,True,test
1oG2vWELiGjIqxwqGcyqwF,You Really Got Me,The Kinks,Rock Classics,0.567,0.959,8,-3.822,1,0.102,0.0995,0.1,0.961,137.377,album rock|art rock|british invasion|classic rock|dance rock|folk rock|glam rock|mellow gold|protopunk|psychedelic rock|rock|roots rock,True,train
57KCUxlvVWtnz3qGnxNna2,85/Billy Dee Interlude,Youngbloodz,Southern Hip Hop,0.806,0.6,7,-7.454,1,0.365,0.0288,0.619,0.727,82.147,atl hip hop|crunk|dirty south rap|gangster rap|hip hop|pop rap|rap|southern hip hop,True,train
2vfvGlqCB7oertO5VLE0sz,ATLiens,OutKast,Southern Hip Hop,0.918,0.734,11,-2.832,0,0.269,0.0294,0.191,0.608,97.044,atl hip hop|dirty south rap|hip hop|rap|southern hip hop,True,train
4V3N5LvUOh3yDPP16cwAhE,Aquemini,OutKast,Southern Hip Hop,0.722,0.661,1,-5.711,0,0.373,0.245,0.176,0.156,89.294,atl hip hop|dirty south rap|hip hop|rap|southern hip hop,True,train
3lcC9CnN7Rpo1ugATzmYjY,Area Codes,Ludacris,Southern Hip Hop,0.86,0.687,9,-7.203,0,0.433,0.399,0.67,0.622,100.934,atl hip hop|dance pop|dirty south rap|hip hop|pop rap|rap|southern hip hop|trap,True,train
37RC87Ce8jeeKmnpYNExhP,Awnaw - All Hooks up Version,Nappy Roots,Southern Hip Hop,0.721,0.678,7,-3.703,1,0.258,0.00521,0.153,0.712,160.023,dirty south rap|gangster rap|southern hip hop,True,test
3WibbMr6canxRJXhNtAvLU,B.O.B.,OutKast,Southern Hip Hop,0.746,0.978,9,-5.324,1,0.0978,0.0555,0.026,0.652,153.897,atl hip hop|dirty south rap|hip hop|rap|southern hip hop,True,train
5krOROgmf8adn3SJzeKLZy,Back Then,Mike Jones,Southern Hip Hop,0.776,0.736,9,-6.308,1,0.255,0.0101,0.18,0.536,159.838,dirty south rap|gangster rap|hip hop|pop rap|rap|southern hip hop|trap,True,train
1Epb6Kfe3GTgKrrWs1Y4Wy,Badd,Mike Jones,Southern Hip Hop,0.585,0.697,1,-6.126,0,0.357,0.0339,0.255,0.402,133.177,dirty south rap|gangster rap|hip hop|pop rap|rap|southern hip hop|trap,True,test
079lsExLsjditCh8XyUn0L,Best Rapper Alive,Lil Wayne,Southern Hip Hop,0.633,0.879,2,-3.456,1,0.141,0.00453,0.822,0.416,151.51,hip hop|new orleans rap|pop rap|rap|trap,True,train
3OKB1WDMcWX6d4nwvyC4o0,Blowin' Trees (+ Napdonalds Skit),Nappy Roots,Southern Hip Hop,0.566,0.698,5,-5.821,0,0.462,0.182,0.665,0.753,92.848,dirty south rap|gangster rap|southern hip hop,True,test
5voPrNQYQ4kQoRZ9A2NghB,Bowtie (feat. Sleepy Brown & Jazze Pha),OutKast,Southern Hip Hop,0.84,0.888,1,-4.78,1,0.262,0.34,0.303,0.648,98.532,atl hip hop|dirty south rap|hip hop|rap|southern hip hop,True,train
7u6aTzXw1JtiK5sr7XctFs,Bring Em Out,T.I.,Southern Hip Hop,0.759,0.891,11,-2.983,1,0.257,0.0298,0.141,0.587,98.579,atl hip hop|dance pop|dirty south rap|gangster rap|hip hop|pop rap|rap|southern hip hop|trap,True,train
6vye1WybNriUDdlZTbDidn,Cadillac on 22's,David Banner,Southern Hip Hop,0.881,0.537,5,-5.77,1,0.0764,0.13,0.096,0.553,145.092,conscious hip hop|crunk|dirty south rap|gangster rap|hip hop|mississippi hip hop|pop rap|rap|southern hip hop|trap,True,test
3LPNfzKa0VYlNedCY4MuBy,Cot Damn (feat. Ab-Liva & Rosco P. Coldchain),Clipse,Southern Hip Hop,0.817,0.582,5,-3.815,0,0.373,0.108,0.353,0.844,90.986,alternative hip hop|gangster rap|hardcore hip hop|hip hop|pop rap|rap|southern hip hop|trap|virginia hip hop,True,train
6ttNMmXcEXz4G8PUs4Atpx,Country Boyz,Nappy Roots,Southern Hip Hop,0.764,0.889,11,-4.697,0,0.141,0.0438,0.377,0.59,122.208,dirty south rap|gangster rap|southern hip hop,True,test
3T790QTg0ebUUk5tCRbtbN,Crumblin' Erb,OutKast,Southern Hip Hop,0.802,0.593,7,-9.72,1,0.267,0.0782,0.282,0.55,89.66,atl hip hop|dirty south rap|hip hop|rap|southern hip hop,True,train
70RMVzexrIvYJiFEnuGymb,Deliverance,Bubba Sparxxx,Southern Hip Hop,0.462,0.814,7,-7.219,1,0.242,0.213,0.0649,0.696,93.334,atl hip hop|country rap|dirty south rap|pop rap|redneck|southern hip hop,True,train
2oLwDI8tZUOh6SmTMRRfKs,Elevators (Me & You),OutKast,Southern Hip Hop,0.774,0.586,10,-10.434,0,0.301,0.0234,0.0562,0.642,85.075,atl hip hop|dirty south rap|hip hop|rap|southern hip hop,True,train
5ryUbYQzdRRw0iJ2P5Or55,Funky Ride,OutKast,Southern Hip Hop,0.545,0.584,6,-7.643,0,0.0888,0.0161,0.177,0.534,144.153,atl hip hop|dirty south rap|hip hop|rap|southern hip hop,True,train
79lmvU7Qmc8QpXilbSk37z,Game Over,Lil' Flip,Southern Hip Hop,0.813,0.59,8,-8.998,1,0.378,0.00106,0.0809,0.602,159.961,crunk|dirty south rap|gangster rap|houston rap|pop rap|southern hip hop|trap,True,train
2t9NFNf5VipAMpo7b8SlHA,Get Buck,Young Buck,Southern Hip Hop,0.797,0.667,1,-6.095,0,0.158,0.545,0.0357,0.621,76.51,crunk|dirty south rap|gangster rap|hip hop|nashville hip hop|pop rap|rap|southern hip hop|trap,True,train
2boJnT3S2aSBagFEUTXrfx,Get Your Roll On,Big Tymers,Southern Hip Hop,0.849,0.812,7,-5.005,1,0.111,0.0111,0.109,0.454,88.93,crunk|dirty south rap|gangster rap|hip hop|new orleans rap|pop rap|rap|southern hip hop|trap,True,train
4svCVV4VHEL3Z4efES868h,Go DJ,Lil Wayne,Southern Hip Hop,0.729,0.792,6,-3.137,1,0.142,0.0617,0.223,0.698,157.993,hip hop|new orleans rap|pop rap|rap|trap,True,train
03b1NUHnoavfpLLKcEMfIb,Go Getta,Jeezy,Southern Hip Hop,0.397,0.74,3,-6.584,0,0.143,0.105,0.15,0.431,174.039,atl hip hop|crunk|dirty south rap|gangster rap|hip hop|pop rap|rap|southern hip hop|trap,True,train
6KqHJ5Wui99h0tgmOnmmz4,Gossip,Big Boi,Southern Hip Hop,0.835,0.747,4,-6.139,0,0.323,0.0478,0.366,0.628,86.978,atl hip hop|dirty south rap|hip hop|pop rap|southern hip hop,True,train
3XrvEifl0hIzgBGUa5jBLS,Grindin',Clipse,Southern Hip Hop,0.592,0.77,1,-3.402,1,0.318,0.122,0.103,0.361,191.692,alternative hip hop|gangster rap|hardcore hip hop|hip hop|pop rap|rap|southern hip hop|trap|virginia hip hop,True,train
56hvN4r1qI7kDW9cw1lVov,Hay,Crucial Conflict,Southern Hip Hop,0.749,0.733,11,-9.163,0,0.0611,0.0302,0.151,0.897,139.935,chicago rap|gangster rap|southern hip hop,True,train
1EsSm8qaR9Wtm1OgZXKi2n,Ho,Ludacris,Southern Hip Hop,0.701,0.68,4,-6.209,0,0.225,0.284,0.143,0.333,96.862,atl hip hop|dance pop|dirty south rap|hip hop|pop rap|rap|southern hip hop|trap,True,train
486eCsiRqWYaHnfeuiIGey,Hootnanny,Bubba Sparxxx,Southern Hip Hop,0.548,0.73,1,-7.156,1,0.292,0.626,0.196,0.822,86.746,atl hip hop|country rap|dirty south rap|pop rap|redneck|southern hip hop,True,test
1WtTLtofvcjQM3sXSMkDdX,How Low,Ludacris,Southern Hip Hop,0.784,0.498,1,-6.977,1,0.0533,0.00248,0.224,0.418,143.96,atl hip hop|dance pop|dirty south rap|hip hop|pop rap|rap|southern hip hop|trap,True,train
5cN4KyXGUdNOve1TEPWmhL,Humble Mumble (with Erykah Badu),OutKast,Southern Hip Hop,0.799,0.923,10,-6.108,0,0.119,0.0366,0.41,0.776,109.964,atl hip hop|dirty south rap|hip hop|rap|southern hip hop,True,test
2334WaCjswLcRIRgTTPWaZ,Hustler Musik,Lil Wayne,Southern Hip Hop,0.661,0.746,8,-2.223,0,0.25,0.36,0.454,0.678,83.939,hip hop|new orleans rap|pop rap|rap|trap,True,train
2KjKMrjCqNtqOiMVGgENxS,I Do,Jeezy,Southern Hip Hop,0.599,0.815,8,-7.638,0,0.337,0.125,0.0877,0.623,72.437,atl hip hop|crunk|dirty south rap|gangster rap|hip hop|pop rap|rap|southern hip hop|trap,True,train
7qFxSPDUDMQNGBqTvK4aEj,I Luv It,Jeezy,Southern Hip Hop,0.642,0.765,9,-6.626,1,0.0382,0.000975,0.387,0.19,91.015,atl hip hop|crunk|dirty south rap|gangster rap|hip hop|pop rap|rap|southern hip hop|trap,True,train
6j2aNuhJJUnRj6UHcvn5PI,I'm a Thug,Trick Daddy,Southern Hip Hop,0.933,0.562,11,-5.963,1,0.122,0.0275,0.102,0.587,139.981,crunk|dirty south rap|gangster rap|hip hop|hip pop|miami hip hop|pop rap|rap|southern hip hop|trap,True,train
4TJ56OkWrnf2fv2a6T69DL,In da Wind,Trick Daddy,Southern Hip Hop,0.974,0.586,0,-3.801,1,0.18,0.12,0.0585,0.689,113.998,crunk|dirty south rap|gangster rap|hip hop|hip pop|miami hip hop|pop rap|rap|southern hip hop|trap,True,train
2bQdgtO42TfS37YWupeMrr,Int'l Players Anthem (I Choose You) (feat. OutKast),UGK,Southern Hip Hop,0.697,0.681,4,-5.084,0,0.219,0.0598,0.301,0.82,77.847,dirty south rap|gangster rap|hip hop|houston rap|rap|southern hip hop|trap,True,train
720dTtTyYAD9TKSAd9lwrt,Jimmy Mathis,Bubba Sparxxx,Southern Hip Hop,0.773,0.79,11,-5.187,0,0.257,0.369,0.461,0.85,101.865,atl hip hop|country rap|dirty south rap|pop rap|redneck|southern hip hop,True,test
0bdabO15YOj0iZPg2OujAw,Let The Beat Build,Lil Wayne,Southern Hip Hop,0.493,0.527,8,-8.128,1,0.247,0.144,0.38,0.886,154.053,hip hop|new orleans rap|pop rap|rap|trap,True,train
1MaHkdIfO4s5RqUiaLI87W,Let's Get Away - Revised Edited /Old Hook,T.I.,Southern Hip Hop,0.666,0.812,10,-4.765,0,0.437,0.329,0.122,0.695,84.878,atl hip hop|dance pop|dirty south rap|gangster rap|hip hop|pop rap|rap|southern hip hop|trap,True,train
289MmJCmxYMxC54ZHcd9G0,Like A Pimp,David Banner,Southern Hip Hop,0.846,0.858,7,-5.263,1,0.174,0.00503,0.0772,0.911,144.082,conscious hip hop|crunk|dirty south rap|gangster rap|hip hop|mississippi hip hop|pop rap|rap|southern hip hop|trap,True,train
2T5O5rE0vVBeb3IxCTxzND,Lines,Big Boi,Southern Hip Hop,0.591,0.652,9,-5.945,1,0.21,0.075,0.205,0.243,84.783,atl hip hop|dirty south rap|hip hop|pop rap|southern hip hop,True,train
3a8Rt2tPSeTkpx5fZDf730,Melting Pot,Nappy Roots,Southern Hip Hop,0.614,0.891,9,-5.607,1,0.252,0.201,0.524,0.487,180.085,dirty south rap|gangster rap|southern hip hop,True,train
7LqnglgrosirX2c7C44Cnw,"Money, Hoes & Power (feat. Jermaine Dupri)",UGK,Southern Hip Hop,0.914,0.837,1,-5.338,1,0.153,0.108,0.0286,0.977,143.975,dirty south rap|gangster rap|hip hop|houston rap|rap|southern hip hop|trap,True,train
0EHR9OObFtjlhQB8wSt1m7,Mrs. Officer,Lil Wayne,Southern Hip Hop,0.92,0.553,6,-5.068,1,0.189,0.237,0.0767,0.947,112.021,hip hop|new orleans rap|pop rap|rap|trap,True,train
0I3q5fE6wg7LIfHGngUTnV,Ms. Jackson,OutKast,Southern Hip Hop,0.843,0.805,4,-5.946,0,0.269,0.142,0.0771,0.615,94.946,atl hip hop|dirty south rap|hip hop|rap|southern hip hop,True,train
3bMNprrp2JDKZsGbiXpsJl,My Chick Bad,Ludacris,Southern Hip Hop,0.624,0.723,1,-6.782,1,0.378,0.172,0.483,0.757,84.789,atl hip hop|dance pop|dirty south rap|hip hop|pop rap|rap|southern hip hop|trap,True,test
6gEejYQZRMeMODb5rxwdK8,Myintrotoletuknow,OutKast,Southern Hip Hop,0.775,0.673,1,-6.018,1,0.316,0.123,0.477,0.263,91.331,atl hip hop|dirty south rap|hip hop|rap|southern hip hop,True,train
6E9GnwBQUPcTCzfGryhhFB,Nappy Roots Day,Nappy Roots,Southern Hip Hop,0.793,0.793,4,-6.419,1,0.269,0.072,0.109,0.642,150.686,dirty south rap|gangster rap|southern hip hop,True,train
3EXNWHiB6W70p1xCooJBnR,Now I Feel Ya,Scarface,Southern Hip Hop,0.798,0.549,11,-10.072,0,0.247,0.0347,0.354,0.566,78.908,conscious hip hop|dirty south rap|gangster rap|hardcore hip hop|hip hop|rap|southern hip hop|trap,True,train
6BT0WfQUx5yoQAOxdaD4dq,Nowhere,Bubba Sparxxx,Southern Hip Hop,0.607,0.723,1,-4.802,0,0.286,0.361,0.633,0.591,148.735,atl hip hop|country rap|dirty south rap|pop rap|redneck|southern hip hop,True,train
3XcsaghGUCL9WzJz3TlLKo,On My Block,Scarface,Southern Hip Hop,0.834,0.917,10,-3.194,1,0.205,0.165,0.0533,0.601,82.766,conscious hip hop|dirty south rap|gangster rap|hardcore hip hop|hip hop|rap|southern hip hop|trap,True,test
3XrYVxmqDEFU725or3B59w,One More Drink (co-starring T-Pain),Ludacris,Southern Hip Hop,0.558,0.773,0,-4.764,1,0.292,0.0647,0.283,0.593,98.125,atl hip hop|dance pop|dirty south rap|hip hop|pop rap|rap|southern hip hop|trap,True,train
0J1mcDz3wZTdBeZ56ho8LN,Over Here Hustlin',Birdman,Southern Hip Hop,0.677,0.848,11,-5.224,0,0.276,0.0394,0.142,0.679,144.423,dirty south rap|gangster rap|hip hop|pop rap|rap|southern hip hop,True,train
4sjzqWBQ1gdsi7TGo7brjX,Phat Rabbit,Ludacris,Southern Hip Hop,0.816,0.818,9,-6.314,1,0.184,0.217,0.138,0.766,143.07,atl hip hop|dance pop|dirty south rap|hip hop|pop rap|rap|southern hip hop|trap,True,train
22F01qwlQDpxjPN8UQFz8n,Po' Folks (feat. Anthony Hamilton),Nappy Roots,Southern Hip Hop,0.854,0.847,2,-3.03,1,0.258,0.212,0.0894,0.651,86.062,dirty south rap|gangster rap|southern hip hop,True,test
5zd9TgduWbfFXwgnm3K3Rz,Poppin' My Collar - feat. Project Pat - Explicit,Three 6 Mafia,Southern Hip Hop,0.729,0.795,7,-4.579,1,0.144,0.354,0.536,0.856,146.747,crunk|dirty south rap|gangster rap|hip hop|memphis hip hop|pop rap|rap|southern hip hop|tennessee hip hop|trap,True,train
02GwPAncasVL82yC7y2hmN,Raise Up,Petey Pablo,Southern Hip Hop,0.735,0.844,1,-5.215,1,0.167,0.142,0.319,0.742,156.069,crunk|dirty south rap|gangster rap|hip pop|north carolina hip hop|pop rap|southern hip hop,True,train
1iQi4lFpgIPTMeGXlQqZKk,Receipt,Lil Wayne,Southern Hip Hop,0.497,0.888,6,-3.553,0,0.37,0.0154,0.147,0.677,174.067,hip hop|new orleans rap|pop rap|rap|trap,True,train
5SUXv9ocVrA47eHc4IvkeQ,Ride Wit Me,T.I.,Southern Hip Hop,0.754,0.6,5,-4.582,0,0.253,0.233,0.437,0.778,156.932,atl hip hop|dance pop|dirty south rap|gangster rap|hip hop|pop rap|rap|southern hip hop|trap,True,train
0shK5iZQppbHPQYiy60xs9,Rosa Parks,OutKast,Southern Hip Hop,0.792,0.701,6,-7.198,0,0.283,0.104,0.761,0.251,103.888,atl hip hop|dirty south rap|hip hop|rap|southern hip hop,True,train
6bUNEbXT7HovLW6BgPCBsb,Roses,OutKast,Southern Hip Hop,0.751,0.708,0,-5.645,1,0.0545,0.0481,0.107,0.509,108.97,atl hip hop|dirty south rap|hip hop|rap|southern hip hop,True,train
1qhgBzRH0jOzoVZJ2K1hDn,Royal Flush (feat. André 3000 & Raekwon),Big Boi,Southern Hip Hop,0.719,0.671,11,-6.881,1,0.404,0.175,0.133,0.704,94.983,atl hip hop|dirty south rap|hip hop|pop rap|southern hip hop,True,train
0Gta6gzv6z2lMKwlnZj3R2,Rubber Band Man - Explicit + Buster Skit,T.I.,Southern Hip Hop,0.601,0.768,8,-5.712,1,0.386,0.141,0.482,0.634,152.45,atl hip hop|dance pop|dirty south rap|gangster rap|hip hop|pop rap|rap|southern hip hop|trap,True,train
181I2gMZOSj4P5nB5gehEx,Shooter,Lil Wayne,Southern Hip Hop,0.684,0.66,2,-6.025,1,0.323,0.245,0.296,0.735,81.034,hip hop|new orleans rap|pop rap|rap|trap,True,train
6Y9kdB2O0h9gq9y2vclsWT,Shorty Wanna Ride,Young Buck,Southern Hip Hop,0.582,0.621,11,-6.183,0,0.283,0.00317,0.111,0.331,179.458,crunk|dirty south rap|gangster rap|hip hop|nashville hip hop|pop rap|rap|southern hip hop|trap,True,test
66MsAs4nVj68t6va1lygIm,"Shut Up (feat. Duece Poppito of 24 Karatz, Trina, & Co of Tre +)",Trick Daddy,Southern Hip Hop,0.792,0.733,11,-5.71,0,0.389,0.00676,0.29,0.653,144.857,crunk|dirty south rap|gangster rap|hip hop|hip pop|miami hip hop|pop rap|rap|southern hip hop|trap,True,train
2EduiM2UNwjCC7PsLxnOCH,Sippin On Some Syrup (feat. UGK (Underground Kingz) & Project Pat),Three 6 Mafia,Southern Hip Hop,0.944,0.839,11,-4.141,1,0.108,0.00919,0.0921,0.892,136.019,crunk|dirty south rap|gangster rap|hip hop|memphis hip hop|pop rap|rap|southern hip hop|tennessee hip hop|trap,True,test
6EQ4orawx8eo0aXH0pOKLE,Skew It on the Bar-B,OutKast,Southern Hip Hop,0.93,0.815,2,-4.801,1,0.295,0.221,0.0584,0.528,107.645,atl hip hop|dirty south rap|hip hop|rap|southern hip hop,True,train
6glsMWIMIxQ4BedzLqGVi4,"So Fresh, So Clean",OutKast,Southern Hip Hop,0.725,0.64,5,-7.905,0,0.332,0.0278,0.099,0.915,166.029,atl hip hop|dirty south rap|hip hop|rap|southern hip hop,True,train
2pMAmZdHfQHyqJCXJbfhK3,Southernplayalisticadillacmuzik,OutKast,Southern Hip Hop,0.69,0.834,10,-5.8,0,0.225,0.0162,0.0559,0.58,172.392,atl hip hop|dirty south rap|hip hop|rap|southern hip hop,True,train
1ZosUXeZM3qlTWdL1uTrhm,Spaghetti Junction,OutKast,Southern Hip Hop,0.756,0.697,7,-7.104,1,0.242,0.0109,0.0459,0.446,96.681,atl hip hop|dirty south rap|hip hop|rap|southern hip hop,True,train
2T8hXV9LUZMDBKR5RALGEa,Splash Waterfalls,Ludacris,Southern Hip Hop,0.728,0.846,6,-6.102,1,0.407,0.102,0.233,0.702,145.813,atl hip hop|dance pop|dirty south rap|hip hop|pop rap|rap|southern hip hop|trap,True,train
4GdB5M7GbwLZLouktYocFC,SpottieOttieDopaliscious,OutKast,Southern Hip Hop,0.824,0.656,1,-6.571,1,0.224,0.0026,0.144,0.707,125.006,atl hip hop|dirty south rap|hip hop|rap|southern hip hop,True,test
5FGs2enRe23RODlTmGYbX6,"Stay Fly (feat. Young Buck, Eightball & MJG) - Explicit Album Version",Three 6 Mafia,Southern Hip Hop,0.788,0.864,11,-5.767,1,0.0335,0.0956,0.335,0.665,133.295,crunk|dirty south rap|gangster rap|hip hop|memphis hip hop|pop rap|rap|southern hip hop|tennessee hip hop|trap,True,train
563vSy3HB5NHxel1VGQCW6,Still Fly,Big Tymers,Southern Hip Hop,0.675,0.607,11,-3.538,1,0.161,0.0302,0.339,0.56,177.928,crunk|dirty south rap|gangster rap|hip hop|new orleans rap|pop rap|rap|southern hip hop|trap,True,test
1jqARIDOovT45LDzxAQ6RA,Still Tippin' (feat. Slim Thug & Paul Wall),Mike Jones,Southern Hip Hop,0.86,0.861,6,-7.131,0,0.307,0.0361,0.113,0.79,143.184,dirty south rap|gangster rap|hip hop|pop rap|rap|southern hip hop|trap,True,train
3KfnUFbnolYR4NuCaf0NnI,Sunny Day,Big Tymers,Southern Hip Hop,0.819,0.679,2,-3.399,1,0.25,0.119,0.364,0.501,82.95,crunk|dirty south rap|gangster rap|hip hop|new orleans rap|pop rap|rap|southern hip hop|trap,True,train
5VSnk53xAO9BmquVUqGZbV,Sunshine - Re-Recorded,Lil' Flip,Southern Hip Hop,0.867,0.432,7,-7.466,1,0.188,0.0119,0.069,0.88,94.017,crunk|dirty south rap|gangster rap|houston rap|pop rap|southern hip hop|trap,True,train
1wLhwzPAtze5JT8qqXlqaO,Take It to da House,Trick Daddy,Southern Hip Hop,0.935,0.781,6,-5.795,0,0.197,0.0158,0.164,0.918,123.894,crunk|dirty south rap|gangster rap|hip hop|hip pop|miami hip hop|pop rap|rap|southern hip hop|trap,True,test
6wCbHb0QEEdka3ymfImn4l,Tha Block Is Hot,Lil Wayne,Southern Hip Hop,0.708,0.941,7,-5.132,1,0.119,0.196,0.0402,0.934,174.041,hip hop|new orleans rap|pop rap|rap|trap,True,train
0Jic1enFHt5xG7E1nHdeYn,This Is The Carter,Lil Wayne,Southern Hip Hop,0.844,0.854,7,-3.694,0,0.265,0.17,0.092,0.777,95.081,hip hop|new orleans rap|pop rap|rap|trap,True,train
1qXLj4ywjsA0hGmaibmnn3,Throw Some D's Remix,Rich Boy,Southern Hip Hop,0.681,0.727,1,-5.086,0,0.323,0.0168,0.074,0.347,160.882,alabama rap|dirty south rap|gangster rap|pop rap|rap|southern hip hop|trap,True,train
7dpFJmdFiahlgzzEmgUwoN,Virginia,Clipse,Southern Hip Hop,0.643,0.878,11,-2.729,0,0.341,0.0589,0.626,0.613,159.709,alternative hip hop|gangster rap|hardcore hip hop|hip hop|pop rap|rap|southern hip hop|trap|virginia hip hop,True,train
6A71EmfdTryZxflaVpuXy6,What You Know,T.I.,Southern Hip Hop,0.548,0.815,3,-4.389,0,0.0376,0.0154,0.12,0.345,146.934,atl hip hop|dance pop|dirty south rap|gangster rap|hip hop|pop rap|rap|southern hip hop|trap,True,test
4LwOrnuxJwR7C5Sw4liY4Z,What's Your Fantasy (Featuring Shawna),Ludacris,Southern Hip Hop,0.915,0.79,6,-3.186,0,0.207,0.16,0.112,0.967,140.095,atl hip hop|dance pop|dirty south rap|hip hop|pop rap|rap|southern hip hop|trap,True,test
0TBuySbBzGo4Jgc410MvJp,Who Want It,David Banner,Southern Hip Hop,0.456,0.929,2,-4.576,1,0.453,0.0415,0.121,0.393,168.114,conscious hip hop|crunk|dirty south rap|gangster rap|hip hop|mississippi hip hop|pop rap|rap|southern hip hop|trap,True,train
7n37dToRMRqUhdOnh9sEhB,Why You Wanna,T.I.,Southern Hip Hop,0.802,0.772,1,-4.893,0,0.192,0.358,0.0603,0.654,96.046,atl hip hop|dance pop|dirty south rap|gangster rap|hip hop|pop rap|rap|southern hip hop|trap,True,train
6iV7QmMUPadq6osYqSM2wF,You Ain't Know,Birdman,Southern Hip Hop,0.88,0.623,1,-7.885,0,0.353,0.0956,0.151,0.848,153.085,dirty south rap|gangster rap|hip hop|pop rap|rap|southern hip hop,True,train
1gV0hgMNdpSWeW7ZjSUKnX,Afterhours feat. Diplo & Nina Sky,TroyBoi,Trap Nation,0.74,0.831,1,-3.828,1,0.0423,0.089,0.0837,0.357,91.026,bass trap|edm|electronic trap,True,train
3YPlsrk0Voe8AOa1jyN891,Ain't My Fault - R3hab Remix,Zara Larsson,Trap Nation,0.67,0.847,9,-3.723,1,0.043,0.0156,0.22,0.613,150.109,dance pop|edm|pop|pop dance|post-teen pop|scandipop|swedish electropop|swedish pop|tropical house,True,test
7HvO8vqEEy9gQsOhy2XehU,All Four Walls - Graves Remix,Gorgon City,Trap Nation,0.719,0.918,5,-6.514,0,0.192,0.0774,0.103,0.535,147.932,deep groove house|edm|future garage|house|pop dance|progressive house|tropical house|uk dance,True,train
12mGwph2YzDIlChtq3EdXP,Alone,Marshmello,Trap Nation,0.636,0.953,2,-3.74,1,0.0353,0.0244,0.108,0.397,142.011,brostep|edm|pop|pop dance|progressive electro house,True,train
59mH1qOaKrtOGGOu8kCrxg,Apollo,Lookas,Trap Nation,0.69,0.74,8,-5.509,0,0.0741,0.111,0.0899,0.363,144.935,bass trap|electro house|electronic trap|traprun,True,train
4Ijr3J0lnLCGZvpXBiqCjU,Bap U,Party Favor,Trap Nation,0.668,0.953,8,-1.784,0,0.0386,0.0193,0.0834,0.254,100.001,bass trap|edm|electro house|electronic trap,True,train
4pWawf1Rq4qHDv4Ktqjg2D,Beautiful Creatures (feat. MAX),ILLENIUM,Trap Nation,0.589,0.826,0,-4.577,0,0.0776,0.0663,0.367,0.215,117.099,edm|electropop|melodic dubstep|pop|pop dance|tropical house,True,test
7n1940b6kHcaEewFSZXnXa,Better Not (with Wafia),Louis The Child,Trap Nation,0.783,0.537,9,-2.921,1,0.0795,0.278,0.229,0.393,113.988,edm|electropop|pop|pop dance|tropical house,True,train
0J67SeAqemmeTxZ5K4X33E,Bird Machine,DJ Snake,Trap Nation,0.719,0.668,7,-6.35,1,0.0479,0.000352,0.0851,0.166,99.995,dance pop|edm|electro house|electronic trap|pop|pop dance|pop rap,True,train
1XSxcjQ2SfYj1fcAxbaLS1,Blac Chyna,Lambo Anlo,Trap Nation,0.666,0.649,6,-4.06,1,0.035,0.611,0.112,0.158,144.892,,False,train
089tprIgsyFSOrZpugamLI,Blame,Ekali,Trap Nation,0.624,0.68,9,-7.285,0,0.0421,0.114,0.0614,0.117,91.998,,False,train
7CotyU8EcChJlqOFnxPPmI,Can't Hide,Whethan,Trap Nation,0.61,0.69,2,-2.656,0,0.091,0.0429,0.166,0.318,179.944,edm|electropop|indie poptimism|modern rock|pop|pop dance|tropical house|vapor soul|vapor twitch,True,train
4ORMraWZ5vUT1Hzrz6f3lG,Cherry Top,Gabriel Tirado,Trap Nation,0.929,0.716,1,-4.535,1,0.0371,0.399,0.0836,0.912,134.952,,False,train
6fvB2ft8IylK1coIewMPe1,Clarity - Brillz Remix,Zedd,Trap Nation,0.667,0.858,5,-7.062,0,0.0533,0.017,0.177,0.354,140.024,complextro|dance pop|edm|electro house|electropop|german techno|pop|pop dance|post-teen pop|tropical house,True,train
16PbhyOxOEUtBtdKhr3UMx,Clicced,Spade Melo,Trap Nation,0.844,0.668,5,-6.888,0,0.177,0.111,0.169,0.486,140.034,,False,train
5DwYXHM4FuBXD5wyGjFl0r,Closer,Lemaitre,Trap Nation,0.578,0.773,2,-3.662,0,0.0337,0.0015,0.107,0.364,91.947,,False,train
33ecyF2OHCK4HFUSp1hItE,Closer - T-Mass Remix,The Chainsmokers,Trap Nation,0.7,0.821,8,-4.338,1,0.0444,0.115,0.0796,0.608,94.952,dance pop|edm|electropop|pop|pop dance|tropical house,True,test
5L2BTetlYhS14tN8PYvz7F,CoCo - Flosstradamus Remix,O.T. Genasis,Trap Nation,0.85,0.581,0,-7.98,0,0.0497,0.00232,0.386,0.528,130.0,pop rap|rap|southern hip hop|trap,True,train
5HSMoHAy3sH6ByONlp0DIa,Cold Water - Boombox Cartel Remix,Major Lazer,Trap Nation,0.434,0.725,11,-7.075,0,0.098,0.0103,0.329,0.253,174.091,dance pop|edm|electro house|moombahton|pop|pop dance|pop rap,True,train
3WtCu35qpzGCLIGa8pczdu,Colors - Audien Remix,Halsey,Trap Nation,0.649,0.885,1,-2.012,1,0.106,0.0722,0.101,0.719,134.932,dance pop|electropop|etherpop|indie poptimism|pop|pop dance|post-teen pop,True,train
6m3ZWIXhjoV76syT1j2oE9,Coming Over,Dillon Francis,Trap Nation,0.631,0.661,5,-5.5,0,0.0999,0.227,0.166,0.698,174.031,big room|brostep|dance pop|edm|electro house|electronic trap|electropop|moombahton|pop|pop dance|tropical house,True,train
6Knx4Tp8hE7IlYtde2dCYI,Core,RL Grime,Trap Nation,0.532,0.949,0,-3.903,1,0.0544,0.00172,0.308,0.604,149.996,bass trap|edm|electro house|electronic trap|electropop|pop dance,True,train
1ivuWgxFQb2xzxVNSlB1hF,DJ Turn It Up,Yellow Claw,Trap Nation,0.829,0.695,1,-5.561,1,0.0473,0.000956,0.112,0.369,102.018,bass trap|edm|electro house|electronic trap|pop dance,True,train
3e6UZyCx72Td2E4XNnmmFF,Dinner with the Devil,Binoy,Trap Nation,0.658,0.649,5,-6.523,0,0.224,0.132,0.112,0.758,183.982,,False,test
15BlympuVSfZFROojEMY2M,Don't Let Me Down - Illenium Remix,The Chainsmokers,Trap Nation,0.428,0.656,11,-3.712,1,0.075,0.0751,0.15,0.355,79.648,dance pop|edm|electropop|pop|pop dance|tropical house,True,test
2zUwVdcaXijMUqLsp9BycM,Dum Dee Dum - JiKay Remix,Keys N Krates,Trap Nation,0.781,0.854,11,-7.411,0,0.311,0.0159,0.15,0.493,100.043,bass trap|edm|electronic trap|livetronica|vapor twitch,True,train
20vHuJe3q46MNt4Zj5UNQ5,Easy Go,Grandtheft,Trap Nation,0.681,0.922,5,-3.592,1,0.0779,0.107,0.0938,0.566,156.071,,False,train
0v1fwr2J4yuInxUpPaEd7j,Evil Twin,THE TRASH MERMAIDS,Trap Nation,0.369,0.776,9,-6.068,0,0.115,0.00587,0.0974,0.208,176.412,,False,train
0Ev562zA4pmUsBqjxsxxdx,Feel Good (feat. Daya),Gryffin,Trap Nation,0.625,0.707,2,-4.761,1,0.0337,0.22,0.213,0.479,138.064,dance pop|edm|pop|pop dance|tropical house,True,train
0D8n26VxzYSDIMhDO5JPjO,Flatline,Blanke,Trap Nation,0.34,0.775,11,-4.832,0,0.0551,0.00547,0.27,0.226,75.199,,False,train
5BN7zE313XgFeaYDkhFIMl,Forget About Me,Rich Delinquent,Trap Nation,0.554,0.938,0,-2.226,0,0.0719,0.364,0.129,0.439,136.051,,False,train
2vtXB4ShP4eprgRW1IYpAp,Fortress - Just A Gent Remix,ILLENIUM,Trap Nation,0.6,0.76,5,-4.964,1,0.262,0.0842,0.237,0.421,129.896,edm|electropop|melodic dubstep|pop|pop dance|tropical house,True,train
2BVUOGciUUUqOPSLtHwLGp,GUD VIBRATIONS,NGHTMRE,Trap Nation,0.514,0.924,8,-5.417,1,0.052,0.000208,0.0684,0.0675,151.994,bass trap|brostep|edm|electro house|electronic trap|pop dance,True,test
01XFgRZfZI7oBagNf1Loml,Harlem Shake,Baauer,Trap Nation,0.452,0.794,0,-5.151,1,0.0483,0.0111,0.416,0.282,137.825,bass trap|electro house|electronic trap|vapor twitch,True,test
3WmVIlqFYl0uUf7rrVLQYv,Heroes (we could be) - Branchez Remix,Alesso,Trap Nation,0.659,0.483,5,-9.026,1,0.0318,0.517,0.0903,0.314,122.087,big room|dance pop|edm|electro house|pop|pop dance|progressive electro house|tropical house,True,train
0Js9hB2I66nJliPIJxzn2R,Higher Ground,TNGHT,Trap Nation,0.711,0.761,6,-7.267,1,0.233,0.598,0.134,0.526,160.738,bass music|electronic trap,True,train
2mQ7KmAI8gFLH3baaDXc6o,How Deep Is Your Love - DJ Snake Remix,Calvin Harris,Trap Nation,0.616,0.903,9,-0.475,1,0.0938,0.015,0.141,0.446,149.93,dance pop|edm|electro house|house|pop|pop dance|progressive house|uk dance,True,train
1LQiF6aZfnNgxerxWJRbxw,HyperParadise - Flume Remix,Hermitude,Trap Nation,0.603,0.827,6,-7.372,1,0.0714,0.0453,0.0833,0.311,144.992,australian dance|downtempo|edm|escape room,True,test
6WK7h2WfMmnX7zOZnfzoYo,I Like It - Dillon Francis Remix,Cardi B,Trap Nation,0.731,0.854,5,-4.635,0,0.149,0.00256,0.386,0.651,150.163,pop|pop rap|rap,True,train
5MGeW5mHnqeJiM0NPBbkEZ,I Like Tuh,Carnage,Trap Nation,0.611,0.543,1,-5.288,0,0.0672,0.329,0.281,0.561,174.862,edm|electro house|electronic trap|pop rap|rap|southern hip hop|trap|underground hip hop,True,train
4ToogKQq58R9TvO40qRuxi,I Wanna Know,RL Grime,Trap Nation,0.432,0.85,10,-4.417,1,0.0771,0.501,0.203,0.109,82.607,bass trap|edm|electro house|electronic trap|electropop|pop dance,True,train
6wb61u8ayuanWSHZzle5od,I Want U,Alison Wonderland,Trap Nation,0.606,0.829,1,-3.455,0,0.036,0.00172,0.276,0.384,140.033,aussietronica|edm|electra|electro house|electronic trap|electropop|escape room|indietronica,True,train
1mia2jUSO5ea1Pe7xmsLV0,Indian Summer,Jai Wolf,Trap Nation,0.507,0.824,6,-2.501,1,0.0526,0.0246,0.0848,0.0394,84.992,edm|electropop|future bass|indie electropop|indie poptimism|pop edm|tropical house|vapor soul|vapor twitch,True,test
0Vc3nfRMdvY5iX6AHVWSMN,It's All on U - T-Mass & LZRD Remix,ILLENIUM,Trap Nation,0.536,0.782,7,-4.139,0,0.0485,0.039,0.0691,0.405,154.93,edm|electropop|melodic dubstep|pop|pop dance|tropical house,True,train
2EYRVzZC1cfIQjRgvCtLyR,It's Mine,Spade Melo,Trap Nation,0.901,0.51,9,-8.489,1,0.181,0.442,0.0847,0.45,131.021,,False,train
6Cs5HSps1CCjGw2KyzbFZl,Jackie Chan - Lookas Remix,Tiësto,Trap Nation,0.728,0.787,3,-5.163,0,0.0712,0.0184,0.086,0.418,140.064,big room|brostep|dance pop|dutch edm|edm|electro house|house|pop|pop dance|trance|tropical house,True,train
7guegNxwAH0uZsQx7i69Iw,Jah No Partial - Yellow Claw & Yung Felix Remix,Major Lazer,Trap Nation,0.562,0.723,6,-8.922,0,0.0335,0.00145,0.271,0.484,145.031,dance pop|edm|electro house|moombahton|pop|pop dance|pop rap,True,train
28r8mD037GEBPG5a65YdDQ,Keep It 100,Grandtheft,Trap Nation,0.623,0.947,1,-3.347,1,0.25,0.00598,0.279,0.457,164.029,,False,train
11Ko2RWkUomW4PY1liDDrd,Lean On (feat. MØ & DJ Snake) - CRNKN Remix,Major Lazer,Trap Nation,0.752,0.707,8,-6.365,1,0.0512,0.124,0.201,0.0839,100.011,dance pop|edm|electro house|moombahton|pop|pop dance|pop rap,True,test
4fNDcRXLM39qJRgwVjtI3y,Let Me Love You - Marshmello Remix,DJ Snake,Trap Nation,0.66,0.828,8,-3.139,1,0.039,0.0184,0.117,0.23,119.999,dance pop|edm|electro house|electronic trap|pop|pop dance|pop rap,True,train
6jq6rcOikCZAmjliAgAmfT,Light,San Holo,Trap Nation,0.57,0.763,1,-4.137,1,0.0573,0.0857,0.0932,0.43,150.088,edm|electro house|electronic trap|electropop|future bass|pop dance|pop edm|vapor twitch,True,test
72RFLY7sigTDszBRAKg9Mf,Like A Bitch - Extended Mix,Zomboy,Trap Nation,0.592,0.988,6,-0.846,1,0.0997,0.000767,0.0847,0.268,149.985,,False,test
3mof6Z6vz6gonsuIEQXank,Limelight (NGHTMRE Remix),Just A Gent,Trap Nation,0.574,0.576,1,-8.267,1,0.0446,0.0579,0.208,0.287,145.094,aussietronica|bass trap|edm|electro house|electronic trap|electropop|future bass|pop edm|vapor soul|vapor twitch,True,train
1cEDPbmrlhoVK1h6BLwBYS,Loyal,ODESZA,Trap Nation,0.497,0.925,2,-4.489,1,0.0745,0.00523,0.222,0.262,139.961,chillwave|ninja,True,test
1eEEegafHzDJ2Znp5q6Qv1,MadDog2020,Spade Melo,Trap Nation,0.779,0.566,1,-7.869,0,0.0803,0.144,0.0954,0.38,137.966,,False,train
0FjkcycxVB1Jd7mcdEDDWp,Magic,Jauz,Trap Nation,0.551,0.839,5,-2.461,0,0.0578,0.0241,0.0874,0.314,141.976,bass house|brostep|edm|electro house|electronic trap|house|pop dance,True,train
5rK0pyEObO4DBFLy682QvR,Mask Off - Marshmello Remix,Future,Trap Nation,0.731,0.725,2,-5.21,1,0.249,0.00432,0.0556,0.351,149.963,atl hip hop|pop rap|rap|southern hip hop|trap,True,train
6ZpR2XFuQJSHAQwg9495KZ,Mind (feat. Kai),Jack Ü,Trap Nation,0.502,0.777,1,-4.627,1,0.0934,0.117,0.0957,0.356,174.153,edm|electro house|pop dance,True,train
6HCDMQZMIa14cCb6mQkLEo,Mine - Bazzi vs. Nitti Gritti Remix,Bazzi vs.,Trap Nation,0.62,0.672,1,-5.508,0,0.233,0.0472,0.086,0.504,142.859,,False,test
1T3E8z6VMXSsACrBSQHTkN,MyBoi - TroyBoi Remix,Billie Eilish,Trap Nation,0.879,0.58,2,-4.797,1,0.0883,0.00626,0.0653,0.312,92.004,pop,True,train
12REd1n8PeiHHWOh066tpr,Never Be Like You,Flume,Trap Nation,0.494,0.559,0,-5.445,1,0.0565,0.436,0.164,0.264,119.247,australian dance|australian electropop|australian indie|downtempo|edm,True,train
5Fx2UrcQobzM1h2ihdhsmm,New Rules - Alison Wonderland Remix,Dua Lipa,Trap Nation,0.578,0.59,9,-6.162,0,0.0431,0.00721,0.077,0.253,128.092,dance pop|pop|pop dance|uk pop,True,train
09dwF4F9mJSoy5oHd2HWFg,Nudies,24hrs,Trap Nation,0.753,0.635,5,-5.34,1,0.101,0.0615,0.122,0.542,161.977,trap|trap soul|underground hip hop|vapor trap,True,train
21fhmVio7JDL2WgjL4yEcq,Original Don (feat. The Partysquad) [Flosstradamus Remix],Major Lazer,Trap Nation,0.786,0.984,7,-3.517,1,0.101,0.0473,0.517,0.578,135.039,dance pop|edm|electro house|moombahton|pop|pop dance|pop rap,True,train
7sn0OyaKn1XKx18JjUZkSw,Propaganda,DJ Snake,Trap Nation,0.653,0.928,1,-3.937,1,0.0885,0.00213,0.649,0.239,150.025,dance pop|edm|electro house|electronic trap|pop|pop dance|pop rap,True,train
6JyuJFedEvPmdWQW0PkbGJ,Purple Lamborghini (with Rick Ross),Skrillex,Trap Nation,0.457,0.899,10,-2.591,0,0.132,0.0019,0.831,0.298,147.268,brostep|complextro|edm|electro,True,train
1IaIbjNFk6i21FyXump6Dz,Revolution (Unlike Pluto Remix) [feat. Faustix & Imanos and Kai],Diplo,Trap Nation,0.617,0.672,8,-3.624,1,0.0785,0.0152,0.664,0.146,149.181,bmore|edm|moombahton|ninja|pop|pop dance|tropical house,True,train
4NZg8df9BxJ6spPDnr6Z9T,Rollup - Baauer Remix,Flosstradamus,Trap Nation,0.602,0.97,8,-3.164,1,0.313,0.208,0.702,0.736,165.111,bass trap|edm|electro house|electronic trap|mashup,True,train
5FHGdR2grg8WZIKr7CExs3,Runaway (U & I) - Dillon Francis Remix,Galantis,Trap Nation,0.487,0.867,10,-3.293,0,0.0543,0.00197,0.0968,0.403,160.048,big room|dance pop|edm|electro house|pop|pop dance|tropical house,True,train
4MI4ZR9z3kiCimG9izONuu,Rushing Back - Petit Biscuit Remix,Flume,Trap Nation,0.62,0.6,0,-8.943,1,0.174,0.319,0.0826,0.119,135.985,australian dance|australian electropop|australian indie|downtempo|edm,True,test
68J8vrLOTrUUOzaPLtWOHi,Satisfaction - RL Grime Remix,Benny Benassi,Trap Nation,0.783,0.999,11,-1.876,1,0.268,0.129,0.306,0.132,145.02,disco house|edm|electro house|pop dance,True,test
02Yq8TMuecXONAjkORNJNM,Say It,Flume,Trap Nation,0.59,0.531,3,-6.828,0,0.0326,0.0704,0.0623,0.266,75.114,australian dance|australian electropop|australian indie|downtempo|edm,True,train
4iD4xA4EtVhuaHZC7K5Z08,Secrets - Diplo Remix,Tiësto,Trap Nation,0.61,0.896,11,-3.414,0,0.0469,0.00847,0.322,0.618,145.974,big room|brostep|dance pop|dutch edm|edm|electro house|house|pop|pop dance|trance|tropical house,True,train
5qlSH8Be6djCR8QLWgr1ZY,Self-love,Binoy,Trap Nation,0.868,0.613,4,-8.997,0,0.12,0.0717,0.0864,0.516,99.964,,False,train
185CVwvQgfW5QXXeuLv7Rl,Side Effects - Nolan van Lith Remix,The Chainsmokers,Trap Nation,0.548,0.939,5,-4.024,1,0.0977,0.275,0.0561,0.516,145.082,dance pop|edm|electropop|pop|pop dance|tropical house,True,test
2jt1zmAB5VEY9TLNNiXLKW,Silence - Slushii Remix,Marshmello,Trap Nation,0.518,0.977,0,-2.781,1,0.0937,0.00983,0.0632,0.269,149.964,brostep|edm|pop|pop dance|progressive electro house,True,train
2BcwzjPvVSkek2ZLdh7C9J,Sing Me to Sleep - Marshmello Remix,Alan Walker,Trap Nation,0.62,0.893,4,-1.718,0,0.0436,0.0383,0.159,0.16,101.089,electro house,True,train
5EgKqBgtyJVLvf1CuCuwKR,Sinner,24hrs,Trap Nation,0.714,0.702,3,-6.88,1,0.066,0.231,0.118,0.575,83.018,trap|trap soul|underground hip hop|vapor trap,True,train
07CQ0ux2CwbaVN05sfG1zN,Sleepy Eyes,Elohim,Trap Nation,0.608,0.736,6,-6.7,1,0.165,0.051,0.215,0.489,97.038,electropop|indie electropop|indie poptimism|indietronica|la pop|pop|vapor soul|vapor twitch,True,train
6vjWim6xU6tPjA42GxSp1U,Something About You - ODESZA Remix,Hayden James,Trap Nation,0.705,0.674,11,-8.432,0,0.04,0.0184,0.138,0.103,105.0,aussietronica|edm|gauze pop|house|indie soul|pop dance|tropical house,True,train
2XFak3Sx0XCoXJpPt5TeeR,Soundclash,Flosstradamus,Trap Nation,0.686,0.969,11,-4.46,0,0.344,0.214,0.337,0.789,155.003,bass trap|edm|electro house|electronic trap|mashup,True,train
5QcSDOm6mcvFDl7KBT1fHv,Spaceman - Carnage Festival Trap Remix,Hardwell,Trap Nation,0.712,0.497,11,-8.976,1,0.0777,0.0235,0.101,0.238,139.987,big room|dance pop|deep big room|dutch house|edm|electro house|pop dance|progressive electro house|progressive house|tropical house,True,test
5JCi3pyggvk4B0yd0BK3ow,Stay High - Habits Remix,Tove Lo,Trap Nation,0.736,0.677,4,-7.036,0,0.0352,0.00114,0.0949,0.0747,121.01,dance pop|electropop|metropopolis|pop|pop dance|pop rap|post-teen pop|swedish electropop|swedish pop|swedish synthpop|tropical house,True,train
6zonhXHUitdQqZTqylx7Jf,Summer - Diplo & Grandtheft Remix,Calvin Harris,Trap Nation,0.731,0.96,11,-4.453,0,0.0714,0.00389,0.00936,0.61,140.014,dance pop|edm|electro house|house|pop|pop dance|progressive house|uk dance,True,train
0JITWDB1tVUH2VUXmVtYpL,Sunburn,DROELOE,Trap Nation,0.693,0.725,0,-7.297,0,0.0321,0.121,0.214,0.447,105.961,bass trap|edm|electronic trap|electropop|future bass|pop edm|traprun|vapor soul|vapor twitch,True,train
3WRQUvzRvBDr4AxMWhXc5E,Sunset Lover,Petit Biscuit,Trap Nation,0.785,0.525,6,-7.556,1,0.042,0.669,0.114,0.251,90.853,new french touch|tropical house,True,train
3CPBmuUQnW4b2o4yUlJOjx,Sweet Nothing - Diplo + Grandtheft Remix,Calvin Harris,Trap Nation,0.401,0.956,8,-2.186,0,0.06,0.308,0.263,0.236,140.058,dance pop|edm|electro house|house|pop|pop dance|progressive house|uk dance,True,train
0tdmvtJZdqkZNgt7rec50j,Take Ü There (feat. Kiesza) - Zeds Dead Remix,Skrillex,Trap Nation,0.366,0.751,4,-3.845,0,0.041,0.241,0.646,0.109,152.189,brostep|complextro|edm|electro,True,train
60E5behybi3XUzcme2uojn,Tell Me,RL Grime,Trap Nation,0.593,0.966,5,-2.85,0,0.0512,0.249,0.0936,0.274,140.051,bass trap|edm|electro house|electronic trap|electropop|pop dance,True,train
1E0EOstQRm7YMhFpmDJzaB,The Buzz (feat. Mataya & Young Tapz),Hermitude,Trap Nation,0.726,0.583,0,-6.434,0,0.23,0.334,0.122,0.491,140.943,australian dance|downtempo|edm|escape room,True,train
51hSi1p7g2KdXg7fJA1Hgp,The Drop,Bro Safari,Trap Nation,0.689,0.88,0,-3.964,0,0.101,0.105,0.447,0.528,170.039,bass trap|brostep|edm|electro house|electronic trap|moombahton,True,test
6SNUuxeg0NWXSEkFirAkAM,The Hills - RL Grime Remix,The Weeknd,Trap Nation,0.571,0.897,0,-2.463,0,0.0432,0.113,0.158,0.446,139.996,canadian contemporary r&b|canadian pop|pop,True,train
5Ce9z7GqSknXccyppRxNLY,Thief,Ookay,Trap Nation,0.57,0.797,6,-2.954,1,0.0609,0.00476,0.11,0.212,149.926,dubstep|edm|electro house|electronic trap|vapor twitch,True,train
0DosTwoHVAziTd3GfQNIef,Triple Helix,KILLY,Trap Nation,0.922,0.448,0,-9.197,0,0.309,0.231,0.246,0.233,130.017,,False,test
3OaunNUlXXs5e2PXtNAzzG,UCLA,RL Grime,Trap Nation,0.536,0.879,1,-3.019,1,0.0621,0.0742,0.0847,0.334,140.137,bass trap|edm|electro house|electronic trap|electropop|pop dance,True,train
4CANqU20rw8PXzYvocPzp7,Wild Thoughts - Medasin Dance Remix,DJ Khaled,Trap Nation,0.502,0.699,8,-5.516,1,0.167,0.161,0.0647,0.419,179.871,dance pop|hip hop|miami hip hop|pop|pop rap|rap|southern hip hop|trap,True,train
4bw3ZyWA1ui0Adu285NWDl,Without Me - ILLENIUM Remix,Halsey,Trap Nation,0.639,0.71,6,-3.358,1,0.0479,0.483,0.219,0.373,136.004,dance pop|electropop|etherpop|indie poptimism|pop|pop dance|post-teen pop,True,train
3W2ZcrRsInZbjWylOi6KhZ,You & Me - Flume Remix,Disclosure,Trap Nation,0.593,0.392,10,-6.872,0,0.0257,0.382,0.131,0.25,75.065,house|pop|uk dance,True,train
4BTIG5pFipamu8bCjQXzIY,You - Brillz Remix,Galantis,Trap Nation,0.551,0.848,1,-5.919,0,0.0486,0.134,0.105,0.133,139.944,big room|dance pop|edm|electro house|pop|pop dance|tropical house,True,train
