track_id,track_name,track_artist,playlist,danceability,energy,key,loudness,mode,speechiness,acousticness,liveness,valence,tempo,genres,match,has_genre,split
4XhrowM5IKGCRrY2HzYBH3,All I Do Is Think Of You,Troop,'90s Baby Makers,0.5339999794960022,0.699999988079071,8,-8.710000038146973,0,0.0445999987423419,0.0142999999225139,0.1969999969005584,0.4469999969005584,122.60900115966795,boy band|funk|new jack swing|quiet storm|r&b|urban contemporary,id,True,train
3UGNdLrhhsK0SY9gNqe8TT,All The Things (Your Man Won't Do),Joe,'90s Baby Makers,0.5730000138282776,0.6790000200271606,3,-6.77400016784668,0,0.0423000007867813,0.2469999939203262,0.3210000097751617,0.6480000019073486,66.21499633789062,album rock|classic rock|folk rock|mellow gold|piano rock|rock|singer-songwriter|soft rock,id,True,train
0KHHrBbdvuJ6knLxj7dqkw,"All the Times (feat. Faith Evans, Coko & Missy Elliott)","LSG, Coko, Faith Evans, Missy Elliott",'90s Baby Makers,0.7319999933242798,0.4199999868869781,6,-6.867000102996826,1,0.0513999983668327,0.0687000006437301,0.289000004529953,0.4729999899864197,137.4499969482422,dance pop|hip hop|hip pop|neo soul|new jack swing|pop|pop rap|quiet storm|r&b|urban contemporary|virginia hip hop,id,True,train
2yOm4lN7aTygtXanJFNFWU,"Any Time, Any Place",Janet Jackson,'90s Baby Makers,0.5709999799728394,0.2319999933242797,10,-11.309000015258787,1,0.0698999986052513,0.6039999723434448,0.1190000027418136,0.2070000022649765,128.78500366210938,dance pop|hip pop|neo soul|new jack swing|r&b|urban contemporary,id,True,train
2gQ3lDcFYa3yFOkaw8PtuO,Anytime,Brian McKnight,'90s Baby Makers,0.7720000147819519,0.3790000081062317,1,-11.272000312805176,1,0.0386000014841556,0.05180000141263,0.1030000001192092,0.5099999904632568,129.98300170898438,dance pop|neo soul|new jack swing|quiet storm|r&b|urban contemporary,title+artist,True,train
4lRrk574qIHpoEEKC1zuam,At Your Best (You Are Love),Aaliyah,'90s Baby Makers,0.6259999871253967,0.4410000145435333,9,-10.63700008392334,0,0.0307999998331069,0.7609999775886536,0.0684999972581863,0.5630000233650208,78.09400177001953,dance pop|hip hop|hip pop|neo soul|pop|pop rap|r&b|urban contemporary,id,True,train
3efy0g1He1zJ4B94VMbbBo,Baby I'm Ready,Levert,'90s Baby Makers,0.781000018119812,0.31700000166893,5,-9.696999549865724,1,0.0405000001192092,0.1059999987483024,0.1749999970197677,0.4300000071525574,121.84400177001952,funk|neo soul|new jack swing|quiet storm|r&b|soul|urban contemporary,id,True,train
125dAqUSmX1nOG50fBz9vb,Beauty,Dru Hill,'90s Baby Makers,0.7250000238418579,0.2790000140666961,0,-14.345999717712402,0,0.0701000019907951,0.5920000076293945,0.0869000032544136,0.4709999859333038,119.78700256347656,dance pop|hip hop|hip pop|neo soul|new jack swing|pop rap|quiet storm|r&b|southern hip hop|urban contemporary,id,True,test
2rkVoKVEMuct8SmEIGKzBw,Before I Let You Go,Blackstreet,'90s Baby Makers,0.6700000166893005,0.4679999947547912,1,-6.724999904632568,0,0.0328000001609325,0.324999988079071,0.0516000017523765,0.4860000014305115,140.06900024414062,boy band|dance pop|hip hop|hip pop|neo soul|new jack swing|pop rap|quiet storm|r&b|rap|urban contemporary,id,True,train
5ljnOdrl3v8oYC2Llknvna,Cherish the Day,Sade,'90s Baby Makers,0.4169999957084656,0.9039999842643738,0,-8.484999656677246,0,0.1159999966621398,0.1089999973773956,0.9800000190734864,0.6100000143051147,81.177001953125,british soul|neo soul|sophisti-pop,title+artist,True,train
6xYd4zCVeSp80Un2Rl9wDs,Cruisin' - Carl Mackintosh Mix,D'Angelo,'90s Baby Makers,0.4070000052452087,0.5249999761581421,11,-12.725000381469728,0,0.1659999936819076,0.3810000121593475,0.0816000029444694,0.3289999961853027,74.33999633789062,,id,False,test
3kVIFDE3G89I2RPVkiRaRj,Cupid,112,'90s Baby Makers,0.6850000023841858,0.3799999952316284,8,-11.218999862670898,1,0.1120000034570694,0.3729999959468841,0.0370999984443187,0.8700000047683716,175.56199645996094,atl hip hop|boy band|dance pop|gangster rap|hip pop|new jack swing|pop rap|r&b|rap|southern hip hop|urban contemporary,id,True,train
5CdJveJgiGXoGwDFqF6afp,Freak Me,Silk,'90s Baby Makers,0.6970000267028809,0.6079999804496765,4,-10.97599983215332,0,0.0463000014424324,0.0295000001788139,0.2759999930858612,0.7250000238418579,133.87899780273438,atl hip hop|boy band|hip pop|neo soul|new jack swing|quiet storm|r&b|urban contemporary,id,True,train
4htbAEZWr53J08x3dUv00W,Giving Him Something He Can Feel,En Vogue,'90s Baby Makers,0.4959999918937683,0.2980000078678131,9,-10.175000190734863,0,0.0405000001192092,0.3059999942779541,0.0874999985098838,0.7049999833106995,203.82400512695312,dance pop|girl group|hip hop|hip pop|neo soul|new jack swing|r&b|urban contemporary,id,True,train
21fXrzSxu2y51Yqf57QycI,Happily Ever After,Case,'90s Baby Makers,0.746999979019165,0.609000027179718,4,-6.985000133514404,0,0.0346999987959861,0.1379999965429306,0.1049999967217445,0.5550000071525574,120.0510025024414,texas country,id,True,test
4cVWa9vuwfPOukSIZN9012,How Many Ways,Toni Braxton,'90s Baby Makers,0.6880000233650208,0.7580000162124634,10,-6.453000068664551,0,0.0819000005722045,0.0681999996304512,0.19200000166893,0.7170000076293945,77.90599822998047,dance pop|hip pop|neo soul|new jack swing|quiet storm|r&b|urban contemporary,id,True,train
5xLDmkobOw674TLTBBmnuN,I Get Lonely,Janet Jackson,'90s Baby Makers,0.7990000247955322,0.5139999985694885,7,-6.794000148773193,0,0.0478000007569789,0.2910000085830688,0.5180000066757202,0.4539999961853027,125.10399627685548,dance pop|hip pop|neo soul|new jack swing|r&b|urban contemporary,id,True,train
5nS5mDWAyce9gjD8crHcZX,I Gotta Be,Jagged Edge,'90s Baby Makers,0.7229999899864197,0.3689999878406524,9,-11.33899974822998,1,0.0274000000208616,0.6510000228881836,0.3479999899864197,0.6019999980926514,109.90799713134766,atl hip hop|dance pop|hip hop|hip pop|neo soul|new jack swing|pop r&b|pop rap|quiet storm|r&b|southern hip hop|urban contemporary,title+artist,True,train
0uOPGU4CbYxzFxn6T7sblW,If I Ever Fall In Love,"Shai, Bill Appleberry",'90s Baby Makers,0.4720000028610229,0.2010000050067901,10,-10.852999687194824,0,0.033900000154972,0.8880000114440918,0.3219999969005584,0.4399999976158142,91.302001953125,boy band|hip pop|new jack swing|quiet storm|r&b|urban contemporary,title+artist,True,test
2cXdUg5c57C4b2qLCqHAOX,Insatiable,Prince,'90s Baby Makers,0.593999981880188,0.5699999928474426,7,-8.019000053405762,1,0.034800000488758,0.3409999907016754,0.6389999985694885,0.1140000000596046,120.6969985961914,bachata|latin|latin hip hop|latin pop|trap latino|tropical,title+artist,True,train
6ygcYdLszK2DJUU7BWuCxx,It Never Rains (In Southern California),Tony! Toni! Toné!,'90s Baby Makers,0.7139999866485596,0.5070000290870667,10,-8.480999946594238,1,0.0436999984085559,0.2739999890327453,0.0377000011503696,0.8500000238418579,79.87100219726562,funk|hip pop|neo soul|new jack swing|quiet storm|r&b|soul|urban contemporary,id,True,test
6x53SJOV1PAZ8ZUwH4NFXQ,Knockin' da Boots,H-Town,'90s Baby Makers,0.7260000109672546,0.5009999871253967,1,-13.883999824523926,0,0.1539999991655349,0.1550000011920929,0.0892999991774559,0.5820000171661377,128.0989990234375,boy band|hip pop|neo soul|new jack swing|quiet storm|r&b|urban contemporary,id,True,train
0BEUswN4YNySo3KRVrAqCq,Let's Chill,Guy,'90s Baby Makers,0.6039999723434448,0.4169999957084656,10,-12.597999572753906,0,0.0384999997913837,0.0680999979376792,0.0425000004470348,0.5580000281333923,74.56999969482422,bow pop|classify,title+artist,True,test
13fIg7eB5MP9slSQayHhjH,Let's Stay Together - Midnight Mix,Eric Benét,'90s Baby Makers,0.4639999866485595,0.4819999933242798,6,-6.9070000648498535,0,0.1700000017881393,0.7170000076293945,0.3420000076293945,0.481000006198883,116.41100311279295,neo soul|new jack swing|quiet storm|r&b|urban contemporary,title+artist,True,train
6t6cb5weJPvXrT4XCNzdMR,No Ordinary Love - Remastered,Sade,'90s Baby Makers,0.4760000109672546,0.7609999775886536,11,-8.95300006866455,0,0.0710999965667724,0.0667999982833862,0.9929999709129332,0.3959999978542328,169.93099975585938,british soul|neo soul|sophisti-pop,title+artist,True,train
4SF1747p541umnykBp352Q,Nobody (feat. Athena Cage),"Keith Sweat, Athena Cage",'90s Baby Makers,0.6990000009536743,0.492000013589859,9,-9.449000358581545,0,0.0318000018596649,0.4839999973773956,0.048200000077486,0.3880000114440918,117.90699768066406,dance pop|funk|hip pop|new jack swing|quiet storm|r&b|urban contemporary,id,True,train
3xhXKRGahWzcXF8rD5gUvd,Nothing Even Matters,"Ms. Lauryn Hill, D'Angelo",'90s Baby Makers,0.5389999747276306,0.3630000054836273,10,-13.887999534606934,0,0.1659999936819076,0.7009999752044678,0.1400000005960464,0.5490000247955322,136.4219970703125,conscious hip hop|dance pop|hip pop|neo soul|new jersey rap|r&b|urban contemporary,id,True,train
6s4xndGKUhW0xXPYvFlwcL,Other Side Of The Game,Erykah Badu,'90s Baby Makers,0.6570000052452087,0.2529999911785126,11,-10.664999961853027,1,0.0855000019073486,0.4329999983310699,0.1159999966621398,0.1860000044107437,83.21299743652344,afrofuturism|hip hop|neo soul|r&b|soul|urban contemporary,id,True,train
74glbwcJjpaHIk4uqHilnM,Pleasure & Pain,112,'90s Baby Makers,0.6729999780654907,0.5389999747276306,5,-7.6479997634887695,0,0.0293000005185604,0.0249000005424022,0.1879999935626983,0.3330000042915344,117.68900299072266,atl hip hop|boy band|dance pop|gangster rap|hip pop|new jack swing|pop rap|r&b|rap|southern hip hop|urban contemporary,id,True,test
78fii1y8vrGtn5YtHEnpaN,Ready Or Not,After 7,'90s Baby Makers,0.7129999995231628,0.7369999885559082,8,-7.420000076293945,0,0.0318000018596649,0.0377000011503696,0.1019999980926513,0.8550000190734863,141.6909942626953,funk|neo soul|new jack swing|quiet storm|r&b|urban contemporary,id,True,train
2dnPoLlcwJFtFm1pps3Bm0,Scandalous,Prince,'90s Baby Makers,0.7609999775886536,0.4040000140666961,1,-11.97700023651123,1,0.0640999972820282,0.2930000126361847,0.0559000000357627,0.5090000033378601,124.52400207519533,bachata|latin|latin hip hop|latin pop|trap latino|tropical,id,True,train
5yMQERKmNx6ajo4qHi1KT2,Sending My Love,Zhané,'90s Baby Makers,0.7129999995231628,0.503000020980835,7,-9.663000106811523,1,0.0575000010430812,0.0322999991476535,0.0601000003516674,0.210999995470047,95.0189971923828,hip pop|neo soul|new jack swing|quiet storm|r&b|urban contemporary,id,True,train
3xWWs8xnzh3sg7F6KlhfSC,Shhh,Tevin Campbell,'90s Baby Makers,0.546999990940094,0.5899999737739563,7,-9.194000244140623,0,0.0373000018298625,0.1710000038146972,0.0390999987721443,0.44200000166893,126.11000061035156,dance pop|hip pop|neo soul|new jack swing|quiet storm|r&b|urban contemporary,id,True,train
19asXa48FNoDzO8PaQm9MN,Softest Place On Earth,Xscape,'90s Baby Makers,0.7730000019073486,0.3089999854564667,7,-8.5,0,0.033900000154972,0.4149999916553497,0.1110000014305114,0.4199999868869781,128.10499572753906,atl hip hop|dance pop|girl group|hip pop|neo soul|new jack swing|pop r&b|quiet storm|r&b|urban contemporary,id,True,train
44QrzYVAHFC9WMN91GEo9H,Take Our Time,TLC,'90s Baby Makers,0.6449999809265137,0.5600000023841858,9,-8.76200008392334,1,0.0344999991357326,0.0049499999731779,0.0500999987125396,0.3449999988079071,141.8719940185547,atl hip hop|dance pop|girl group|hip hop|hip pop|new jack swing|pop|pop rap|r&b|urban contemporary,id,True,test
1mC7u32zemMLC1mVOU02Pm,U Send Me Swingin',Mint Condition,'90s Baby Makers,0.6079999804496765,0.5690000057220459,6,-5.835000038146973,0,0.0283000003546476,0.1230000033974647,0.1509999930858612,0.3459999859333038,72.07599639892578,funk|hip pop|minneapolis sound|neo soul|new jack swing|quiet storm|r&b|soul|urban contemporary,id,True,train
0MrD47wtvAu6igsy8vqUzN,Uhh Ahh,Boyz II Men,'90s Baby Makers,0.722000002861023,0.6610000133514404,2,-8.236000061035156,1,0.0843999981880188,0.1509999930858612,0.2329999953508377,0.6430000066757202,126.00700378417967,boy band|new jack swing|quiet storm|r&b|urban contemporary,id,True,train
5mCQirG6bW3iDN0gpdoxrP,Use Your Heart,SWV,'90s Baby Makers,0.625,0.4589999914169311,9,-9.536999702453612,1,0.0372000001370906,0.1049999967217445,0.3339999914169311,0.6510000228881836,73.927001953125,dance pop|girl group|hip hop|hip pop|neo soul|new jack swing|quiet storm|r&b|urban contemporary,id,True,train
2zItQNJrVrTioXTXWiI2ed,When Can I See You,Babyface,'90s Baby Makers,0.7540000081062317,0.4720000028610229,8,-11.786999702453612,1,0.0807000026106834,0.2569999992847442,0.1209999993443489,0.6129999756813049,169.19900512695312,dance pop|neo soul|new jack swing|quiet storm|r&b|urban contemporary,id,True,train
3bhZuw0gZRLEOGeggjWzpP,You Put A Move On My Heart,Tamia,'90s Baby Makers,0.492000013589859,0.4379999935626983,5,-6.984000205993652,1,0.0273000001907348,0.5910000205039978,0.1159999966621398,0.2039999961853027,149.74000549316406,canadian pop|dance pop|hip pop|neo soul|new jack swing|pop r&b|quiet storm|r&b|urban contemporary,title+artist,True,train
4zAxfkmJqsaHqFu1YPMS5a,You're Always On My Mind,SWV,'90s Baby Makers,0.6209999918937683,0.5830000042915344,1,-10.126999855041504,0,0.0344999991357326,0.0115999998524785,0.1150000020861625,0.4519999921321869,137.53399658203125,dance pop|girl group|hip hop|hip pop|neo soul|new jack swing|quiet storm|r&b|urban contemporary,id,True,train
700xxgbIpH0YNMideY7sWR,All Is Well,Austin Basham,Afternoon Acoustic,0.3160000145435333,0.4129999876022339,11,-12.215999603271484,1,0.0333999991416931,0.8560000061988831,0.1430000066757202,0.2450000047683715,155.69000244140625,,id,False,train
6imKHLNom4xjEj2n3ZbKHr,All My Days,Alexi Murdoch,Afternoon Acoustic,0.438,0.319,2,-15.969,1,0.0304,0.789,0.106,0.529,88.538,acoustic pop|british singer-songwriter|indie folk|neo mellow|stomp and holler,title+artist,True,test
2Sqv9Ne6ibOZsKxY7o0t6t,All The Pretty Girls - Recorded at Spotify Studios NYC,Kaleo,Afternoon Acoustic,0.466,0.496,1,-6.606,1,0.0302,0.626,0.117,0.352,74.747,icelandic indie|icelandic rock|modern alternative rock|modern rock,title+artist,True,train
7zW1tKbxhWzuD6UDIP6GWP,All or Nothing (feat. Tall Heights),"Ryan Montbleau, Tall Heights",Afternoon Acoustic,0.3810000121593475,0.163000002503395,1,-13.972000122070312,1,0.0467000007629394,0.8899999856948853,0.1129999980330467,0.2669999897480011,80.04900360107422,boston folk|deep new americana|folk-pop|indie anthem-folk|indie folk|indiecoustica|jam band|modern folk rock|new americana|stomp and holler,id,True,test
4muAGMNipTEtIoYfMa9QL0,Amsterdam - Recorded at Spotify Studios NYC,Mandolin Orange,Afternoon Acoustic,0.5320000052452087,0.31700000166893,0,-10.692999839782717,1,0.0308999996632337,0.9089999794960022,0.1099999994039535,0.2800000011920929,140.67100524902344,deep new americana|new americana|north carolina roots|progressive bluegrass|stomp and holler,id,True,train
41yIvlFgvGwxq8qTqAR7eG,Bloom - Bonus Track,The Paper Kites,Afternoon Acoustic,0.581,0.421,1,-9.792,1,0.0245,0.894,0.119,0.433,95.969,australian indie folk|indie folk|stomp and holler,title+artist,True,train
1I9dSqB5XSdwOfn9M8zpRg,Build Me Up From Bones,Sarah Jarosz,Afternoon Acoustic,0.5299999713897705,0.2829999923706054,5,-11.961999893188477,1,0.0366999991238117,0.8759999871253967,0.1059999987483024,0.2820000052452087,114.98200225830078,folk|indie folk|lilith|new americana|progressive bluegrass|stomp and holler,id,True,train
1MwdkGVOmlOEj13DBQHPuJ,Carry You,Novo Amor,Afternoon Acoustic,0.334,0.397,7,-7.993,1,0.0284,0.558,0.126,0.035,93.445,ambient folk|indie folk,title+artist,True,train
0bZ52QzCCKfrfOqs7za6lI,Cherry Wine - Live,Hozier,Afternoon Acoustic,0.4149999916553497,0.1099999994039535,1,-14.901000022888184,1,0.0388000011444091,0.9509999752044678,0.0961999967694282,0.2339999973773956,81.8759994506836,irish singer-songwriter|modern rock|pop,id,True,test
15qtOgzv7mW3CQWQVgWIM6,Colder Heavens,Blanco White,Afternoon Acoustic,0.224,0.547,5,-9.906,0,0.042,0.773,0.0872,0.291,83.416,,title+artist,False,train
1Bx9I2NyzUpTfmpAQ4BSsR,Dream in Blue,The Stray Birds,Afternoon Acoustic,0.449999988079071,0.3240000009536743,2,-11.234000205993652,1,0.0370000004768371,0.7099999785423279,0.1759999990463256,0.3540000021457672,179.13299560546875,lancaster pa indie|new americana|progressive bluegrass,id,True,train
2d7lM2tUbVZbfOvmJFn4pw,Echo - Recorded at Spotify Studios NYC,Mandolin Orange,Afternoon Acoustic,0.6159999966621399,0.3449999988079071,7,-9.6850004196167,1,0.0288999993354082,0.8450000286102295,0.0771000012755394,0.221000000834465,96.47100067138672,deep new americana|new americana|north carolina roots|progressive bluegrass|stomp and holler,title+artist,True,train
7exdcu9SmgcrZ7hW9ZdcYo,Emmylou - Spotify Sessions,First Aid Kit,Afternoon Acoustic,0.335999995470047,0.6470000147819519,6,-7.717999935150146,1,0.0390000008046627,0.1420000046491623,0.8259999752044678,0.2070000022649765,94.947998046875,stomp and holler|swedish americana|swedish country,id,True,train
7xbF5Nf1iKYmwvD9EWhJav,Fever To The Form,Nick Mulvey,Afternoon Acoustic,0.358,0.546,0,-8.927,0,0.0296,0.795,0.111,0.264,106.489,british singer-songwriter|cambridgeshire indie|indie folk,title+artist,True,test
2YVK7RkwslK62gTCWboDPM,Fly - Acoustic,Meadowlark,Afternoon Acoustic,0.3770000040531158,0.2669999897480011,2,-13.289999961853027,1,0.0353999994695186,0.9409999847412108,0.0881000012159347,0.3449999988079071,152.20700073242188,,id,False,train
7BzhqmRj3iOZXqMHqiifHr,Heartbeats,José González,Afternoon Acoustic,0.554,0.15,3,-16.746,1,0.0338,0.974,0.0698,0.314,87.956,gothenburg indie|indie folk|neo mellow|stomp and holler|swedish indie folk|swedish indie pop|swedish singer-songwriter,title+artist,True,train
5ou4c3qI8EvtpwsvYIM4L4,I-89 - Recorded At Spotify Studios NYC,I'm With Her,Afternoon Acoustic,0.5809999704360962,0.375,7,-11.590999603271484,0,0.0359000004827976,0.8180000185966492,0.1089999973773956,0.6489999890327454,89.58200073242188,,id,False,train
7o8Fe4IHujZWCSV6c84kln,If We Were Vampires,Jason Isbell and the 400 Unit,Afternoon Acoustic,0.6290000081062317,0.2080000042915344,5,-16.225000381469727,1,0.0324000008404254,0.8240000009536743,0.1070000007748603,0.6850000023841858,96.60900115966795,alternative country|folk|new americana|roots rock|stomp and holler,title+artist,True,test
7d0XkI4iJ32nxeFAHFXbLQ,"If You Need To, Keep Time On Me",Fleet Foxes,Afternoon Acoustic,0.5210000276565552,0.2199999988079071,9,-10.20199966430664,1,0.0313999988138675,0.6470000147819519,0.1790000051259994,0.135000005364418,104.02999877929688,chamber pop|indie folk|indie pop|indie rock|seattle indie|stomp and holler,id,True,train
6i6hIiqSXwfzU4B2Tbtw4S,Kathy's Song,The Secret Sisters,Afternoon Acoustic,0.3600000143051147,0.093199998140335,10,-19.42200088500977,1,0.0344999991357326,0.930999994277954,0.0855000019073486,0.328000009059906,175.10800170898438,folk|indie folk|lilith|new americana,id,True,test
6Od2OWvoT4embWAgIGeFRd,Like Gold,Vance Joy,Afternoon Acoustic,0.4769999980926513,0.7120000123977661,7,-6.758999824523926,1,0.0653000026941299,0.2240000069141388,0.1180000007152557,0.4070000052452087,109.96499633789062,folk-pop|modern rock|pop|pop rock,id,True,train
7K6LFPfjdnN6QqvGzhvpRO,Like Real People Do,Hozier,Afternoon Acoustic,0.5400000214576721,0.1780000030994415,7,-14.329999923706056,1,0.0307999998331069,0.9210000038146972,0.1059999987483024,0.1449999958276748,139.9409942626953,irish singer-songwriter|modern rock|pop,id,True,train
1ulDt6ySVbMbzZCBO6hSfb,Little Talks,"Julia Sheer, Jon D",Afternoon Acoustic,0.6370000243186951,0.2630000114440918,5,-9.093999862670898,0,0.0399000011384487,0.8730000257492065,0.164000004529953,0.4869999885559082,97.4229965209961,channel pop|country rap|redneck|viral pop,id,True,train
1IkjoLXB9LEf3w32Wk07X3,Melatonin (Unplugged),Phoria,Afternoon Acoustic,0.5400000214576721,0.2220000028610229,8,-12.845999717712402,0,0.0320999994874,0.8799999952316284,0.3459999859333038,0.2800000011920929,128.87100219726562,,id,False,train
7BVwi9cIzSc6tpyxsp47vJ,Mess Is Mine,Vance Joy,Afternoon Acoustic,0.5950000286102295,0.7229999899864197,7,-8.255999565124512,1,0.0348999984562397,0.0469999983906745,0.0995000004768371,0.2720000147819519,108.04299926757812,folk-pop|modern rock|pop|pop rock,id,True,test
7i1pYqURiICjq6e19JZt2k,Middle Of My Mind,Tom Rosenthal,Afternoon Acoustic,0.607,0.198,2,-14.271,1,0.038,0.963,0.107,0.381,76.702,british singer-songwriter,title+artist,True,test
2gUSIsapdX6jEJ0DvjqTt2,Naked As We Came,Iron & Wine,Afternoon Acoustic,0.3860000073909759,0.2049999982118606,4,-16.698999404907227,1,0.0366000011563301,0.652999997138977,0.1059999987483024,0.6230000257492065,172.3730010986328,acoustic pop|indie folk|indie pop|neo mellow|stomp and holler,title+artist,True,train
1T83u9c36BtqxGjY1XGXBS,No Peace In Quiet,Delta Rae,Afternoon Acoustic,0.3499999940395355,0.3400000035762787,10,-8.840999603271484,1,0.0276999995112419,0.824999988079071,0.1040000021457672,0.2930000126361847,75.9990005493164,folk-pop,id,True,train
3Ed55g8hCz1GmqRTelIPIW,People Change,Mipso,Afternoon Acoustic,0.373,0.276,7,-14.945,1,0.0357,0.883,0.122,0.409,79.204,deep new americana|new americana|north carolina roots|progressive bluegrass|stomp and holler,title+artist,True,train
2LthqyP0MLhGUBICwR1535,Re: Stacks,Bon Iver,Afternoon Acoustic,0.6759999990463257,0.0812000036239624,2,-22.84600067138672,1,0.0397999994456768,0.9789999723434448,0.1180000007152557,0.3140000104904175,125.0530014038086,eau claire indie|indie folk|melancholia,id,True,train
2eIYmspGt58UeXPNUsp1oW,Real Peach - Recorded at Spotify Studios NYC,Henry Jamison,Afternoon Acoustic,0.3790000081062317,0.1940000057220459,9,-12.644000053405762,1,0.0438000001013278,0.9010000228881836,0.1389999985694885,0.4359999895095825,170.0970001220703,indie anthem-folk|indie folk|new americana|pop folk|stomp and holler|vermont indie,id,True,train
5tfFboWJhotbIPlY1aVsOD,Safe,Shook Twins,Afternoon Acoustic,0.5139999985694885,0.4259999990463257,10,-10.791999816894531,0,0.035300001502037,0.8140000104904175,0.1220000013709068,0.4199999868869781,151.7310028076172,,title+artist,False,train
7gYiZXvvD8H6f0lEvLUQHD,Sail on the Water,Molly Parden,Afternoon Acoustic,0.6019999980926514,0.5059999823570251,2,-9.04599952697754,1,0.0273000001907348,0.6869999766349792,0.1770000010728836,0.3120000064373016,126.96199798583984,,id,False,train
66zVzafJU6HTogOQeeNv5y,Shame,Ciaran Lavery,Afternoon Acoustic,0.619,0.299,2,-7.744,1,0.0279,0.846,0.243,0.31,115.405,british singer-songwriter|indie anthem-folk|irish singer-songwriter,title+artist,True,train
3pC8tUjIZPORslYYmJbJcz,Sinking Ship,Wild Child,Afternoon Acoustic,0.3700000047683716,0.1739999949932098,4,-19.31599998474121,0,0.0377000011503696,0.949999988079071,0.1099999994039535,0.1809999942779541,92.75,austin americana|austindie|deep new americana|folk-pop|indie folk|indie pop|stomp and holler,id,True,train
61RrNbOovzQBB8lomPR4Qb,Sitting Room,Beta Radio,Afternoon Acoustic,0.4749999940395355,0.3100000023841858,8,-13.505000114440918,1,0.0296000000089406,0.9100000262260436,0.1110000014305114,0.4350000023841858,142.66400146484375,acoustic pop|indie anthem-folk|indie folk|indiecoustica|new americana|stomp and flutter|stomp and holler,id,True,train
5hLwt3TSmr9pA3SY5Gh3s3,Sweetly,The Show Ponies,Afternoon Acoustic,0.6179999709129333,0.1990000009536743,7,-16.691999435424805,1,0.0306000001728534,0.8610000014305115,0.1439999938011169,0.6209999918937683,90.98200225830078,,title+artist,False,train
3CiZBMNMkRm8CzPD4ZLM6C,Take Me Back,Sarah Jarosz,Afternoon Acoustic,0.4160000085830688,0.19200000166893,11,-12.524999618530272,1,0.0340000018477439,0.9110000133514404,0.1070000007748603,0.2220000028610229,102.48999786376952,folk|indie folk|lilith|new americana|progressive bluegrass|stomp and holler,id,True,train
1WXVfFRD89EtVURD4Tbixo,The Breach,Dustin Tebbutt,Afternoon Acoustic,0.6290000081062317,0.5849999785423279,1,-8.562999725341797,1,0.0269000008702278,0.6140000224113464,0.1289999932050705,0.5230000019073486,102.98400115966795,australian indie|indie anthem-folk|indie folk,id,True,test
2ZDM6gmgnX3sIjOmt2B9oV,The Pursuit of Happiness,Beyries,Afternoon Acoustic,0.5,0.3959999978542328,11,-8.614999771118164,0,0.0272000003606081,0.2919999957084656,0.0956000015139579,0.3510000109672546,78.18900299072266,,title+artist,False,train
3G9ETaH55bMQx8hwNhAgbU,The Stable Song,Gregory Alan Isakov,Afternoon Acoustic,0.625,0.4320000112056732,2,-11.947999954223633,1,0.0283000003546476,0.6330000162124634,0.1270000040531158,0.3610000014305115,137.92599487304688,indie folk|new americana|pop folk|stomp and flutter|stomp and holler,id,True,train
6uaIMhUZXMuT2Zz0vxrFiR,The Woods - Acoustic,Hollow Coves,Afternoon Acoustic,0.802,0.41,9,-12.793,1,0.0455,0.411,0.0941,0.224,106.05,indie anthem-folk|indie folk|indiecoustica|stomp and holler,title+artist,True,train
6FOyzhp375u8DapDyQqGTh,Tiger Striped Sky,Roo Panes,Afternoon Acoustic,0.473,0.317,2,-10.324,1,0.0318,0.944,0.11,0.132,139.899,british singer-songwriter|indie anthem-folk|indie folk|indiecoustica|new americana|stomp and holler,title+artist,True,train
4K00AQLpOhGUdDfDINDfYL,To Live a Life,First Aid Kit,Afternoon Acoustic,0.3289999961853027,0.2360000014305114,6,-10.82699966430664,1,0.0344999991357326,0.8109999895095825,0.1150000020861625,0.3459999859333038,177.13900756835938,stomp and holler|swedish americana|swedish country,id,True,train
1I6hI9D2b1UXZUGoP8ixM0,Top to Toe,Fenne Lily,Afternoon Acoustic,0.708,0.153,1,-14.594,1,0.0489,0.892,0.112,0.45,110.951,,title+artist,False,train
6WQlGuh6c4jciXEyM2rVGX,Waiting Around,Aisha Badru,Afternoon Acoustic,0.4839999973773956,0.1490000039339065,0,-14.991000175476074,1,0.0372000001370906,0.9869999885559082,0.1110000014305114,0.1230000033974647,144.59100341796875,indie folk|nyc pop,title+artist,True,train
0SUih4u16BlTsIDyB7J0SU,Waves - Guitar Acoustic,Dean Lewis,Afternoon Acoustic,0.4120000004768371,0.2849999964237213,11,-9.91800022125244,0,0.0443999990820884,0.9350000023841858,0.1099999994039535,0.3770000040531158,151.73899841308594,australian pop|pop,id,True,train
6lvGthAouA0KfQ29tz4XAt,Where's My Love - Acoustic,SYML,Afternoon Acoustic,0.3819999992847442,0.2189999967813491,0,-11.80500030517578,0,0.0318000018596649,0.9039999842643738,0.1080000028014183,0.1609999984502792,103.76799774169922,pop,title+artist,True,train
1n0UUVUi4OzfjJEtuBKWfL,Whippoorwill,Darlingside,Afternoon Acoustic,0.640999972820282,0.5820000171661377,11,-9.085000038146973,1,0.033500000834465,0.6420000195503235,0.0876000002026557,0.3840000033378601,96.41500091552734,,id,False,train
6NTIKfyWCP3Nm2zWB16o88,Without A Word,Sara Watkins,Afternoon Acoustic,0.5789999961853027,0.1710000038146972,11,-14.494999885559082,1,0.0303000006824731,0.9010000228881836,0.1110000014305114,0.3889999985694885,136.31100463867188,,id,False,test
7dQeS4ErW1iWvnKdrtKwKr,Around Me,Brent Faiyaz,All The Feels,0.5870000123977661,0.1770000010728836,1,-12.522000312805176,1,0.064699999988079,0.5740000009536743,0.0970000028610229,0.125,75.03900146484375,dmv rap|rap,id,True,test
47Bg6IrMed1GPbxRgwH2aC,Best Friend,Rex Orange County,All The Feels,0.574999988079071,0.7139999866485596,6,-5.247000217437744,1,0.0595999993383884,0.395000010728836,0.1150000020861625,0.3199999928474426,144.98199462890625,bedroom pop|pop,id,True,train
1RMJOxR6GRPsBHL8qeC2ux,Best Part (feat. H.E.R.),"Daniel Caesar, H.E.R.",All The Feels,0.5239999890327454,0.363999992609024,7,-10.208999633789062,1,0.0366999991238117,0.8080000281333923,0.1000000014901161,0.4359999895095825,75.23999786376953,alternative r&b|canadian contemporary r&b|pop|r&b,id,True,train
1SuznrYulmD8HMZrenI0VU,Broken,Lund,All The Feels,0.828000009059906,0.5809999704360962,0,-2.6589999198913574,1,0.0428999997675418,0.0423000007867813,0.1089999973773956,0.1449999958276748,133.99899291992188,emo rap|lo-fi chill|modern rock|pop rap|sad rap,id,True,train
5KdhJG3BXUmLoO4JdycCPw,Come and See Me (feat. Drake),"PARTYNEXTDOOR, Drake",All The Feels,0.7699999809265137,0.3470000028610229,2,-10.265000343322754,1,0.0623000003397464,0.0511000007390975,0.0869999974966049,0.0582999996840953,84.95700073242188,canadian hip hop|canadian pop|hip hop|pop|pop rap|r&b|rap|toronto rap|trap|urban contemporary,title+artist,True,train
6lJ5aSxKHCwNBoWkZT3JeJ,Cutting Ties,6LACK,All The Feels,0.7919999957084656,0.6050000190734863,2,-6.565999984741211,1,0.0392999984323978,0.0088099995627999,0.1040000021457672,0.238999992609024,139.91700744628906,alternative r&b|atl hip hop|hip hop|melodic rap|pop rap|rap|trap,id,True,train
0Gi17qCJh9e9RJxLaYkm9l,Dark Times,"The Weeknd, Ed Sheeran",All The Feels,0.5009999871253967,0.402999997138977,9,-9.607000350952148,0,0.0751999989151954,0.1140000000596046,0.123999997973442,0.270000010728836,132.60800170898438,canadian contemporary r&b|canadian pop|pop|uk pop,title+artist,True,test
2Ch7LmS7r2Gy2kc64wv3Bz,Die For You,The Weeknd,All The Feels,0.5820000171661377,0.5249999761581421,1,-7.163000106811523,0,0.0627000033855438,0.1110000014305114,0.1340000033378601,0.5099999904632568,133.24899291992188,canadian contemporary r&b|canadian pop|pop,id,True,test
4eSGSqP2TZvvX0kadZZttM,Doing It Wrong,Drake,All The Feels,0.3970000147819519,0.1720000058412552,6,-15.697999954223633,0,0.0445000007748603,0.8410000205039978,0.1080000028014183,0.1230000033974647,101.2750015258789,canadian hip hop|canadian pop|hip hop|pop rap|rap|toronto rap,id,True,test
3pXF1nA74528Edde4of9CC,Don't,Bryson Tiller,All The Feels,0.7649999856948853,0.356000006198883,11,-5.556000232696533,0,0.1959999948740005,0.2220000028610229,0.0962999984622001,0.1899999976158142,97.0009994506836,kentucky hip hop|pop|pop rap|r&b|rap|trap,id,True,train
0PXp9QxBfSKGGpWUNaws2X,Drama (feat. Drake),"Roy Woods, Drake",All The Feels,0.7089999914169312,0.3619999885559082,11,-9.814000129699709,1,0.0549999997019767,0.1570000052452087,0.1089999973773956,0.1129999980330467,122.04299926757812,canadian contemporary r&b|canadian hip hop|canadian pop|hip hop|pop rap|rap|toronto rap|trap|trap soul|underground hip hop,id,True,train
3TpXajg1nKzG3ngc9tBwrD,Easily,Bruno Major,All The Feels,0.7720000147819519,0.2560000121593475,7,-8.545000076293945,0,0.0480999983847141,0.4909999966621399,0.1439999938011169,0.3569999933242798,118.9020004272461,alternative r&b|pop,id,True,train
58dSdjfEYNSxte1aNVxuNf,Easy,Mac Ayres,All The Feels,0.722000002861023,0.2820000052452087,5,-7.484000205993652,1,0.1059999987483024,0.3729999959468841,0.1469999998807907,0.2169999927282333,91.36699676513672,alternative r&b|indie r&b|indie soul,id,True,train
43PuMrRfbyyuz4QpZ3oAwN,Exchange,Bryson Tiller,All The Feels,0.5299999713897705,0.4329999983310699,6,-10.597999572753906,1,0.1850000023841858,0.1080000028014183,0.135000005364418,0.2739999890327453,160.13999938964844,kentucky hip hop|pop|pop rap|r&b|rap|trap,id,True,train
3cjF2OFRmip8spwZYQRKxP,Feel No Ways,Drake,All The Feels,0.5820000171661377,0.6769999861717224,7,-7.080999851226807,1,0.1720000058412552,0.031199999153614,0.1220000013709068,0.2049999982118606,193.8179931640625,canadian hip hop|canadian pop|hip hop|pop rap|rap|toronto rap,id,True,test
10VBBaul4zVD0reteuIHM2,From Time,"Drake, Jhene Aiko",All The Feels,0.6919999718666077,0.4869999885559082,1,-10.17300033569336,0,0.4830000102519989,0.5080000162124634,0.1270000040531158,0.3989999890327453,93.88600158691406,canadian hip hop|canadian pop|hip hop|pop rap|rap|toronto rap,title+artist,True,train
13wNEvWmBsWaWVtiLPRIW5,Hurt You,"The Weeknd, Gesaffelstein",All The Feels,0.4839999973773956,0.7160000205039978,5,-7.192999839782715,0,0.1669999957084655,0.3000000119209289,0.1120000034570694,0.3650000095367431,184.1309967041016,canadian contemporary r&b|canadian pop|dark clubbing|destroy techno|pop,id,True,train
75ZvA4QfFiZvzhj2xkaWAh,I Fall Apart,Post Malone,All The Feels,0.5559999942779541,0.5379999876022339,8,-5.4079999923706055,0,0.0381999984383583,0.0688999965786933,0.1959999948740005,0.2910000085830688,143.9499969482422,dfw rap|melodic rap|rap,id,True,train
4c2xt1trwYZpMqPWY35Xi9,Jaded,Drake,All The Feels,0.7639999985694885,0.2709999978542328,0,-5.697000026702881,1,0.0414000004529953,0.0370000004768371,0.1749999970197677,0.0370999984443187,116.0189971923828,canadian hip hop|canadian pop|hip hop|pop rap|rap|toronto rap,id,True,train
3eze1OsZ1rqeXkKStNfTmi,Juke Jam (feat. Justin Bieber & Towkio),"Chance the Rapper, Justin Bieber, Towkio",All The Feels,0.5049999952316284,0.3970000147819519,5,-9.348999977111816,1,0.3240000009536743,0.7160000205039978,0.0852999985218048,0.5580000281333923,95.06300354003906,canadian pop|chicago rap|conscious hip hop|hip hop|pop|pop rap|post-teen pop|rap|underground hip hop,id,True,train
7JXZq0JgG2zTrSOAgY8VMC,Jungle,Drake,All The Feels,0.6970000267028809,0.2349999994039535,7,-8.651000022888184,1,0.0533999986946582,0.6200000047683716,0.1070000007748603,0.3779999911785126,99.9469985961914,canadian hip hop|canadian pop|hip hop|pop rap|rap|toronto rap,id,True,train
4S7YHmlWwfwArgd8LfSPud,L$D,A$AP Rocky,All The Feels,0.5979999899864197,0.2520000040531158,2,-15.086000442504885,1,0.0644000023603439,0.1940000057220459,0.099200002849102,0.0351999998092651,120.06400299072266,east coast hip hop|hip hop|rap|trap|underground hip hop,id,True,train
6PGoSes0D9eUDeeAafB2As,LOVE. FEAT. ZACARI.,"Kendrick Lamar, Zacari",All The Feels,0.800000011920929,0.5849999785423279,10,-7.342999935150146,1,0.0923999994993209,0.2639999985694885,0.152999997138977,0.7789999842643738,126.05799865722656,conscious hip hop|gqom|hip hop|rap|west coast rap,id,True,train
3ibKnFDaa3GhpPGlOUj7ff,Let Me Love You,Mario,All The Feels,0.656000018119812,0.578000009059906,7,-8.970000267028809,0,0.0922000035643577,0.2349999994039535,0.1180000007152557,0.5559999942779541,94.51399993896484,dance pop|hip pop|pop|pop r&b|post-teen pop|r&b|urban contemporary,id,True,test
5DSr1NMci58MEgS20vivSL,Let's Get Lost,"G-Eazy, Devon Baldwin",All The Feels,0.6710000038146973,0.671999990940094,4,-9.187999725341797,0,0.1199999973177909,0.1030000001192092,0.0740000009536743,0.1860000044107437,117.95999908447266,hip hop|indie electropop|indie pop rap|oakland hip hop|pop rap|rap,id,True,test
6XOin64PR2Oj4W0tO8GOQv,Location,Khalid,All The Feels,0.6840000152587891,0.4670000076293945,1,-11.920000076293944,0,0.5260000228881836,0.3479999899864197,0.1270000040531158,0.4429999887943268,79.99099731445312,alternative r&b|pop,title+artist,True,train
3F1gjSkTX9kvxOo6BnlRNd,Losing,H.E.R.,All The Feels,0.4410000145435333,0.3100000023841858,4,-13.487000465393066,0,0.2569999992847442,0.3549999892711639,0.1080000028014183,0.1449999958276748,172.677001953125,alternative r&b|pop|r&b,title+artist,True,train
1GpSXGBCDDHKRrOTqg4jdr,Marvins Room,Drake,All The Feels,0.4120000004768371,0.2540000081062317,9,-17.447999954223633,0,0.096400000154972,0.6489999890327454,0.0841000005602836,0.3319999873638153,168.0679931640625,canadian hip hop|canadian pop|hip hop|pop rap|rap|toronto rap,id,True,train
4ve2uzqdwnHr20G5YgMMqr,Missin You Crazy,Russ,All The Feels,0.7160000205039978,0.7289999723434448,5,-6.313000202178955,1,0.1169999986886978,0.0991000011563301,0.0842000022530555,0.2759999930858612,131.97500610351562,hawaiian hip hop|pop rap|rap,id,True,test
19YKaevk2bce4odJkP5L22,Nikes,Frank Ocean,All The Feels,0.6330000162124634,0.395000010728836,8,-9.637999534606934,1,0.0856999978423118,0.6919999718666077,0.1080000028014183,0.1230000033974647,138.0229949951172,alternative r&b|hip hop|lgbtq+ hip hop|neo soul|pop,id,True,train
1CAALs08dWg3BxFMaaS8qK,Nonchalant,6LACK,All The Feels,0.5680000185966492,0.3680000007152557,11,-12.486000061035156,0,0.4469999969005584,0.3210000097751617,0.1209999993443489,0.0544000007212162,79.6969985961914,alternative r&b|atl hip hop|hip hop|melodic rap|pop rap|rap|trap,id,True,train
5zrZHMklhOXABpnBl0EMBN,Novacane,Frank Ocean,All The Feels,0.762,0.508,3,-9.112,1,0.0919,0.0584,0.16,0.37,93.51,alternative r&b|hip hop|lgbtq+ hip hop|neo soul|pop,title+artist,True,train
5NijSs5dAwaIybq1GaRTIe,Poison,Brent Faiyaz,All The Feels,0.6890000104904175,0.3939999938011169,2,-10.10200023651123,0,0.0649999976158142,0.7110000252723694,0.0859000012278556,0.3819999992847442,117.48899841308594,dmv rap|rap,id,True,train
6R6ihJhRbgu7JxJKIbW57w,Provider,Frank Ocean,All The Feels,0.6539999842643738,0.324999988079071,2,-11.925000190734863,1,0.2820000052452087,0.7400000095367432,0.1519999951124191,0.3899999856948852,139.88600158691406,alternative r&b|hip hop|lgbtq+ hip hop|neo soul|pop,id,True,train
26OhjtaTamFocE08t83ml6,"Psycho, Pt. 2",Russ,All The Feels,0.765999972820282,0.5479999780654907,10,-4.289999961853027,1,0.2349999994039535,0.7749999761581421,0.1000000014901161,0.4239999949932098,82.94400024414062,hawaiian hip hop|pop rap|rap,id,True,train
4cRBqWBjuccCowYVHFlXK6,Redemption,Drake,All The Feels,0.6940000057220459,0.3140000104904175,0,-7.820000171661377,1,0.1159999966621398,0.6110000014305115,0.1169999986886978,0.3409999907016754,119.90499877929688,canadian hip hop|canadian pop|hip hop|pop rap|rap|toronto rap,id,True,train
5rgrBsAFYMun6yhtnLKRPz,Right My Wrongs,Bryson Tiller,All The Feels,0.5379999876022339,0.4490000009536743,1,-8.07800006866455,1,0.0463000014424324,0.3440000116825104,0.1570000052452087,0.270000010728836,132.63900756835938,kentucky hip hop|pop|pop rap|r&b|rap|trap,id,True,train
248OFOZef6ShXv6DGgbnxU,Saved,Khalid,All The Feels,0.7390000224113464,0.4480000138282776,10,-10.279999732971191,0,0.1379999965429306,0.1889999955892563,0.1180000007152557,0.5529999732971191,81.04399871826172,alternative r&b|pop,id,True,train
01JPQ87UHeGysPVwTqMJHK,She Don't (feat. Ty Dolla $Ign),"Ella Mai, Ty Dolla $ign",All The Feels,0.6489999890327454,0.4779999852180481,7,-7.502999782562256,0,0.0480999983847141,0.2739999890327453,0.1759999990463256,0.1509999930858612,99.96700286865234,hip hop|pop|pop rap|r&b|rap|trap|trap soul|uk contemporary r&b|urban contemporary,id,True,train
6k7b4mcxLP5HPo6hNoXoM6,Shot For Me,Drake,All The Feels,0.5659999847412109,0.4650000035762787,2,-11.71399974822998,1,0.2349999994039535,0.0555000007152557,0.5669999718666077,0.1770000010728836,143.01499938964844,canadian hip hop|canadian pop|hip hop|pop rap|rap|toronto rap,title+artist,True,train
6olUplztLFFfU7fMYmFXOP,Sober,Childish Gambino,All The Feels,0.6990000009536743,0.6010000109672546,0,-6.480000019073486,1,0.0304000005125999,0.0971999987959861,0.5619999766349792,0.4339999854564667,98.04000091552734,atl hip hop|hip hop|pop rap|rap,id,True,train
1Bqxj0aH5KewYHKUg1IdrF,Some Kind Of Drug,"G-Eazy, Marc E. Bassy",All The Feels,0.6340000033378601,0.5249999761581421,0,-8.968000411987305,1,0.4699999988079071,0.0705000013113021,0.0728999972343444,0.4900000095367431,130.27099609375,hip hop|indie pop rap|oakland hip hop|pop|pop rap|rap,id,True,train
0JXXNGljqupsJaZsgSbMZV,Sure Thing,Miguel,All The Feels,0.6840000152587891,0.6069999933242798,11,-8.126999855041504,0,0.1000000014901161,0.0266999993473291,0.1909999996423721,0.4979999959468841,81.0009994506836,dance pop|pop|r&b|urban contemporary,id,True,train
5ACkknqH2GcrVtmBB7LaRv,Teenage Fever,Drake,All The Feels,0.765999972820282,0.2829999923706054,8,-10.329999923706056,0,0.0846000015735626,0.1110000014305114,0.1150000020861625,0.1439999938011169,97.04000091552734,canadian hip hop|canadian pop|hip hop|pop rap|rap|toronto rap,title+artist,True,test
6u0dQik0aif7FQlrhycG1L,The Morning,The Weeknd,All The Feels,0.6520000100135803,0.5490000247955322,6,-7.554999828338623,0,0.0390000008046627,0.31700000166893,0.1040000021457672,0.1860000044107437,120.072998046875,canadian contemporary r&b|canadian pop|pop,id,True,test
6mzaCRuLTRiz1caGOum3zT,The Way (feat. Chance the Rapper),"Kehlani, Chance the Rapper",All The Feels,0.7459999918937683,0.5379999876022339,10,-6.479000091552734,1,0.3199999928474426,0.3889999985694885,0.1389999985694885,0.515999972820282,101.01799774169922,chicago rap|conscious hip hop|hip hop|pop|pop rap|post-teen pop|r&b|rap,id,True,train
4LkLfPYc3yjOta7Gk8FDRB,Think About Me,dvsn,All The Feels,0.546999990940094,0.2939999997615814,7,-10.20199966430664,1,0.048200000077486,0.0606999993324279,0.093299999833107,0.1099999994039535,105.0270004272461,alternative r&b|canadian contemporary r&b|pop|pop r&b|r&b|trap soul|urban contemporary,id,True,train
6fbYL76UWbHdYq4B91TPQi,This Way,"Khalid, H.E.R.",All The Feels,0.6200000047683716,0.2820000052452087,5,-10.532999992370604,0,0.046399999409914,0.6940000057220459,0.1190000027418136,0.1930000036954879,124.60900115966795,alternative r&b|pop|r&b,id,True,train
1oGdVdYjeQvojGKDddxLQQ,True Colors,The Weeknd,All The Feels,0.6240000128746033,0.4239999949932098,1,-8.237000465393066,1,0.2399999946355819,0.2860000133514404,0.1729999929666519,0.5839999914169312,76.6709976196289,canadian contemporary r&b|canadian pop|pop,id,True,train
4mL59LVbKgOpEACxraGYdr,While We're Young,Jhene Aiko,All The Feels,0.6489999890327454,0.7910000085830688,2,-6.013000011444092,1,0.1930000036954879,0.1040000021457672,0.1080000028014183,0.8109999895095825,128.0229949951172,,id,False,test
6VwBbL8CzPiC4QV66ay7oR,Wicked Games,The Weeknd,All The Feels,0.6060000061988831,0.5699999928474426,9,-6.684000015258789,1,0.0320000015199184,0.0217000003904104,0.3009999990463257,0.257999986410141,114.03299713134766,canadian contemporary r&b|canadian pop|pop,title+artist,True,train
6AIte2Iej1QKlaofpjCzW1,With Me,dvsn,All The Feels,0.7710000276565552,0.4659999907016754,0,-8.651000022888184,1,0.0307999998331069,0.0313999988138675,0.3100000023841858,0.2450000047683715,110.01100158691406,alternative r&b|canadian contemporary r&b|pop|pop r&b|r&b|trap soul|urban contemporary,id,True,train
1nMYtxDrONcoGnKRvxTwPv,i miss the old u,Blackbear,All The Feels,0.7179999947547913,0.8050000071525574,7,-5.256999969482422,1,0.324999988079071,0.2790000140666961,0.5270000100135803,0.3600000143051147,132.9949951171875,pop|pop rap,id,True,train
1geM10YkSCzsCIFen0LQvW,"Cheer Up Love (Worse Things Happen at Sea), Pt. 3",Smokey Bastard,Celtic Punk,0.5759999752044678,0.906000018119812,6,-5.482999801635742,0,0.0744000002741813,0.0507000014185905,0.3930000066757202,0.8009999990463257,89.96299743652344,celtic punk,id,True,train
2I3FIMVdpU3NZ96XUVPpmo,Drunk and Fucked Up,Paddy And The Rats,Celtic Punk,0.574999988079071,0.949999988079071,9,-4.650000095367432,1,0.1000000014901161,0.031700000166893,0.1260000020265579,0.5529999732971191,151.07699584960938,,id,False,train
35DtVain6n4J5hAb0wDNZz,Fight Song,The Stanfields,Celtic Punk,0.460999995470047,0.902999997138977,2,-6.124000072479248,1,0.0436000004410743,0.005379999987781,0.0825000032782554,0.828000009059906,149.88099670410156,,id,False,train
6mOm4tpKBMfTD2eIDxqAzE,Follow Me Up To Carlow,Young Dubliners,Celtic Punk,0.5569999814033508,0.925000011920929,2,-5.744999885559082,1,0.0430000014603138,0.2419999986886978,0.3149999976158142,0.968999981880188,141.74400329589844,celtic|celtic punk|celtic rock|irish folk,title+artist,True,train
60xc3fnob8DL9NkGFmJxyv,I'll Fly Away,Flatfoot 56,Celtic Punk,0.5180000066757202,0.9380000233650208,10,-4.727000236511231,1,0.0584000013768672,0.0043000001460313,0.3269999921321869,0.8009999990463257,146.01699829101562,,title+artist,False,train
7rSERmjAT38lC5QhJ8hnQc,I'm Shipping Up To Boston,Dropkick Murphys,Celtic Punk,0.4519999921321869,0.9279999732971193,2,-3.132999897003174,1,0.0790000036358833,0.0007060000207275,0.2259999960660934,0.6000000238418579,129.18800354003906,boston punk|boston rock|celtic punk|celtic rock|punk|skate punk,id,True,train
1L3qWMIBl3YFkjGtrHkQsY,On Your Own,Happy Ol'McWeasel,Celtic Punk,0.5080000162124634,0.9340000152587892,0,-5.763999938964844,1,0.0337000004947185,0.0017399999778717,0.123999997973442,0.546999990940094,136.0449981689453,,id,False,train
3Czlbc2EbEiaIjSrWY5zKA,Orange and the Green,The Kreellers,Celtic Punk,0.4679999947547912,0.7879999876022339,7,-6.763000011444092,1,0.1129999980330467,0.0993999987840652,0.0586000010371208,0.671999990940094,130.43800354003906,,id,False,train
6VEg22DAHZ3bVoLN0fgOFv,Paint the Town Red,The Mahones,Celtic Punk,0.5339999794960022,0.7910000085830688,7,-6.316999912261963,1,0.0346999987959861,0.0394000001251697,0.1909999996423721,0.8949999809265137,161.78700256347656,canadian celtic|canadian punk|celtic punk|kingston on indie,id,True,train
4bLKGUkVRxIyrN1770DdDm,Rose Tattoo,Dropkick Murphys,Celtic Punk,0.3230000138282776,0.9120000004768372,9,-2.059000015258789,0,0.0425000004470348,0.0219000000506639,0.3729999959468841,0.609000027179718,108.08399963378906,boston punk|boston rock|celtic punk|celtic rock|punk|skate punk,id,True,test
2779hybiMKwid1gcrFVMzH,Sally MacLennane,The Pogues,Celtic Punk,0.3190000057220459,0.8420000076293945,2,-7.955999851226807,1,0.0773999989032745,0.0277999993413686,0.8069999814033508,0.6430000066757202,81.4260025024414,celtic punk|celtic rock|folk punk|punk,title+artist,True,train
7h0ua2NID4KBYNjs401sxT,The Cabin,Irish Moutarde,Celtic Punk,0.4560000002384186,0.9729999899864196,11,-3.711999893188477,0,0.0798000022768974,0.0011599999852478,0.3219999969005584,0.5329999923706055,180.03199768066406,,id,False,test
2ftkqHtPfuYkyy0oy76qBq,Tura Lu,The Bollox,Celtic Punk,0.6510000228881836,0.6909999847412109,11,-7.991000175476074,1,0.0830999985337257,0.1439999938011169,0.2409999966621399,0.6240000128746033,140.2729949951172,,id,False,test
6EiQJaVP4JLBDVhKTG8tZ3,Walk the Plank Again,Brick Top Blaggers,Celtic Punk,0.4149999916553497,0.9359999895095824,9,-2.9030001163482666,0,0.1030000001192092,0.1209999993443489,0.0716999992728233,0.8080000281333923,150.02000427246094,,id,False,train
5Z86P3a0reCE58nhDZDCgk,Whiskey and Gin,The Killigans,Celtic Punk,0.382999986410141,0.8690000176429749,7,-5.3480000495910645,1,0.0991000011563301,0.0824000015854835,0.0806000009179115,0.7850000262260437,170.093994140625,,id,False,train
5AlAhGxcaynbZwjhokML5R,Angels Among Us,Alabama,Country by the Grace of God,0.5559999942779541,0.2930000126361847,8,-11.048999786376951,1,0.0288999993354082,0.9330000281333924,0.1199999973177909,0.335999995470047,137.85400390625,country|country road|country rock,title+artist,True,train
5R7TAOPx2H0ImjCkdb4PXR,Beat Up Bible,Little Big Town,Country by the Grace of God,0.4839999973773956,0.4339999854564667,1,-6.931000232696533,1,0.0357000008225441,0.7260000109672546,0.0940999984741211,0.2599999904632568,130.11700439453125,contemporary country|country|country dawn|country road,id,True,train
02qR0Dbi6JawnhEHD3UxHq,Believe,Brooks & Dunn,Country by the Grace of God,0.5830000042915344,0.3939999938011169,9,-7.730000019073486,1,0.0307000000029802,0.2809999883174896,0.0781000033020973,0.1840000003576278,120.04900360107422,contemporary country|country|country road,title+artist,True,train
4YjjNHtEsTX6Af4mCTupT5,Bless The Broken Road,Rascal Flatts,Country by the Grace of God,0.588,0.448,0,-6.37,1,0.0265,0.668,0.156,0.362,135.962,contemporary country|country|country road,title+artist,True,test
0TBkgBR2VLYeTG9ynsoIkm,Finally Home (feat. Craig Morgan),"Tracy Lawrence, Craig Morgan",Country by the Grace of God,0.4819999933242798,0.3190000057220459,2,-8.765999794006348,1,0.0255999993532896,0.4900000095367431,0.1570000052452087,0.1190000027418136,75.82599639892578,arkansas country|contemporary country|country|country road|modern country rock|redneck,id,True,train
0w9LJae3sVlZlH2CnxTInF,God Gave Me You,Blake Shelton,Country by the Grace of God,0.4830000102519989,0.843999981880188,2,-5.043000221252441,1,0.0313999988138675,0.0048099998384714,0.4050000011920929,0.5429999828338623,151.9770050048828,contemporary country|country|country road|oklahoma country,title+artist,True,train
4VFE6ZNqa8jHAmbYICoAFg,"God, Your Mama, And Me","Florida Georgia Line, Backstreet Boys",Country by the Grace of God,0.4429999887943268,0.8169999718666077,7,-3.7290000915527344,1,0.0511000007390975,0.3179999887943268,0.3740000128746032,0.6520000100135803,168.10000610351562,boy band|contemporary country|country|country pop|country road|dance pop|europop|modern country rock,id,True,test
54Ovjo7M8BD6BHM3ghODI8,Great Is Your Faithfulness,Josh Turner,Country by the Grace of God,0.6470000147819519,0.19200000166893,10,-9.87399959564209,1,0.0298999994993209,0.7279999852180481,0.1140000000596046,0.3409999907016754,88.30999755859375,contemporary country|country|country road|modern country rock,id,True,train
4ahfLYf0VLVVvN3sdOyQN2,HARD LOVE (feat. Lauren Daigle),"NEEDTOBREATHE, Lauren Daigle",Country by the Grace of God,0.4490000009536743,0.8320000171661377,0,-4.247000217437744,0,0.0553999990224838,0.0604000017046928,0.2639999985694885,0.3919999897480011,83.93699645996094,acoustic pop|ccm|christian alternative rock|christian indie|christian music|folk-pop|indiecoustica|neo mellow|pop rock|worship,id,True,train
73ssb49gSbkYCTT5uMD3zG,Hero,Chris Lane,Country by the Grace of God,0.3880000114440918,0.3650000095367431,8,-9.059000015258787,1,0.0340000018477439,0.8370000123977661,0.2949999868869781,0.460999995470047,148.12100219726562,contemporary country|country road,title+artist,True,train
3Rkk851fZjIsglV2jbBPDd,Humble And Kind,Tim McGraw,Country by the Grace of God,0.4760000109672546,0.4799999892711639,11,-7.309999942779541,1,0.0260000005364418,0.675000011920929,0.1220000013709068,0.1480000019073486,151.47799682617188,contemporary country|country|country road,title+artist,True,test
0lVYRIVjK77Z6uG2GgM8Kl,I Can Only Imagine,MercyMe,Country by the Grace of God,0.4239999949932098,0.6000000238418579,4,-5.370999813079834,1,0.049600001424551,0.0842999964952468,0.0874999985098838,0.1449999958276748,159.9040069580078,anthem worship|ccm|christian alternative rock|christian indie|christian music|worship,title+artist,True,train
7maV3I3KQNYpsOWYTOhGqn,I Saw God Today,George Strait,Country by the Grace of God,0.5879999995231628,0.5870000123977661,3,-6.889999866485596,1,0.0302000008523464,0.5989999771118164,0.1620000004768371,0.3810000121593475,147.89700317382812,contemporary country|country|country road,id,True,test
3S0dPaZYCax8OnwTFEoEPw,I Saw The Light,"Josh Turner, Sonya Isaacs",Country by the Grace of God,0.5299999713897705,0.7039999961853027,3,-6.125,1,0.0299999993294477,0.2380000054836273,0.0962999984622001,0.2790000140666961,91.96299743652344,contemporary country|country|country road|modern country rock,id,True,train
5J9Pv419YAs6C45qmrXmxK,I Should Go to Church Sometime,Tyler Farr,Country by the Grace of God,0.5529999732971191,0.6399999856948853,2,-5.058000087738037,1,0.0478000007569789,0.0778999999165535,0.1089999973773956,0.1369999945163726,139.9709930419922,contemporary country|country|country pop|country road|modern country rock|redneck,id,True,test
3lec3CzDPAxsZokPph5w87,"Jesus, Take the Wheel",Carrie Underwood,Country by the Grace of God,0.3589999973773956,0.5180000066757202,2,-3.5369999408721924,1,0.0302000008523464,0.6650000214576721,0.1059999987483024,0.135000005364418,76.5719985961914,contemporary country|country|country dawn|country road|dance pop|oklahoma country|pop|post-teen pop,id,True,train
77OZq2qjgW8gQToWlq6SKh,Keep Your Eyes On Me,"Tim McGraw, Faith Hill",Country by the Grace of God,0.4329999983310699,0.4350000023841858,2,-8.00100040435791,1,0.0288999993354082,0.5920000076293945,0.3459999859333038,0.1209999993443489,140.91900634765625,contemporary country|country|country dawn|country road|dance pop|pop rock,title+artist,True,train
3OzqxGvLzW00YOet2P78sD,Less Than Whole,Eric Paslay,Country by the Grace of God,0.5450000166893005,0.6119999885559082,4,-5.794000148773193,1,0.0236000008881092,0.135000005364418,0.0861999988555908,0.1710000038146972,89.99600219726562,contemporary country|country|country pop|country road|modern country rock,id,True,train
4PvK3MoMr3z32YBnPjgKJN,"Love Without End, Amen",George Strait,Country by the Grace of God,0.6449999809265137,0.44200000166893,9,-12.996999740600586,1,0.0255999993532896,0.3970000147819519,0.1209999993443489,0.5540000200271606,88.49099731445312,contemporary country|country|country road,title+artist,True,test
6a0zu7tOqPUHQfoP7YJ9nS,Me and Jesus (Extra Special Bonus Track),Brad Paisley,Country by the Grace of God,0.4850000143051147,0.2820000052452087,7,-8.949000358581543,1,0.0297999996691942,0.4320000112056732,0.1099999994039535,0.4059999883174896,139.13600158691406,contemporary country|country|country road,id,True,train
3oSyemHgjMoHqW85EuclSb,Phone Call To God,Brett Eldredge,Country by the Grace of God,0.3319999873638153,0.6029999852180481,11,-7.132999897003174,1,0.0366000011563301,0.2590000033378601,0.1739999949932098,0.2840000092983246,88.23600006103516,contemporary country|country|country road|modern country rock,id,True,train
7eOizXz9BZ7Vc6Scgwh1hC,Pray About Everything,Luke Bryan,Country by the Grace of God,0.628000020980835,0.8629999756813049,4,-4.383999824523926,1,0.0399000011384487,0.0186999998986721,0.0975999981164932,0.718999981880188,105.94000244140624,contemporary country|country|country road,id,True,train
4PUd2AwQAWY05WWR5qxig9,Real Men Love Jesus,Michael Ray,Country by the Grace of God,0.4460000097751617,0.722000002861023,2,-4.537000179290772,1,0.0348999984562397,0.0061400001868605,0.1270000040531158,0.3889999985694885,76.13099670410156,contemporary country|country|country pop|country road|modern country rock,id,True,train
5QHElgktygMkgRdpPhXfn2,Red Dirt Road,Brooks & Dunn,Country by the Grace of God,0.5950000286102295,0.4399999976158142,4,-7.795000076293945,1,0.0308999996632337,0.6290000081062317,0.091399997472763,0.335999995470047,128.33399963378906,contemporary country|country|country road,title+artist,True,train
10RQKVSr4rS0coExTmi4dF,Something in the Water,Carrie Underwood,Country by the Grace of God,0.4510000050067901,0.8930000066757202,7,-2.720999956130981,1,0.0627000033855438,0.0242999996989965,0.0812999978661537,0.0970999971032142,139.76300048828125,contemporary country|country|country dawn|country road|dance pop|oklahoma country|pop|post-teen pop,id,True,train
7vxRD4BOqSU2Lh7QAoE5ru,That's What I Love About Sunday,Craig Morgan,Country by the Grace of God,0.5370000004768372,0.6899999976158142,8,-3.9079999923706055,1,0.0273000001907348,0.2230000048875808,0.1270000040531158,0.3519999980926513,140.07000732421875,contemporary country|country|country road|modern country rock|redneck,id,True,train
1PB1crNoxv0Jezj0Y8LqO0,Today,Brad Paisley,Country by the Grace of God,0.3470000028610229,0.6320000290870667,2,-6.998000144958496,1,0.0381000004708766,0.5389999747276306,0.1209999993443489,0.2849999964237213,74.25700378417969,contemporary country|country|country road,title+artist,True,train
3VLCtStwYsAL4LKZgeUvy3,When I Get Where I'm Going (feat. Dolly Parton),"Brad Paisley, Dolly Parton",Country by the Grace of God,0.5199999809265137,0.3790000081062317,0,-9.906000137329102,1,0.0278999991714954,0.6190000176429749,0.1080000028014183,0.2080000042915344,85.93399810791016,classic country pop|contemporary country|country|country dawn|country road,id,True,train
16DRIwIBIgZdAgpp0vLh5q,When I Pray For You,Dan + Shay,Country by the Grace of God,0.3819999992847442,0.781000018119812,2,-4.243000030517578,1,0.0432999990880489,0.0540000014007091,0.2300000041723251,0.3540000021457672,163.81500244140625,contemporary country|pop,id,True,train
0x1BZjxlyqVK80lWoXiVcW,Without Him,Josh Turner,Country by the Grace of God,0.4460000097751617,0.3930000066757202,10,-7.708000183105469,1,0.0264999996870756,0.7979999780654907,0.0939999967813491,0.3799999952316284,81.11100006103516,contemporary country|country|country road|modern country rock,id,True,train
1RvDsjCBDTES3lPiEGNNMY,Adagio For Strings,Lucas & Steve,Dance Rising,0.3490000069141388,0.7929999828338623,10,-6.748000144958496,0,0.0676999986171722,0.0008769999840296,0.2199999988079071,0.0397999994456768,127.13899993896484,,id,False,train
2uiAa5m82aeHbtOFA3x58m,Aftermath,Kydus,Dance Rising,0.6859999895095825,0.777999997138977,0,-10.392000198364258,1,0.046799998730421,0.0540000014007091,0.0671000033617019,0.0390000008046627,124.00499725341795,,id,False,train
55Tom2dk5sMx1UTJPiTUbX,Alive (feat. ILY),"Jack Wins, ILY",Dance Rising,0.6330000162124634,0.8420000076293945,0,-4.261000156402588,1,0.0566000007092952,0.0100999996066093,0.1659999936819076,0.2870000004768371,124.00800323486328,,id,False,test
30dD3q5wzhfouOnIBaS8A4,All I Have (feat. Aviella),"QUIX, Aviella",Dance Rising,0.7559999823570251,0.8420000076293945,0,-4.72599983215332,1,0.0606999993324279,0.1230000033974647,0.1289999932050705,0.209999993443489,144.05999755859375,,id,False,train
6fIgsZFtGXiIvxb2Y6oCc7,Apple Juice (feat. Carla Monroe) - MOTi Remix,"SLATIN, Carla Monroe, MOTi",Dance Rising,0.6710000038146973,0.9100000262260436,0,-3.621000051498413,1,0.1000000014901161,0.0019600000232458,0.1710000038146972,0.4129999876022339,128.03599548339844,alternative metal|melodic metalcore|metalcore,id,True,train
4UvbNf9qJymletIMkaHPUr,Bloodlines - Edit,Hot Since 82,Dance Rising,0.7049999833106995,0.9290000200271606,4,-7.64300012588501,1,0.0456000007688999,0.0001150000025518,0.6100000143051147,0.7429999709129333,123.9739990234375,,id,False,test
5UHrKSQhNs96msAx8LPVwS,Breach (Walk Alone),"Martin Garrix, Blinders",Dance Rising,0.7379999756813049,0.953000009059906,1,-4.781000137329102,1,0.2160000056028366,0.0388000011444091,0.2140000015497207,0.4830000102519989,128.06900024414062,big room|dance pop|edm|electro house|pop|pop dance|progressive house|tropical house,id,True,train
6TR0FGw4zhlGbQALN065AI,Breathe (feat. Jem Cooke),"CamelPhat, Cristoph, Jem Cooke",Dance Rising,0.5950000286102295,0.8769999742507935,9,-7.414000034332275,0,0.0441999994218349,0.0064599998295307,0.3980000019073486,0.0810000002384185,125.01499938964844,,id,False,test
7rEOUR7AmXcgd32WG5duJh,Bvulgari,Daddy's Groove,Dance Rising,0.7329999804496765,0.944000005722046,8,-4.676000118255615,0,0.1099999994039535,0.0186999998986721,0.1729999929666519,0.3849999904632568,122.98899841308594,,title+artist,False,test
1gdMKFGWrI34ZTO8k7Hfg6,Call You (feat. Nasri of MAGIC!),"Cash Cash, MAGIC!",Dance Rising,0.4939999878406524,0.7670000195503235,10,-4.10099983215332,1,0.0509999990463256,0.1199999973177909,0.3740000128746032,0.1120000034570694,125.50599670410156,arkansas country|latin|latin hip hop|outlaw country|reggaeton|reggaeton flow|trap latino|tropical,id,True,train
74AShvdaXhN70hNrA95Pto,Corda,Dirty South,Dance Rising,0.5950000286102295,0.6819999814033508,0,-11.251999855041504,0,0.0472999997437,0.0233999993652105,0.1729999929666519,0.0991000011563301,124.0199966430664,australian dance|big room|edm|electro house|house|progressive electro house|progressive house,id,True,train
3ychV6Y7TGNXNQlQFzQWVk,Dawnbreaker,Metrik,Dance Rising,0.4860000014305115,0.8709999918937683,5,-4.927999973297119,1,0.0447000004351139,9.980000322684646e-05,0.1070000007748603,0.2860000133514404,173.97500610351562,,id,False,train
6RIbDs0p4XusU2PZSiDgeZ,Deceiver,"Chris Lake, Green Velvet",Dance Rising,0.8809999823570251,0.8830000162124634,11,-5.49399995803833,1,0.0632999986410141,0.0195000004023313,0.0825000032782554,0.9660000205039978,124.01599884033205,bass house|edm|electro house|house|melbourne bounce|pop dance|progressive house,id,True,train
1B89dglefjYMvJkLOEwfD1,Figure of Jazz,"Todd Terry, Junior Sanchez",Dance Rising,0.671999990940094,0.915000021457672,2,-6.708000183105469,1,0.0592000000178813,0.0674000009894371,0.0855000019073486,0.3720000088214874,122.96600341796876,chicago house|deep groove house|deep house|disco house|diva house|funky tech house|garage house|hip house|house|tech house|tribal house|vocal house,id,True,train
6EXl6ZF6rXm6qCsKeizJ1b,Grapevine,Tiësto,Dance Rising,0.7139999866485596,0.828000009059906,3,-4.663000106811523,1,0.0597999989986419,0.0051400000229477,0.3199999928474426,0.2080000042915344,124.03399658203124,big room|brostep|dance pop|dutch edm|edm|electro house|house|pop|pop dance|trance|tropical house,id,True,test
36sh8W3QyQlm1pv0bLxTLs,Heard It All Before,Low Steppa,Dance Rising,0.6890000104904175,0.8740000128746033,10,-5.120999813079834,0,0.0571000017225742,0.0209999997168779,0.3350000083446502,0.800000011920929,123.01200103759766,,id,False,train
3JleotllRQS4U3mtnU1bcm,Hero (feat. David Shane),"QUIX, Vincent, David Shane",Dance Rising,0.765999972820282,0.8389999866485596,1,-5.123000144958496,1,0.0410000011324882,0.0049000000581145,0.1140000000596046,0.1129999980330467,124.99199676513672,,id,False,train
37RqXKYpYnCLXJolKH8uuE,I Know U,"Dyro, LOOPERS",Dance Rising,0.8450000286102295,0.8989999890327454,2,-2.861000061035156,1,0.5049999952316284,0.0068399999290704,0.0394000001251697,0.3840000033378601,130.04600524902344,,id,False,train
1lUjPwJpoW1fJK35XLSl79,In Your Eyes,"Steve Brian, Eric Lumiere",Dance Rising,0.4510000050067901,0.7929999828338623,4,-7.301000118255615,1,0.0456000007688999,0.0201999992132186,0.2730000019073486,0.4050000011920929,127.927001953125,,id,False,train
2Wwlby7f5Ctn7705VE7N6v,Konda,Dirty South,Dance Rising,0.7099999785423279,0.8429999947547913,0,-10.208999633789062,1,0.0483000017702579,0.035300001502037,0.1230000033974647,0.414000004529953,124.01100158691406,australian dance|big room|edm|electro house|house|progressive electro house|progressive house,id,True,train
2yco9NUB8pfbekodkDK3SN,Long Way From Home,"Above & Beyond, Spencer Brown, RBBTS",Dance Rising,0.7080000042915344,0.8330000042915344,0,-6.784999847412109,0,0.0830999985337257,0.0093799997121095,0.0608999989926815,0.2339999973773956,128.02200317382812,edm|progressive house|progressive trance|trance|uplifting trance,id,True,train
6P7Qezj2LV5kHc2VihAJWp,Mad Love,"MOTi, Vigiland",Dance Rising,0.6809999942779541,0.8759999871253967,9,-4.5920000076293945,0,0.0353999994695186,0.0983999967575073,0.3179999887943268,0.2280000001192093,128.0290069580078,alternative metal|dance pop|edm|electronic trap|melodic metalcore|metalcore|pop dance|pop rap|tropical house,id,True,train
7BdBAeVMiVHbszGoN7WsAt,Memories That You Call (feat. Monsoonsiren) - ODESZA & Golden Features VIP Remix,"ODESZA, Monsoonsiren, Golden Features",Dance Rising,0.6359999775886536,0.574999988079071,10,-4.624000072479248,1,0.0315000005066394,0.0116999996826052,0.1199999973177909,0.1930000036954879,119.99600219726562,chillwave|ninja,id,True,train
5llPdGZJjJFJv9aL6ZaiLY,Never Letting Go,"Audien, ARTY",Dance Rising,0.5339999794960022,0.7649999856948853,1,-3.151000022888184,1,0.0337999984622001,0.0914999991655349,0.2249999940395355,0.1169999986886978,127.97799682617188,big room|edm|electro house|electropop|indie poptimism|pop dance|pop edm|progressive electro house|progressive house|progressive trance|russian edm|trance|tropical house|uplifting trance,id,True,test
1PLHnhmfEfvo77sxPuVwwv,OMG,ricky retro,Dance Rising,0.8230000138282776,0.7519999742507935,2,-8.267999649047852,1,0.2049999982118606,0.0119000002741813,0.0474000014364719,0.6060000061988831,126.00499725341795,,id,False,train
7DSBxP0sGTuEb249LMJSLY,Only Love,Deepend,Dance Rising,0.6470000147819519,0.8100000023841858,2,-5.803999900817871,1,0.0520999990403652,0.0658000037074089,0.2370000034570694,0.6480000019073486,108.01100158691406,,id,False,train
30t0jZxajn5zY6Wlb5g9gh,Open End Resource - In My Next Life Mix - Edit,"Andrew Bayer, Alison May",Dance Rising,0.5139999985694885,0.5239999890327454,11,-6.8429999351501465,0,0.0452999994158744,0.0278999991714954,0.5419999957084656,0.1700000017881393,127.94200134277344,edm|progressive house|progressive trance|trance|uplifting trance,id,True,test
6rJvx2fOOnf9gLpjwrelGx,Out of Time (feat. Eric Lumiere) - Sagan Remix,"Shane 54, Cubicore, Eric Lumiere, Sagan",Dance Rising,0.6909999847412109,0.9300000071525574,3,-3.697999954223633,1,0.0723000019788742,0.0640000030398368,0.1169999986886978,0.1899999976158142,128.01800537109375,pop edm,title+artist,True,train
1DxdiIZi2cjwz24jeD5iAG,Palms,Crvvcks,Dance Rising,0.7369999885559082,0.7739999890327454,7,-7.505000114440918,1,0.0542000010609626,0.0054199998266994,0.0750999972224235,0.2899999916553497,124.00499725341795,,title+artist,False,train
3MkIlbOnu8UCMt26nOQ31P,Polynesia,Nora En Pure,Dance Rising,0.6809999942779541,0.7049999833106995,10,-7.866000175476074,1,0.034400001168251,0.1480000019073486,0.1199999973177909,0.0395000018179416,118.01599884033205,deep house|deep tropical house|electra|house|pop dance|progressive house|swiss pop|tropical house,id,True,train
757UjBpT2EkYnrUK9gkDZH,Punk Right Now,"HYO, 3LAU",Dance Rising,0.6589999794960022,0.9390000104904176,2,-4.043000221252441,1,0.0375000014901161,0.0076000001281499,0.0582999996840953,0.6710000038146973,104.98300170898438,big room|edm|electro house|electronic trap|electropop|mashup|pop dance|pop edm|progressive electro house|progressive house|tropical house,id,True,train
0mxjKriHsdi8zKiBTWIOrT,Save the Rave,"Tommie Sunshine, MureKian, Sabrina Signs",Dance Rising,0.7839999794960022,0.8830000162124634,5,-6.564000129699707,0,0.1180000007152557,0.0060399998910725,0.3600000143051147,0.777999997138977,126.01300048828124,,id,False,train
0aVgtoMX4a2Av4l4WL56ll,Say My Name - Sidney Samson Remix,"David Guetta, Bebe Rexha, J Balvin, Sidney Samson",Dance Rising,0.6589999794960022,0.9629999995231628,0,-5.934000015258789,1,0.0971999987959861,0.0780000016093254,0.1280000060796737,0.4519999921321869,122.02100372314452,dance pop|edm|latin|pop|pop dance|post-teen pop|reggaeton|reggaeton colombiano|tropical house,id,True,test
6zoFp7Cq9KAUkD27ie9DCI,See It When I Believe It - Edit,Mat Zo,Dance Rising,0.6990000009536743,0.8899999856948853,10,-6.699999809265137,1,0.0450999997556209,0.0010499999625608,0.1770000010728836,0.3860000073909759,124.98600006103516,,id,False,train
3NhKQ0rw6RRZDdYgaVHIbG,Signs - Eden Prince Remix,"Starley, Eden Prince",Dance Rising,0.7020000219345093,0.8140000104904175,0,-7.510000228881836,0,0.0841000005602836,0.1070000007748603,0.3740000128746032,0.503000020980835,121.99299621582033,aussietronica|pop dance|tropical house,title+artist,True,train
5ElvxQOgTTUTjVfa1uhhFv,So Real (Warriors) (feat. Jess Glynne),"Too Many Zooz, KDA, Jess Glynne",Dance Rising,0.7229999899864197,0.875,5,-4.603000164031982,0,0.0747999995946884,0.0019300000276416,0.1260000020265579,0.4350000023841858,122.97899627685548,dance pop|pop|pop dance|post-teen pop|tropical house|uk pop,id,True,train
2YNVpj4AfBb3HN1QTqEcVB,Something Strange,"Vicetone, Haley Reinhart",Dance Rising,0.628000020980835,0.8169999718666077,4,-4.2230000495910645,1,0.0286999996751546,0.2419999986886978,0.2619999945163727,0.5389999747276306,119.04100036621094,big room|edm|electro house|gaming edm|idol|pop dance|pop edm|progressive electro house|tropical house,id,True,test
4GQVsXO7jkxg43UmAd1Tbb,South Beach,Vicetone,Dance Rising,0.5009999871253967,0.8870000243186951,1,-3.940999984741211,0,0.0423999987542629,0.0303000006824731,0.1140000000596046,0.335999995470047,123.052001953125,big room|edm|electro house|gaming edm|pop dance|pop edm|progressive electro house|tropical house,id,True,train
1rCcsYnmqbMYdkG7kS9GC5,Speechless (feat. Erika Sirola),"Robin Schulz, Erika Sirola",Dance Rising,0.5740000009536743,0.7279999852180481,1,-4.776999950408936,1,0.061999998986721,0.0161000005900859,0.0851000025868415,0.2660000026226043,125.0469970703125,dance pop|deep euro house|deep house|edm|german dance|pop|pop dance|tropical house,id,True,test
7eNF3i7lHKtRwlvMfbNu9M,Stay (feat. Karen Harding),"Le Youth, Karen Harding",Dance Rising,0.7440000176429749,0.7269999980926514,6,-5.163000106811523,1,0.0877000018954277,0.0498999990522861,0.1860000044107437,0.5960000157356262,120.1050033569336,deep groove house|disco house|house|pop dance|tropical house|uk dance,id,True,train
4SWdjAOGdAiwEgZ8ksdDTh,Take It Closer (feat. Vikki Gilmore),"Rain Man, Vikki Gilmore",Dance Rising,0.5730000138282776,0.9010000228881836,1,-2.9089999198913574,0,0.0397999994456768,0.0599999986588954,0.1040000021457672,0.5830000042915344,125.95099639892578,,id,False,train
20b4zPkae70HGw1Dv1qrIY,Tell Me The Truth,Julian Jordan,Dance Rising,0.7269999980926514,0.962000012397766,9,-3.632999897003174,1,0.0507999993860721,0.0004649999900721,0.063799999654293,0.2129999995231628,128.031005859375,,id,False,train
6Q4gOjqRrqtKSlZoIzfIy6,The Hyll,Purple Haze,Dance Rising,0.6079999804496765,0.847000002861023,0,-2.375,0,0.0659999996423721,0.0982000008225441,0.6430000066757202,0.125,130.0030059814453,,id,False,train
5hdAQegqnitMjNacfLOHQd,Tilted Towers,Alesso,Dance Rising,0.7020000219345093,0.8420000076293945,7,-5.059000015258789,1,0.0331000015139579,0.0007709999918006,0.2800000011920929,0.1749999970197677,124.01000213623048,big room|dance pop|edm|electro house|pop|pop dance|progressive electro house|tropical house,id,True,train
0vvOrppt5qQcyQ0QteVgRF,Want Your Body,Busta K,Dance Rising,0.7300000190734863,0.6330000162124634,0,-6.421999931335449,0,0.0366999991238117,0.0130000002682209,0.209999993443489,0.6439999938011169,123.02100372314452,,title+artist,False,train
44O68HgLUzZcSlD751S8dM,Where Are You?,"Sultan + Shepard , Andreas Moss",Dance Rising,0.4309999942779541,0.8500000238418579,8,-3.874000072479248,1,0.0564000010490417,0.0718000009655952,0.2660000026226043,0.3790000081062317,123.97799682617188,scandipop,id,True,train
2UFPNhmmeE53DpxX7Sdma7,Who Got The Keys,SKIY,Dance Rising,0.7870000004768372,0.9570000171661376,6,-6.177999973297119,1,0.0595999993383884,0.0011299999896436,0.065700002014637,0.5740000009536743,124.98899841308594,,id,False,train
1PYsy4cGp3egbeaQDjIGIa,Yottabyte,Martin Garrix,Dance Rising,0.6340000033378601,0.6320000290870667,5,-4.519999980926514,0,0.0313000008463859,0.0129000004380941,0.1159999966621398,0.4490000009536743,128.0749969482422,big room|dance pop|edm|electro house|pop|pop dance|progressive house|tropical house,id,True,train
2g2GkH3vZHk4lWzBjgQ6nY,(What A) Wonderful World,Sam Cooke,Have a Great Day!,0.6909999847412109,0.5070000290870667,11,-10.229999542236328,1,0.0342999994754791,0.6269999742507935,0.4569999873638153,0.8849999904632568,128.51800537109375,adult standards|brill building pop|classic soul|rock-and-roll|soul,id,True,train
4TBBPZks71c60whhq0PgdP,(Your Love Keeps Lifting Me) Higher & Higher,Jackie Wilson,Have a Great Day!,0.6309999823570251,0.6899999976158142,2,-6.676000118255615,1,0.0531000010669231,0.1759999990463256,0.1209999993443489,0.9380000233650208,94.5739974975586,adult standards|brill building pop|chicago soul|classic soul|funk|motown|quiet storm|rhythm and blues|rock-and-roll|rockabilly|soul,id,True,train
01gwPP2h3ajRnqiIphUtR7,ABC,The Jackson 5,Have a Great Day!,0.6880000233650208,0.859000027179718,8,-4.427999973297119,1,0.0403999984264373,0.44200000166893,0.2619999945163727,0.959999978542328,93.6259994506836,motown|soul,title+artist,True,test
2374M0fQpWi3dLnB54qaLX,Africa,Toto,Have a Great Day!,0.6710000038146973,0.3729999959468841,9,-18.06399917602539,1,0.0322999991476535,0.2569999992847442,0.0480999983847141,0.7319999933242798,92.71800231933594,album rock|classic rock|mellow gold|rock|soft rock|yacht rock,id,True,train
28wGX1hoLCRbBZbEqITvE3,Ain't No Mountain High Enough - Stereo Version,"Marvin Gaye, Tammi Terrell",Have a Great Day!,0.617,0.835,11,-5.384,0,0.0321,0.359,0.118,0.833,129.172,classic soul|funk|motown|northern soul|quiet storm|soul,title+artist,True,train
2NVpYQqdraEcQwqT7GhUkh,Ain't Nobody,Chaka Khan,Have a Great Day!,0.800000011920929,0.878000020980835,1,-7.109000205993652,1,0.0434000007808208,0.1889999955892563,0.1400000005960464,0.8159999847412109,104.28199768066406,dance pop|disco|funk|motown|neo soul|post-disco|quiet storm|soul|urban contemporary,id,True,train
3cfOd4CMv2snFaKAnMdnvK,All Star,Smash Mouth,Have a Great Day!,0.7310000061988831,0.8669999837875366,11,-5.88100004196167,1,0.0320000015199184,0.0395000018179416,0.0860999971628189,0.7760000228881836,104.0189971923828,alternative rock|pop rock,id,True,train
2DyHhPyCZgZzNXn1IrtsTu,Any Way You Want It,Journey,Have a Great Day!,0.5189999938011169,0.9340000152587892,7,-7.13700008392334,1,0.0471000000834465,0.0003119999892078,0.1369999945163726,0.5860000252723694,138.16200256347656,album rock|classic rock|hard rock|mellow gold|rock|soft rock,id,True,train
3qiyyUfYe7CRYLucrPmulD,Baba O'Riley,The Who,Have a Great Day!,0.488999992609024,0.7239999771118164,5,-8.366999626159668,1,0.0351999998092651,0.3129999935626983,0.2870000004768371,0.1500000059604644,117.29199981689452,album rock|art rock|british invasion|classic rock|folk rock|hard rock|mellow gold|psychedelic rock|rock|roots rock,id,True,train
3iJxloILmOu2NIRZ0OGyui,Bennie And The Jets - Remastered 2014,Elton John,Have a Great Day!,0.665,0.673,0,-7.95,1,0.0493,0.259,0.497,0.779,132.642,glam rock|mellow gold|piano rock|soft rock,title+artist,True,train
4VywXu6umkIQ2OS0m1I79y,Better Together,Jack Johnson,Have a Great Day!,0.7979999780654907,0.3840000033378601,6,-9.177000045776367,0,0.0366999991238117,0.7699999809265137,0.1110000014305114,0.7089999914169312,107.1989974975586,neo mellow,title+artist,True,test
2Cy7QY8HPLk925AyNAt6OG,Black or White - Single Version,Michael Jackson,Have a Great Day!,0.7409999966621399,0.8939999938011169,4,-3.825999975204468,1,0.049600001424551,0.0813999995589256,0.0890000015497207,0.959999978542328,114.87899780273438,pop|r&b|soul,id,True,train
4myBMnNWZlgvVelYeTu55w,Brown Eyed Girl,Van Morrison,Have a Great Day!,0.503000020980835,0.5260000228881836,7,-14.116000175476074,1,0.0414000004529953,0.2479999959468841,0.5329999923706055,0.9110000133514404,77.41500091552734,classic rock|folk|folk rock|mellow gold|rock|roots rock|singer-songwriter|soft rock,title+artist,True,train
3bidbhpOYeV4knp8AIu8Xn,Can't Hold Us - feat. Ray Dalton,Macklemore & Ryan Lewis,Have a Great Day!,0.640999972820282,0.921999990940094,2,-4.456999778747559,1,0.0785999968647956,0.0291000008583068,0.0861999988555908,0.847000002861023,146.0780029296875,dance pop|pop|pop rap|seattle hip hop,id,True,train
1ynmMEK1fkyiZ6Z6F3ThEt,Centerfold,The J. Geils Band,Have a Great Day!,0.652999997138977,0.6769999861717224,0,-12.244000434875488,1,0.0395999997854232,0.248999997973442,0.402999997138977,0.8880000114440918,114.37000274658205,album rock|blues rock|classic rock|country rock|dance rock|folk rock|hard rock|mellow gold|new wave pop|rock|roots rock|soft rock,id,True,train
5uzNa0SBGOe5pPnstWHMCt,Come On Eileen,Dexys Midnight Runners,Have a Great Day!,0.4679999947547912,0.6940000057220459,2,-5.644000053405762,1,0.0507999993860721,0.550000011920929,0.3720000088214874,0.7080000042915344,106.77400207519533,bow pop|dance rock|new romantic|new wave|new wave pop,title+artist,True,test
7GVUmCP00eSsqc4tzj1sDD,Come and Get Your Love - Single Edit,Redbone,Have a Great Day!,0.7369999885559082,0.7929999828338623,11,-7.929999828338623,0,0.0467000007629394,0.1949999928474426,0.0675999969244003,0.9570000171661376,107.35299682617188,native american|native american contemporary,title+artist,True,train
4NtUY5IGzHCaqfZemmAu56,Dancing Queen,ABBA,Have a Great Day!,0.5389999747276306,0.8840000033378601,9,-6.53000020980835,1,0.0403000004589557,0.3819999992847442,0.7599999904632568,0.7519999742507935,100.81199645996094,europop|swedish pop,id,True,train
2I43coEbzFSTMGO3kCjLMB,Daylight,Matt and Kim,Have a Great Day!,0.5830000042915344,0.7900000214576721,9,-4.885000228881836,1,0.0318999998271465,0.0851000025868415,0.1099999994039535,0.7139999866485596,103.28600311279295,brooklyn indie|indie pop|indie poptimism|indie rock|indietronica|modern alternative rock|modern rock|shimmer pop|stomp and holler,id,True,test
7ePFDzrnLt3Ynqgy2UFWri,"December, 1963 (Oh What A Night!)",Frankie Valli & The Four Seasons,Have a Great Day!,0.7269999980926514,0.5879999995231628,1,-9.567999839782717,1,0.0252999998629093,0.0579999983310699,0.0414000004529953,0.9639999866485596,104.41300201416016,adult standards|brill building pop|bubblegum pop|doo-wop|folk rock|lounge|motown|northern soul|rock-and-roll,id,True,test
77NNZQSqzLNqh2A9JhLRkg,Don't Stop Believin',Journey,Have a Great Day!,0.4909999966621399,0.8019999861717224,4,-7.105999946594238,1,0.0392000004649162,0.25,0.3869999945163727,0.4720000028610229,119.25,album rock|classic rock|hard rock|mellow gold|rock|soft rock,id,True,train
7hQJA50XrCWABAu5v6QZ4i,Don't Stop Me Now - Remastered,Queen,Have a Great Day!,0.5630000233650208,0.8650000095367432,5,-5.276999950408936,1,0.1599999964237213,0.0472000017762184,0.7699999809265137,0.6010000109672546,156.27099609375,classic rock|glam rock|rock,id,True,train
2id8E4WvczfKHB4LHI7Np3,Edge of Seventeen,Stevie Nicks,Have a Great Day!,0.5899999737739563,0.828000009059906,0,-6.28000020980835,1,0.0439000017940998,0.2770000100135803,0.0868000015616417,0.6359999775886536,111.35299682617188,heartland rock|mellow gold,id,True,train
7lL2lMWNtzOcf5HnEudNgn,Everyday People,Sly & The Family Stone,Have a Great Day!,0.8130000233650208,0.6190000176429749,7,-8.20300006866455,1,0.0294000003486871,0.2450000047683715,0.1129999980330467,0.7739999890327454,114.58000183105467,classic rock|classic soul|disco|folk rock|funk|funk rock|mellow gold|motown|psychedelic soul|rock|soul,id,True,train
4y1LsJpmMti1PfRQV9AWWe,Girls Just Want to Have Fun,Cyndi Lauper,Have a Great Day!,0.7099999785423279,0.7990000247955322,6,-4.896999835968018,1,0.0328000001609325,0.2199999988079071,0.3490000069141388,0.7250000238418579,120.37200164794922,dance pop|dance rock|europop|mellow gold|new wave pop|permanent wave|pop rock|soft rock,id,True,train
4xh7W7tlNMIczFhupCPniY,Go Your Own Way - 2004 Remaster For Digital; 2004 Remaster,Fleetwood Mac,Have a Great Day!,0.5860000252723694,0.9409999847412108,5,-5.138999938964844,1,0.0375000014901161,0.0166999995708465,0.0680000036954879,0.8309999704360962,135.447998046875,album rock|classic rock|mellow gold|rock|soft rock|yacht rock,id,True,train
2oF7FZHIJbzjeEXZ3D0Ku4,Good Vibrations - Remastered,The Beach Boys,Have a Great Day!,0.4099999964237213,0.3729999959468841,10,-11.512999534606934,1,0.0390000008046627,0.1679999977350235,0.0806000009179115,0.270000010728836,132.67300415039062,baroque pop|brill building pop|classic rock|folk rock|psychedelic rock|rock|sunshine pop,title+artist,True,train
1JO1xLtVc8mWhIoE3YaCL0,Happy Together,The Turtles,Have a Great Day!,0.5839999914169312,0.367000013589859,6,-9.637999534606934,0,0.0328000001609325,0.550000011920929,0.0817999988794326,0.5879999995231628,120.1750030517578,brill building pop|bubblegum pop|classic rock|folk rock|psychedelic rock,id,True,train
6dGnYIeXmHdcikdzNNDMm2,Here Comes The Sun - Remastered 2009,The Beatles,Have a Great Day!,0.5569999814033508,0.5400000214576721,9,-10.484000205993652,1,0.0346999987959861,0.033900000154972,0.1790000051259994,0.3939999938011169,129.17100524902344,beatlesque|british invasion|classic rock|merseybeat|psychedelic rock|rock,id,True,train
3AszgPDZd9q0DpDFt4HFBy,Hey Ya! - Radio Mix / Club Mix,OutKast,Have a Great Day!,0.7269999980926514,0.9739999771118164,4,-2.260999917984009,0,0.0663999989628791,0.1030000001192092,0.1739999949932098,0.9649999737739564,79.5260009765625,atl hip hop|dirty south rap|hip hop|rap|southern hip hop,title+artist,True,train
24YvUQnuPL8gObCfSnAobH,"Hey, Soul Sister",Train,Have a Great Day!,0.6700000166893005,0.8679999709129333,1,-5.565999984741211,0,0.0417000018060207,0.1700000017881393,0.0825999975204467,0.7720000147819519,97.0530014038086,dance pop|hip pop|pop|pop dance|post-teen pop,title+artist,True,train
2zYzyRzz6pRmhPzyfMEC8s,Highway to Hell,AC/DC,Have a Great Day!,0.5740000009536743,0.912999987602234,6,-4.793000221252441,0,0.1330000013113021,0.0610000006854534,0.1560000032186508,0.4230000078678131,115.72799682617188,album rock|australian rock|hard rock|rock,id,True,train
6ZapsNk1ZpaebNXAIohP9R,Home,Edward Sharpe & The Magnetic Zeros,Have a Great Day!,0.4009999930858612,0.5799999833106995,2,-8.979000091552734,1,0.0500999987125396,0.1089999973773956,0.277999997138977,0.4659999907016754,116.83399963378906,double drumming|indie folk|indie pop|la indie|modern rock|stomp and holler,title+artist,True,test
64Ny7djQ6rNJspquof2KoX,Hound Dog,Elvis Presley,Have a Great Day!,0.4939999878406524,0.7559999823570251,0,-8.491999626159668,1,0.0498999990522861,0.7329999804496765,0.7599999904632568,0.9490000009536744,86.8949966430664,rock-and-roll|rockabilly,id,True,train
3aSWQJcWnnqgwYbAgidvlV,"I Can't Help Myself (Sugar Pie, Honey Bunch)",Four Tops,Have a Great Day!,0.6790000200271606,0.656000018119812,0,-7.120999813079834,1,0.0292000006884336,0.2590000033378601,0.1040000021457672,0.9679999947547911,126.64299774169922,adult standards|brill building pop|classic soul|disco|folk rock|funk|mellow gold|motown|quiet storm|soul,title+artist,True,train
3tSi6iFO9yLGIYIqMEgjC9,I Want You Back,The Jackson 5,Have a Great Day!,0.6460000276565552,0.6039999723434448,8,-11.192999839782717,1,0.0346000008285045,0.4749999940395355,0.6880000233650208,0.9229999780654908,98.1439971923828,motown|soul,title+artist,True,test
5RKZ9zCtLjBLTea7qkSFqr,I'm A Believer,The Monkees,Have a Great Day!,0.5260000228881836,0.7749999761581421,0,-6.050000190734863,1,0.0351999998092651,0.7070000171661377,0.2169999927282333,0.962000012397766,80.10600280761719,beatlesque|brill building pop|bubblegum pop|classic rock|country rock|folk rock|mellow gold|psychedelic rock|rock|rock-and-roll|soft rock|sunshine pop,title+artist,True,train
1EzrEOXmMH3G43AXT1y7pA,I'm Yours,Jason Mraz,Have a Great Day!,0.703000009059906,0.4440000057220459,11,-9.331000328063965,1,0.0417000018060207,0.5590000152587891,0.097300000488758,0.7120000123977661,150.9600067138672,acoustic pop|neo mellow|pop|pop rock,id,True,train
0TF3F5Lw5apoD1zvR8LikO,Jessie's Girl,Rick Springfield,Have a Great Day!,0.6880000233650208,0.7059999704360962,2,-7.925000190734863,1,0.0419999994337558,0.0751999989151954,0.0923999994993209,0.8420000076293945,131.7050018310547,album rock|australian rock|classic rock|dance rock|mellow gold|new wave pop|pop rock|soft rock|yacht rock,id,True,train
70mAceS5ArAqVj2OwDE4db,Jump in the Line,Harry Belafonte,Have a Great Day!,0.6050000190734863,0.8679999709129333,5,-7.47599983215332,1,0.25,0.746999979019165,0.3770000040531158,0.8149999976158142,116.43699645996094,adult standards|brill building pop|calypso|lounge,title+artist,True,test
0ACACkoHUwgfgY5CxVIL4N,Lovely Day,Bill Withers,Have a Great Day!,0.6930000185966492,0.593999981880188,9,-10.04599952697754,1,0.0346999987959861,0.2329999953508377,0.0759999975562095,0.7409999966621399,97.89299774169922,funk|motown|quiet storm|soul,title+artist,True,train
6vxHp3CDNo0afgKGp2yi1E,Me and Julio Down by the Schoolyard,Paul Simon,Have a Great Day!,0.6259999871253967,0.8159999847412109,9,-10.593000411987305,1,0.1299999952316284,0.2370000034570694,0.1040000021457672,0.7979999780654907,105.33000183105467,classic rock|folk|folk rock|mellow gold|permanent wave|rock|roots rock|singer-songwriter|soft rock,id,True,train
74z2lfZ7fj3IqoK71lHkZw,Mr. Blue Sky,Electric Light Orchestra,Have a Great Day!,0.5220000147819519,0.3429999947547912,10,-9.538999557495115,1,0.0276999995112419,0.6119999885559082,0.2160000056028366,0.4600000083446502,89.20800018310547,album rock|art rock|beatlesque|bow pop|classic rock|folk rock|glam rock|mellow gold|rock|soft rock|symphonic rock,title+artist,True,train
5DiXcVovI0FcY2s0icWWUu,Mr. Jones,Counting Crows,Have a Great Day!,0.571,0.836,0,-5.556,1,0.0371,0.194,0.182,0.73,141.612,alternative rock|mellow gold|neo mellow|pop rock|rock,title+artist,True,train
0iOZM63lendWRTTeKhZBSC,Mrs. Robinson,Simon & Garfunkel,Have a Great Day!,0.6060000061988831,0.4569999873638153,6,-14.03499984741211,0,0.0496999993920326,0.7129999995231628,0.0746999979019165,0.8130000233650208,92.03299713134766,classic rock|folk|folk rock|melancholia|mellow gold|rock,id,True,train
6jWkZvd1URGktyTTwcpPpB,My Girl,The Temptations,Have a Great Day!,0.5789999961853027,0.4189999997615814,0,-10.720000267028809,1,0.0346000008285045,0.625,0.0980999991297721,0.6729999780654907,104.56400299072266,brill building pop|classic soul|funk|memphis soul|motown|soul,id,True,train
1HOMkjp0nHMaTnfAkslCQj,My Sharona,The Knack,Have a Great Day!,0.5860000252723694,0.699999988079071,0,-9.55799961090088,1,0.0362999998033046,0.0588999986648559,0.0318000018596649,0.8970000147819519,147.2449951171875,album rock|classic rock|power pop,id,True,train
6UBjSnyP1O5W5ndJoO9vUk,Night Moves,Bob Seger,Have a Great Day!,0.7049999833106995,0.7429999709129333,1,-6.63100004196167,1,0.0419999994337558,0.4320000112056732,0.1030000001192092,0.3740000128746032,118.552001953125,album rock|blues rock|classic rock|country rock|folk rock|hard rock|heartland rock|mellow gold|rock|soft rock,id,True,train
2nGFzvICaeEWjIrBrL2RAx,Put Your Records On,Corinne Bailey Rae,Have a Great Day!,0.7390000224113464,0.5109999775886536,9,-7.843999862670898,1,0.036200001835823,0.1669999957084655,0.1330000013113021,0.5419999957084656,96.03800201416016,british soul|neo mellow|neo soul|pop soul|soul,id,True,train
4uOKFydzAejjSFqYbv1XPt,Red Red Wine,UB40,Have a Great Day!,0.8569999933242798,0.4679999947547912,1,-8.529999732971191,1,0.0476000010967254,0.004139999859035,0.2689999938011169,0.8429999947547913,89.11900329589844,reggae|reggae fusion|uk reggae,id,True,train
5AoTuHE5P5bvC7BBppYnja,Respect - Remastered,Aretha Franklin,Have a Great Day!,0.8050000071525574,0.5580000281333923,0,-5.22599983215332,1,0.0410000011324882,0.164000004529953,0.0546000003814697,0.9649999737739564,114.9499969482422,classic soul|jazz blues|memphis soul|soul|southern soul,title+artist,True,train
5E3P9e1hvjyIOlFyqNB5eD,Rich Girl - Remastered,Daryl Hall & John Oates,Have a Great Day!,0.5979999899864197,0.6430000066757202,5,-6.302999973297119,1,0.1340000033378601,0.5,0.0434999987483024,0.8230000138282776,167.9709930419922,album rock|classic rock|folk rock|mellow gold|rock|soft rock|yacht rock,id,True,test
3gdewACMIVMEWVbyb8O9sY,"Rocket Man (I Think It's Going To Be A Long, Long Time)",Elton John,Have a Great Day!,0.6010000109672546,0.5320000052452087,10,-9.119000434875488,1,0.0285999998450279,0.4320000112056732,0.0925000011920929,0.3409999907016754,136.5709991455078,glam rock|mellow gold|piano rock|soft rock,id,True,train
6bUNEbXT7HovLW6BgPCBsb,Roses,OutKast,Have a Great Day!,0.7509999871253967,0.7080000042915344,0,-5.644999980926514,1,0.0544999986886978,0.0480999983847141,0.1070000007748603,0.5090000033378601,108.97000122070312,atl hip hop|dirty south rap|hip hop|rap|southern hip hop,id,True,train
6hs3SDnbO3f6VQuPO4KBEb,Send Me On My Way,Rusted Root,Have a Great Day!,0.5,0.6809999942779541,0,-9.555999755859377,1,0.0671999976038932,0.1140000000596046,0.1389999985694885,0.7450000047683716,119.45999908447266,jam band|pittsburgh rock,id,True,train
7mnGQesk1TzQLzQ9bYWZPR,She's so High,Tal Bachman,Have a Great Day!,0.5370000004768372,0.8399999737739563,9,-4.625999927520752,1,0.0362999998033046,0.2000000029802322,0.0997999981045723,0.210999995470047,124.2689971923828,pop rock,id,True,train
3v8PlUFGQQDBIk1J86waCo,Should I Stay or Should I Go - Remastered,The Clash,Have a Great Day!,0.7419999837875366,0.843999981880188,2,-6.440999984741211,1,0.1110000014305114,0.0838000029325485,0.4180000126361847,0.8500000238418579,113.37100219726562,classic rock|dance rock|permanent wave|punk|rock,id,True,train
6t6oULCRS6hnI7rm0h5gwl,Some Nights,fun.,Have a Great Day!,0.671999990940094,0.7379999756813049,0,-7.045000076293945,1,0.0505999997258186,0.017799999564886,0.0926999971270561,0.3919999897480011,107.93800354003906,baroque pop|metropopolis|modern rock|pop|pop rock,id,True,train
0Y2SrByf4G3kbq2nBEHQRn,Spirit In The Sky,Norman Greenbaum,Have a Great Day!,0.6010000109672546,0.6430000066757202,2,-5.828000068664551,1,0.0313999988138675,0.1120000034570694,0.0879999995231628,0.5519999861717224,128.26199340820312,classic rock,id,True,test
27L8sESb3KR79asDUBu8nW,Stacy's Mom,Fountains Of Wayne,Have a Great Day!,0.7739999890327454,0.75,11,-4.927000045776367,0,0.0412000007927417,0.0020699999295175,0.0807999968528747,0.9269999861717224,118.01499938964844,alternative rock|pop rock|power pop,id,True,train
1aj4GXfmEYXfdVZohCpNKu,Stand By Me,Otis Redding,Have a Great Day!,0.8830000162124634,0.4639999866485595,10,-11.25100040435791,1,0.0590999983251094,0.2790000140666961,0.0744000002741813,0.925000011920929,111.5479965209961,classic soul|funk|memphis soul|soul|soul blues|southern soul,id,True,train
7HKez549fwJQDzx3zLjHKC,Start Me Up - Remastered,The Rolling Stones,Have a Great Day!,0.6309999823570251,0.9319999814033508,5,-4.142000198364258,1,0.0353999994695186,0.0436000004410743,0.0917999967932701,0.9710000157356262,122.4290008544922,album rock|british invasion|classic rock|rock,id,True,train
3LmpQiFNgFCnvAnhhvKUyI,Stayin' Alive - Remastered Version,Bee Gees,Have a Great Day!,0.707,0.535,10,-19.793,0,0.0436,0.113,0.0884,0.641,103.644,adult standards|disco|mellow gold|soft rock,title+artist,True,train
1b7LMtXCXGc2EwOIplI35z,Stuck In The Middle With You,Stealers Wheel,Have a Great Day!,0.7950000166893005,0.5640000104904175,7,-10.482000350952148,1,0.0392000004649162,0.0934000015258789,0.0631000027060508,0.9610000252723694,124.16600036621094,classic rock|classic uk pop|folk rock|soft rock,id,True,train
3iSws76HjaU7k49EqJVTfF,"Sugar, Sugar",The Archies,Have a Great Day!,0.7360000014305115,0.8709999918937683,2,-2.7860000133514404,1,0.0277999993413686,0.4659999907016754,0.1080000028014183,0.9670000076293944,122.3949966430664,brill building pop|bubblegum pop|classic canadian rock|folk rock|rock-and-roll,id,True,train
0GONea6G2XdnHWjNZd6zt3,Summer Of '69,Bryan Adams,Have a Great Day!,0.5080000162124634,0.8339999914169312,2,-6.204999923706055,1,0.0386000014841556,0.018300000578165,0.0732000023126602,0.7739999890327454,139.13099670410156,album rock|canadian pop|canadian singer-songwriter|classic canadian rock|heartland rock|mellow gold|pop rock|rock|soft rock,id,True,train
4dwrL3Z5U2RZ6MZiKE2PgL,Superstition,Stevie Wonder,Have a Great Day!,0.6110000014305115,0.578000009059906,1,-14.17099952697754,1,0.0675999969244003,0.0597999989986419,0.098300002515316,0.8840000033378601,100.625,funk|motown|quiet storm|soul,title+artist,True,test
3298yRJKPcCndQdNiTZKIo,Sweet Caroline,Neil Diamond,Have a Great Day!,0.5379999876022339,0.1270000040531158,11,-16.05699920654297,1,0.0284000001847744,0.5889999866485596,0.2380000054836273,0.5270000100135803,62.82899856567383,adult standards|brill building pop|folk|folk rock|mellow gold|singer-songwriter|soft rock|yacht rock,id,True,train
2WfaOiMkCvy7F5fcp2zZ8L,Take On Me,a-ha,Have a Great Day!,0.5730000138282776,0.9020000100135804,6,-7.638000011444092,0,0.0540000014007091,0.0179999992251396,0.092799998819828,0.8759999871253967,84.41200256347656,album rock|classic rock|folk rock|mellow gold|rock|soft rock|yacht rock,id,True,train
1bp2IO61zbQrbWNmKKxg3f,The Joker,Steve Miller Band,Have a Great Day!,0.5960000157356262,0.4480000138282776,5,-9.616000175476074,1,0.0395999997854232,0.3650000095367431,0.2060000002384185,0.7960000038146973,83.29299926757812,album rock|blues rock|classic rock|country rock|folk rock|hard rock|heartland rock|mellow gold|psychedelic rock|rock|roots rock|soft rock,id,True,test
0PDCewmZCp0P5s00bptcdd,This Will Be (An Everlasting Love),Natalie Cole,Have a Great Day!,0.6949999928474426,0.7599999904632568,1,-5.440000057220459,1,0.0392999984323978,0.3269999921321869,0.0326999984681606,0.9369999766349792,125.1510009765625,adult standards|lounge|mellow gold|motown|quiet storm|soft rock|soul|vocal jazz,title+artist,True,test
1P49MJhU5vzttesFxw3dOM,Three Little Birds,Bob Marley & The Wailers,Have a Great Day!,0.8040000200271606,0.4699999988079071,9,-11.434000015258787,1,0.0579999983310699,0.016499999910593,0.0292000006884336,0.6589999794960022,148.78799438476562,reggae,title+artist,True,train
0GO8y8jQk1PkHzS31d699N,Tongue Tied,Grouplove,Have a Great Day!,0.5600000023841858,0.9359999895095824,3,-5.835000038146973,1,0.0439000017940998,0.0084699997678399,0.1609999984502792,0.3709999918937683,112.95999908447266,indie pop|indie rock|indietronica|la indie|modern alternative rock|modern rock|rock|stomp and holler,id,True,test
5ZBeML7Lf3FMEVviTyvi8l,Twist And Shout - Remastered 2009,The Beatles,Have a Great Day!,0.4819999933242798,0.8489999771118164,2,-9.197999954223633,1,0.0452000014483928,0.640999972820282,0.0414000004529953,0.9369999766349792,124.63099670410156,beatlesque|british invasion|classic rock|merseybeat|psychedelic rock|rock,id,True,train
4ePP9So5xRzspjLFVVbj90,Two Princes,Spin Doctors,Have a Great Day!,0.5429999828338623,0.9120000004768372,7,-10.710000038146973,1,0.0601000003516674,0.0016199999954551,0.0564999990165233,0.8360000252723694,103.7310028076172,alternative rock|pop rock|rock,id,True,train
11IzgLRXV7Cgek3tEgGgjw,Under Pressure - Remastered,"Queen, David Bowie",Have a Great Day!,0.4449999928474426,0.8820000290870667,2,-7.817999839782715,1,0.0527999997138977,0.1180000007152557,0.9509999752044678,0.4169999957084656,117.30699920654295,album rock|art rock|classic rock|dance rock|glam rock|permanent wave|rock,title+artist,True,train
0Hw6SCrtU9pFCjgAONpnGZ,Uptight (Everything's Alright),Stevie Wonder,Have a Great Day!,0.577,0.749,5,-3.826,0,0.0278,0.00752,0.131,0.847,134.193,funk|motown|quiet storm|soul,title+artist,True,train
4rmPQGwcLQjCoFq5NrTA0D,Uptown Funk,"Mark Ronson, Bruno Mars",Have a Great Day!,0.8500000238418579,0.6700000166893005,0,-5.327000141143799,1,0.0908000022172927,0.0097399996593594,0.0228000003844499,0.9350000023841858,115.01699829101562,dance pop|pop|pop dance,title+artist,True,train
5J0S5UgpCwlmEagrqgzvoC,Wake Me up Before You Go-Go,Wham!,Have a Great Day!,0.4460000097751617,0.5400000214576721,0,-11.16800022125244,1,0.0483000017702579,0.2529999911785126,0.0732000023126602,0.8379999995231628,81.33899688720703,dance pop|dance rock|disco|europop|new romantic|new wave|new wave pop|soft rock,title+artist,True,test
05wIrZSwuaVWhcv5FfqeH0,Walking On Sunshine,Katrina & The Waves,Have a Great Day!,0.5950000286102295,0.9430000185966492,10,-7.255000114440918,1,0.0507000014185905,0.0011099999537691,0.2230000048875808,0.9610000252723694,109.01399993896484,new wave pop,title+artist,True,test
3oVSsJXNADnYAnZWiEWFJH,What I Got,Sublime,Have a Great Day!,0.804,0.693,7,-7.47,1,0.0915,0.00876,0.314,0.654,95.721,reggae fusion|ska mexicano|ska punk,title+artist,True,train
6NdcSEhpGGAYXNnnhGS2s6,What I Like About You,The Romantics,Have a Great Day!,0.5419999957084656,0.915000021457672,9,-9.63700008392334,1,0.0549000017344951,0.3190000057220459,0.1710000038146972,0.9200000166893004,159.80999755859375,album rock|dance rock|mellow gold|new romantic|new wave|new wave pop|power pop|soft rock,id,True,test
0cx32rX0uZvcJUP92Wkj2y,Wouldn't It Be Nice - Remastered,The Beach Boys,Have a Great Day!,0.374,0.728,5,-4.76,1,0.036,0.718,0.114,0.677,125.17,baroque pop|brill building pop|classic rock|folk rock|psychedelic rock|rock|sunshine pop,title+artist,True,train
0qxYx4F3vm1AOnfux6dDxP,You Can Call Me Al,Paul Simon,Have a Great Day!,0.7760000228881836,0.7630000114440918,5,-8.12399959564209,1,0.0533999986946582,0.181999996304512,0.0769999995827674,0.8199999928474426,128.43299865722656,classic rock|folk|folk rock|mellow gold|permanent wave|rock|roots rock|singer-songwriter|soft rock,id,True,train
4YUlGNZfYA6EUE5KDsGqpC,You Can't Hurry Love,Phil Collins,Have a Great Day!,0.6200000047683716,0.9359999895095824,7,-4.5929999351501465,1,0.0307999998331069,0.0261000003665685,0.067900002002716,0.7630000114440918,97.5270004272461,mellow gold|rock drums|soft rock,title+artist,True,train
69Qa7czzqraPWZgxpQN405,You Can't Hurry Love,The Supremes,Have a Great Day!,0.63,0.711,10,-9.34,1,0.0472,0.299,0.0813,0.659,96.912,adult standards|brill building pop|classic girl group|disco|folk rock|funk|motown|quiet storm|soul,title+artist,True,test
7HX9f8AMBl0vQxAoAzLqhS,You Make My Dreams - Remastered,Daryl Hall & John Oates,Have a Great Day!,0.7490000128746033,0.4839999973773956,5,-9.944000244140623,1,0.0483999997377395,0.1299999952316284,0.0500999987125396,0.9390000104904176,167.08399963378906,album rock|classic rock|folk rock|mellow gold|rock|soft rock|yacht rock,id,True,train
714hERk9U1W8FMYkoC83CO,You Sexy Thing,Hot Chocolate,Have a Great Day!,0.7910000085830688,0.7329999804496765,5,-5.465000152587891,1,0.0632999986410141,0.5230000019073486,0.1669999957084655,0.962000012397766,105.85299682617188,classic uk pop|disco|mellow gold|motown|new wave pop|soft rock,id,True,train
6yl8Es1tCYD9WdSkeVLFw4,You Shook Me All Night Long,AC/DC,Have a Great Day!,0.5289999842643738,0.7680000066757202,7,-5.510000228881836,1,0.0566000007092952,0.0022400000598281,0.296999990940094,0.7689999938011169,127.31600189208984,album rock|australian rock|hard rock|rock,id,True,train
3INJrdTcMHfmiEJQQVb8bp,Be All W/Psalm Trees,"illiterate, Psalm Trees",Jazz Vibes,0.7149999737739563,0.3050000071525574,1,-9.756999969482422,1,0.0564999990165233,0.4059999883174896,0.1120000034570694,0.3519999980926513,79.0780029296875,,title+artist,False,test
12iqqPRu2loZsYRwhYF4J4,Blue Shades,DLJ,Jazz Vibes,0.671999990940094,0.3910000026226043,6,-11.720999717712402,1,0.0381999984383583,0.3050000071525574,0.0830999985337257,0.7260000109672546,84.01799774169922,,id,False,test
4hnhSZTKf77tZjOBjzL5BM,Both of Us,Idealism,Jazz Vibes,0.702,0.517,11,-8.148,1,0.106,0.18,0.148,0.518,84.99,chillhop|lo-fi beats,title+artist,True,train
7M8TasYtN8n4q1rQLLZkZV,Burberry,Minthaze,Jazz Vibes,0.824999988079071,0.5910000205039978,10,-11.708000183105469,0,0.0597999989986419,0.1059999987483024,0.0995000004768371,0.6570000052452087,85.052001953125,,id,False,train
2RhRYVsxMFRpLWy8gfNFLM,Cafe',SwuM,Jazz Vibes,0.746999979019165,0.4510000050067901,5,-6.809000015258789,1,0.0571999996900558,0.9319999814033508,0.1209999993443489,0.0907000005245208,140.05999755859375,chillhop|lo-fi beats,id,True,train
76dQmgeff8h9gt4fqkTpzL,Cold,Phlocalyst,Jazz Vibes,0.949999988079071,0.2960000038146972,0,-15.64799976348877,0,0.1560000032186508,0.8809999823570251,0.1049999967217445,0.3470000028610229,119.97699737548828,,id,False,train
5fh0FBD9PhkRFKtFoAeOqJ,Cushty,Ajmw,Jazz Vibes,0.7559999823570251,0.2349999994039535,9,-11.746000289916992,1,0.270000010728836,0.164000004529953,0.1280000060796737,0.2800000011920929,83.96900177001953,,id,False,train
1sEP52YF4wX2tgnSZ71yp8,Dreams,Bluedoom,Jazz Vibes,0.7059999704360962,0.2660000026226043,1,-18.59499931335449,1,0.0438000001013278,0.8429999947547913,0.1770000010728836,0.5370000004768372,160.05099487304688,lo-fi beats,id,True,train
7EExHTWWXsZxhugGaGGh1O,Fondue,Dweeb,Jazz Vibes,0.4589999914169311,0.3199999928474426,1,-13.715999603271484,1,0.0310999993234872,0.4930000007152557,0.1070000007748603,0.2610000073909759,83.61499786376953,,id,False,train
2xWavyjB5Nif5Cy8lRLX4Q,Fuji.,SwuM,Jazz Vibes,0.5640000104904175,0.9010000228881836,9,-4.014999866485596,0,0.0526000000536441,0.7179999947547913,0.1509999930858612,0.6740000247955322,150.02699279785156,chillhop|lo-fi beats,id,True,train
0DvqAXyoA7zRB8wgH0DjRO,Ji-Eun's Sunset,City Girl,Jazz Vibes,0.930999994277954,0.5170000195503235,4,-8.47599983215332,1,0.1049999967217445,0.092299997806549,0.1140000000596046,0.1710000038146972,118.02100372314452,pop|scam rap|trap queen,id,True,train
3ZkLNpIhQdcGjgnOmTBuQk,Long Way Back,GurtyBeats,Jazz Vibes,0.7149999737739563,0.3210000097751617,11,-11.62600040435791,0,0.0399999991059303,0.3959999978542328,0.0802000015974044,0.4169999957084656,88.00599670410156,,id,False,train
7o2SgrTlLry8e0pHJrdqQ5,My Sunshine,Kavv,Jazz Vibes,0.6949999928474426,0.1850000023841858,5,-10.310999870300291,0,0.0710000023245811,0.9330000281333924,0.1110000014305114,0.9319999814033508,144.36000061035156,,id,False,train
7g8bV34txWCZXNaP5d9QZI,Sleepy,Allem Iversom,Jazz Vibes,0.6019999980926514,0.2549999952316284,0,-20.23500061035156,1,0.1270000040531158,0.9559999704360962,0.1089999973773956,0.550000011920929,80.01399993896484,,id,False,train
4F404JhcrIdDzcEcoLDVE1,Spare Me,Es-K,Jazz Vibes,0.8989999890327454,0.4350000023841858,4,-6.144000053405762,0,0.0839999988675117,0.1180000007152557,0.578000009059906,0.3849999904632568,90.02300262451172,,id,False,test
06bGEmVqy2qwKINAuTWg7H,Sunflower Dance,Trog'low,Jazz Vibes,0.8220000267028809,0.5730000138282776,5,-9.32900047302246,0,0.0504000000655651,0.0644000023603439,0.1599999964237213,0.625,95.02300262451172,,id,False,train
5OKgyc1OfqROj71TLub4xH,Uuuuu,Allem Iversom,Jazz Vibes,0.6359999775886536,0.221000000834465,5,-16.2810001373291,1,0.4050000011920929,0.8769999742507935,0.1120000034570694,0.7409999966621399,85.17900085449219,,id,False,train
5VmL8CrjM82tIGWwum8Cbo,Venice,Gyvus,Jazz Vibes,0.8809999823570251,0.5609999895095825,8,-7.35099983215332,1,0.1389999985694885,0.3330000042915344,0.1480000019073486,0.8009999990463257,95.01100158691406,,id,False,train
565G5uNsmYHxSBmN0mAJy2,Very,Bertholet,Jazz Vibes,0.6949999928474426,0.2290000021457672,6,-13.633999824523926,0,0.2039999961853027,0.1299999952316284,0.2529999911785126,0.6740000247955322,84.91600036621094,,id,False,train
1iYsdRCc27bfKPmZIcqOSG,Vicuña,"Allem Iversom, goosetaf",Jazz Vibes,0.5099999904632568,0.3339999914169311,7,-10.065999984741213,0,0.0472999997437,0.8799999952316284,0.0966999977827072,0.5170000195503235,134.03399658203125,,id,False,train
4PmOPpqjHmvzcGpMivbnEl,Westside,Guru Griff,Jazz Vibes,0.7210000157356262,0.5590000152587891,1,-8.281000137329102,0,0.0326999984681606,0.9100000262260436,0.1080000028014183,0.2560000121593475,96.0270004272461,,id,False,test
3fVGdhLSoJSZzrP2EISemI,get warmer,BROCKBEATS,Jazz Vibes,0.7879999876022339,0.4379999935626983,9,-12.123000144958496,1,0.5049999952316284,0.8759999871253967,0.1860000044107437,0.5550000071525574,96.63500213623048,,id,False,train
4DXYgyfzAnjdoarE1k33SZ,hennies & beanies,mommy,Jazz Vibes,0.8550000190734863,0.248999997973442,6,-15.315999984741213,0,0.2240000069141388,0.9430000185966492,0.1030000001192092,0.2060000002384185,69.9219970703125,chillhop|lo-fi beats,id,True,train
1ooECEXRjGooxm3U3NZ5yp,one,Slim.,Jazz Vibes,0.847000002861023,0.6060000061988831,5,-10.095999717712402,0,0.0885000005364418,0.1500000059604644,0.1129999980330467,0.8489999771118164,90.02300262451172,,title+artist,False,train
0cZcOtDqLaavK7LowhTBsa,sunny,"j'san, Pandrezz",Jazz Vibes,0.8109999895095825,0.4289999902248382,0,-11.503000259399414,1,0.0789000019431114,0.4679999947547912,0.1089999973773956,0.6460000276565552,138.02699279785156,lo-fi beats,id,True,train
2lN0R35eOsdqBnFaQ5k0rM,take me there,"potsu, Chance Thrash",Jazz Vibes,0.6919999718666077,0.4480000138282776,0,-13.416999816894531,1,0.0285999998450279,0.7720000147819519,0.3470000028610229,0.5329999923706055,102.01300048828124,japanese chillhop|lo-fi beats,id,True,train
2pZi2b9U8r20AF0Cf3hi2D,thinking of you,"mommy, Philanthrope, Kyle McEvoy",Jazz Vibes,0.796999990940094,0.0832000002264976,11,-12.67300033569336,1,0.2029999941587448,0.4839999973773956,0.238999992609024,0.5099999904632568,160.04800415039062,chillhop|lo-fi beats|neo-classical,id,True,test
2gFvRmQiWg9fN9i74Q0aiw,24K Magic,Bruno Mars,Kitchen Swagger,0.764,0.708,5,-5.692,0,0.21,0.146,0.33,0.566,106.175,dance pop|pop,title+artist,True,train
49eAIPivcw5idA57ZWnp5h,7 Days,Craig David,Kitchen Swagger,0.6439999938011169,0.8429999947547913,4,-6.247000217437744,0,0.0511999987065792,0.2610000073909759,0.0947000011801719,0.8820000290870667,83.02400207519531,british soul|dance pop|pop dance|pop rap|r&b|tropical house|urban contemporary,id,True,train
3trS6e40JCVUOpPVt5OdHj,Adorn,Miguel,Kitchen Swagger,0.625,0.5759999752044678,11,-5.692999839782715,0,0.1749999970197677,0.0542999990284442,0.1870000064373016,0.2349999994039535,179.06300354003906,dance pop|pop|r&b|urban contemporary,id,True,test
6l4TNbfPtNAOOlGIfceSaO,Ascension (Don't Ever Wonder),Maxwell,Kitchen Swagger,0.7620000243186951,0.4589999914169311,0,-10.307000160217283,1,0.0379000008106231,0.1110000014305114,0.1469999998807907,0.7490000128746033,96.06900024414062,dance pop|funk|hip pop|neo soul|new jack swing|quiet storm|r&b|soul|urban contemporary,id,True,train
4iLqG9SeJSnt0cSPICSjxv,Attention,Charlie Puth,Kitchen Swagger,0.7739999890327454,0.6259999871253967,3,-4.432000160217285,0,0.0432000011205673,0.096900001168251,0.0847999975085258,0.7770000100135803,100.04100036621094,dance pop|pop|post-teen pop|viral pop,id,True,train
3FQdtOMXdfDcDDjY1OHAqz,Back To Sleep,Chris Brown,Kitchen Swagger,0.6399999856948853,0.6389999985694885,9,-5.4730000495910645,0,0.2199999988079071,0.0439999997615814,0.0905999988317489,0.7020000219345093,92.93599700927734,dance pop|pop|pop rap|r&b|rap,id,True,train
4c60yLpE5lXvICT0pyEaZ5,Better Give U Up,FKJ,Kitchen Swagger,0.5249999761581421,0.7200000286102295,11,-6.915999889373779,0,0.1689999997615814,0.1759999990463256,0.0768999978899955,0.4830000102519989,91.70800018310548,filter house|indie soul,id,True,train
6RsWqX8zABZLhZydXxEFOm,Can't Feel My Face,The Weeknd,Kitchen Swagger,0.7020000219345093,0.7699999809265137,9,-5.415999889373779,0,0.048200000077486,0.123999997973442,0.1030000001192092,0.5929999947547913,107.95099639892578,canadian contemporary r&b|canadian pop|pop,id,True,train
0mBKv9DkYfQHjdMcw2jdyI,Chunky,Bruno Mars,Kitchen Swagger,0.5709999799728394,0.5389999747276306,5,-4.446000099182129,0,0.1159999966621398,0.0208000000566244,0.125,0.7269999980926514,202.10299682617188,dance pop|pop,id,True,train
7L7KnCltNM8yXWs3ozuUY1,Dang! (feat. Anderson .Paak),"Mac Miller, Anderson .Paak",Kitchen Swagger,0.8360000252723694,0.6700000166893005,5,-6.9070000648498535,0,0.2300000041723251,0.0082599995657801,0.0837000012397766,0.5559999942779541,107.01799774169922,escape room|hip hop|pittsburgh rap|pop rap|rap,id,True,train
5CuQUbas6KGKtHCZfNG7wY,"December, 1963 (Oh What A Night!) - 2007 Remastered Version",Frankie Valli & The Four Seasons,Kitchen Swagger,0.7369999885559082,0.4950000047683716,1,-13.48900032043457,1,0.0270000007003545,0.0588000006973743,0.0542000010609626,0.9670000076293944,104.40899658203124,adult standards|brill building pop|bubblegum pop|doo-wop|folk rock|lounge|motown|northern soul|rock-and-roll,title+artist,True,train
7tsRp7QKUBp6hc9bth0h7x,Don't Walk Away,Jade,Kitchen Swagger,0.8309999704360962,0.915000021457672,10,-7.500999927520752,0,0.1280000060796737,0.1469999998807907,0.1959999948740005,0.8809999823570251,102.97899627685548,hip hop|rap,id,True,train
2Uu8IiLkLY0UXhCHka4Dlr,Doo Wop (That Thing),Ms. Lauryn Hill,Kitchen Swagger,0.5350000262260437,0.5049999952316284,2,-8.925999641418457,0,0.2450000047683715,0.0392999984323978,0.092299997806549,0.4950000047683716,99.93499755859376,conscious hip hop|dance pop|hip pop|neo soul|new jersey rap|r&b|urban contemporary,id,True,train
6SaeXxdt0Id6ZzmX0ZGTQK,"Fastlove, Pt. 1",George Michael,Kitchen Swagger,0.7599999904632568,0.640999972820282,7,-7.172999858856201,0,0.0590999983251094,0.0368000008165836,0.2520000040531158,0.5839999914169312,103.6780014038086,dance rock|new wave pop|soft rock,title+artist,True,train
0uII79GWhvmTIvruhfIXlf,Fool to Love,Nao,Kitchen Swagger,0.5419999957084656,0.5580000281333923,11,-6.65399980545044,0,0.2619999945163727,0.2649999856948852,0.1169999986886978,0.7580000162124634,94.11000061035156,vapor pop,id,True,train
30oTS7bm0aH3p7lqjEIu8q,Full Clip,Gang Starr,Kitchen Swagger,0.875,0.7450000047683716,1,-5.877999782562256,1,0.2689999938011169,0.0227000005543231,0.2870000004768371,0.7490000128746033,95.20099639892578,alternative hip hop|conscious hip hop|east coast hip hop|gangster rap|hardcore hip hop|hip hop|rap,id,True,train
5AIA8TpGhuilLpHbA6c1bq,Georgy Porgy (feat. Faith Evans),"Eric Benét, Faith Evans, Kevin ""K.D."" Davis",Kitchen Swagger,0.7279999852180481,0.6359999775886536,11,-7.0329999923706055,0,0.1710000038146972,0.0067699998617172,0.2960000038146972,0.8209999799728394,96.51200103759766,dance pop|hip hop|hip pop|neo soul|new jack swing|quiet storm|r&b|urban contemporary,id,True,train
2NHyfIeUIRucBcHhErA3pN,Get Down Saturday Night,Oliver Cheatham,Kitchen Swagger,0.865,0.611,11,-11.571,0,0.0573,0.226,0.0572,0.963,116.545,post-disco,title+artist,True,test
0weAUscowxeqDtpCgtbpgp,Gettin' Jiggy Wit It,Will Smith,Kitchen Swagger,0.8809999823570251,0.8740000128746033,6,-4.505000114440918,1,0.1389999985694885,0.0175000000745058,0.1539999991655349,0.8579999804496765,107.89099884033205,afrofuturism|dance pop|electropop|pop|post-teen pop,id,True,train
7IQMKJNcppgahjNWVPmxkl,Give Me The Night - Edit,George Benson,Kitchen Swagger,0.8669999837875366,0.7900000214576721,1,-5.423999786376953,1,0.05180000141263,0.3429999947547912,0.2450000047683715,0.8140000104904175,110.0479965209961,adult standards|disco|jazz funk|jazz guitar|motown|quiet storm|smooth jazz|soft rock|soul|soul jazz|yacht rock,id,True,train
6jUyYHDikmw9WltPojSR37,Got 'Til It's Gone,"Janet Jackson, Q-Tip, Joni Mitchell",Kitchen Swagger,0.7889999747276306,0.4129999876022339,7,-7.51800012588501,1,0.2440000027418136,0.0222999993711709,0.3000000119209289,0.5180000066757202,89.91100311279297,alternative hip hop|canadian singer-songwriter|dance pop|east coast hip hop|folk|folk rock|hardcore hip hop|hip hop|hip pop|lilith|mellow gold|neo soul|new jack swing|pop rock|queens hip hop|r&b|rock|singer-songwriter|traditional folk|urban contemporary,id,True,test
1rfofaqEpACxVEHIZBJe6W,Havana,"Camila Cabello, Young Thug",Kitchen Swagger,0.7649999856948853,0.5230000019073486,2,-4.333000183105469,1,0.0299999993294477,0.1840000003576278,0.1319999992847442,0.3939999938011169,104.98799896240234,atl hip hop|atl trap|dance pop|gangster rap|melodic rap|pop|pop dance|pop rap|post-teen pop|rap|trap,id,True,train
7f1Dmr246cJ9uQYdbplTbh,He Wasn't Man Enough,Toni Braxton,Kitchen Swagger,0.7390000224113464,0.9470000267028807,11,-1.9149999618530276,0,0.0412000007927417,0.0094699999317526,0.3260000050067901,0.7630000114440918,88.00900268554688,dance pop|hip pop|neo soul|new jack swing|quiet storm|r&b|urban contemporary,id,True,test
7hrUma6oSEaVwnlwkQa7XB,Holding On,"Gregory Porter, Kem",Kitchen Swagger,0.486,0.35,8,-7.873,1,0.0776,0.148,0.0696,0.124,195.72,neo soul|new jack swing|quiet storm|r&b|soul|urban contemporary,title+artist,True,train
1HibhNhwk2tljwC4BGGLXV,I Can't Help It,Michael Jackson,Kitchen Swagger,0.6840000152587891,0.3939999938011169,5,-19.075000762939453,0,0.0908000022172927,0.7039999961853027,0.1780000030994415,0.4289999902248382,100.06800079345705,pop|r&b|soul,id,True,test
3lh3iiiJeiBXHSZw6u0kh6,Into The Mystic,Van Morrison,Kitchen Swagger,0.6079999804496765,0.5239999890327454,8,-10.265999794006348,1,0.0308999996632337,0.367000013589859,0.1150000020861625,0.796999990940094,86.2040023803711,classic rock|folk|folk rock|mellow gold|rock|roots rock|singer-songwriter|soft rock,id,True,train
0p92TJPcRHCbcSk3wCwWBz,It Runs Through Me,"Tom Misch, De La Soul",Kitchen Swagger,0.802,0.607,11,-11.028,0,0.289,0.205,0.246,0.274,96.916,alternative hip hop|east coast hip hop|hardcore hip hop|hip hop|indie soul|jazz pop|jazz rap|rap,title+artist,True,train
2hn1lerQkPC6fOI0QFjr8r,Juicy Fruit,Mtume,Kitchen Swagger,0.8799999952316284,0.5270000100135803,4,-8.121999740600586,1,0.1330000013113021,0.1500000059604644,0.0287999995052814,0.7889999747276306,96.86299896240234,disco|electro|funk|new jack swing|post-disco|quiet storm|urban contemporary,id,True,train
2S3osqN6ruuoAg1kUvf7u4,Let's Get Lifted,John Legend,Kitchen Swagger,0.5600000023841858,0.7099999785423279,0,-8.270000457763672,1,0.0458000004291534,0.1889999955892563,0.6970000267028809,0.4979999959468841,87.00399780273438,neo soul|pop|pop soul|r&b|urban contemporary,id,True,train
7wvYmO5QscgIDDT0eNwbYX,Lost In Japan,Shawn Mendes,Kitchen Swagger,0.7070000171661377,0.8259999752044678,7,-6.4079999923706055,0,0.2380000054836273,0.0984999984502792,0.3310000002384186,0.2949999868869781,107.12799835205078,canadian pop|dance pop|pop|post-teen pop|viral pop,title+artist,True,train
1z6WtY7X4HQJvzxC4UgkSf,Love On Top,Beyoncé,Kitchen Swagger,0.6520000100135803,0.7480000257492065,0,-5.242000102996826,1,0.088699996471405,0.0848999992012977,0.6039999723434448,0.6520000100135803,94.0999984741211,dance pop|pop|post-teen pop|r&b,id,True,test
0nlZjTPzW6S9JIESuGfImT,Lowdown - Edit,Boz Scaggs,Kitchen Swagger,0.6620000004768372,0.7879999876022339,11,-5.544000148773193,0,0.0635000020265579,0.0812000036239624,0.0351000018417835,0.9290000200271606,116.4990005493164,adult standards|album rock|art rock|classic rock|classic uk pop|country rock|folk|folk rock|mellow gold|singer-songwriter|soft rock|yacht rock,id,True,test
7KkuctUqjeSusfbhKOAlvn,Morning Sun,Robin Thicke,Kitchen Swagger,0.5509999990463257,0.9539999961853028,1,-5.515999794006348,0,0.0419000014662742,0.1129999980330467,0.1909999996423721,0.9639999866485596,171.97500610351562,dance pop|hip pop|neo soul|pop dance|r&b|urban contemporary,title+artist,True,test
0VEoxxvR26zfJvjUC8k1tt,My Jamaican Guy,Grace Jones,Kitchen Swagger,0.8460000157356262,0.8859999775886536,7,-8.355999946594238,1,0.1030000001192092,0.2189999967813491,0.3210000097751617,0.5619999766349792,92.1500015258789,art rock|dance pop|dance rock|disco|electronica|new romantic|new wave pop,title+artist,True,train
4l2ecMeHvDg2Y9OOkqfucN,No Diggity,"Blackstreet, Dr. Dre, Queen Pen",Kitchen Swagger,0.8650000095367432,0.6499999761581421,1,-4.617000102996826,0,0.2070000022649765,0.3240000009536743,0.1330000013113021,0.7149999737739563,88.66300201416016,boy band|dance pop|g funk|gangster rap|hip hop|hip pop|lgbtq+ hip hop|neo soul|new jack swing|pop rap|quiet storm|r&b|rap|urban contemporary|west coast rap,id,True,test
2H881m3JRA8lpuuwaQL6zy,No Fear,DeJ Loaf,Kitchen Swagger,0.6140000224113464,0.6819999814033508,11,-4.117000102996826,0,0.1019999980926513,0.3869999945163727,0.1340000033378601,0.5659999847412109,100.2020034790039,detroit hip hop|pop r&b|pop rap|rap|trap|trap queen,id,True,train
1KGi9sZVMeszgZOWivFpxs,No Scrubs,TLC,Kitchen Swagger,0.7429999709129333,0.675000011920929,8,-4.267000198364258,0,0.0952999964356422,0.0251000002026557,0.0684999972581863,0.5899999737739563,92.90899658203124,atl hip hop|dance pop|girl group|hip hop|hip pop|new jack swing|pop|pop rap|r&b|urban contemporary,id,True,train
0JoaFxLgrqbWutREzcZBzS,One Dance,"Drake, WizKid, Kyla",Kitchen Swagger,0.7710000276565552,0.6290000081062317,1,-5.789999961853027,1,0.0511000007390975,0.0080199996009469,0.356000006198883,0.3619999885559082,103.91799926757812,afro dancehall|afropop|azonto|canadian hip hop|canadian pop|hip hop|nigerian hip hop|nigerian pop|pop rap|rap|toronto rap|uk funky,id,True,train
4bCqxEfZ0i6Oz6I0hpfM7a,Penthouse Floor,"John Legend, Chance the Rapper",Kitchen Swagger,0.6710000038146973,0.7419999837875366,10,-4.76800012588501,0,0.3680000007152557,0.4510000050067901,0.101000003516674,0.7670000195503235,89.83499908447266,chicago rap|conscious hip hop|hip hop|neo soul|pop|pop rap|pop soul|r&b|rap|urban contemporary,title+artist,True,train
7tUEDtHchueeUJTfEFEhii,Right Here - Human Nature Radio Mix,"SWV, Teddy Riley, Franklyn Grant, Allen Gordon, Jr.",Kitchen Swagger,0.6150000095367432,0.7200000286102295,9,-5.159999847412109,0,0.0658000037074089,0.0680000036954879,0.0888999998569488,0.6959999799728394,94.0019989013672,dance pop|girl group|hip hop|hip pop|neo soul|new jack swing|quiet storm|r&b|urban contemporary,id,True,train
0RgcOUQg4qYAEt9RIdf3oB,Shining Star,"Earth, Wind & Fire",Kitchen Swagger,0.6759999990463257,0.6919999718666077,9,-13.093000411987305,1,0.0520000010728836,0.6679999828338623,0.1299999952316284,0.7990000247955322,102.51599884033205,disco|funk|jazz funk|motown|quiet storm|soul,id,True,train
4YLtrBhzjsI2LT6ybXQHeD,SoulMate,Justin Timberlake,Kitchen Swagger,0.7649999856948853,0.7839999794960022,7,-5.215000152587891,0,0.0487999990582466,0.0221999995410442,0.1870000064373016,0.4490000009536743,109.95600128173828,dance pop|pop,id,True,train
60Pjyla2BNnWzWxNXxGa4u,Sumthin' Sumthin',Maxwell,Kitchen Swagger,0.7960000038146973,0.5370000004768372,10,-9.383000373840332,0,0.0750999972224235,0.4449999928474426,0.0861999988555908,0.8569999933242798,97.88600158691406,dance pop|funk|hip pop|neo soul|new jack swing|quiet storm|r&b|soul|urban contemporary,id,True,train
0jGVEPscW8KmqktoHqv2Pa,Sunrise,Simply Red,Kitchen Swagger,0.7879999876022339,0.7279999852180481,5,-5.123000144958496,0,0.0295000001788139,0.0032500000670552,0.0979000031948089,0.9359999895095824,105.98300170898438,british soul|dance rock|mellow gold|new romantic|new wave|new wave pop|soft rock|sophisti-pop,id,True,train
2lp8xjq0WTm3HZKHuDEweg,Tell Me,Groove Theory,Kitchen Swagger,0.800000011920929,0.3610000014305115,6,-10.848999977111816,0,0.0635000020265579,0.0355000011622905,0.0667999982833862,0.8870000243186951,93.05899810791016,neo soul|new jack swing|r&b|urban contemporary,id,True,train
29rQJydAlO0uMyWvRIZxQg,That's The Way Love Goes,Janet Jackson,Kitchen Swagger,0.703000009059906,0.699999988079071,5,-6.789000034332275,1,0.069300003349781,0.3019999861717224,0.0718000009655952,0.5820000171661377,97.6750030517578,dance pop|hip pop|neo soul|new jack swing|r&b|urban contemporary,id,True,train
1kjE7MK5gghRtzB9Z98UgS,Thinking Of You - Dimitri From Paris Remix,Sister Sledge,Kitchen Swagger,0.6610000133514404,0.8460000157356262,5,-8.869000434875488,1,0.0467000007629394,0.1289999932050705,0.0355000011622905,0.9110000133514404,101.06800079345705,dance pop|disco|disco house|funk|philly soul|post-disco|quiet storm|soul,title+artist,True,train
0FZTAm6OyJoAzAtLAsH0f9,Turnin' Me Up,BJ The Chicago Kid,Kitchen Swagger,0.722000002861023,0.7889999747276306,9,-4.363999843597412,1,0.0966999977827072,0.0372000001370906,0.0551000013947486,0.8190000057220459,78.50399780273438,alternative r&b|chicago rap|hip hop|indie soul|neo soul|rap|underground hip hop,id,True,train
2QsZVnbWVSjKMXK6K3uRBL,U Remind Me,Usher,Kitchen Swagger,0.6570000052452087,0.6290000081062317,6,-4.938000202178955,1,0.0781999975442886,0.1940000057220459,0.2540000081062317,0.7260000109672546,93.98500061035156,atl hip hop|dance pop|pop|r&b|south carolina hip hop|urban contemporary,id,True,train
1879aiUSpb1qNoiwtQA2XH,Valerie - BBC Radio 1 Live Lounge,Amy Winehouse,Kitchen Swagger,0.772,0.371,5,-5.743,0,0.0348,0.744,0.167,0.684,96.574,british soul|neo soul,title+artist,True,train
5ewa79Xg31HDefmPUpZX0Y,Video,India.Arie,Kitchen Swagger,0.6520000100135803,0.6039999723434448,9,-8.765999794006348,0,0.2269999980926513,0.1110000014305114,0.0408999994397163,0.675000011920929,170.0030059814453,neo soul|r&b|urban contemporary,id,True,train
3qEqxHQFSR6aFH0GKkWKrm,Wait For It,Usher,Kitchen Swagger,0.5139999985694885,0.7419999837875366,1,-6.754000186920166,1,0.1089999973773956,0.0467000007629394,0.1459999978542328,0.4779999852180481,183.97900390625,atl hip hop|dance pop|pop|r&b|south carolina hip hop|urban contemporary,id,True,test
1OAh8uOEOvTDqkKFsKksCi,Wild Thoughts (feat. Rihanna & Bryson Tiller),"DJ Khaled, Rihanna, Bryson Tiller",Kitchen Swagger,0.6129999756813049,0.6809999942779541,8,-3.08899998664856,1,0.0777999982237815,0.0286999996751546,0.1260000020265579,0.6190000176429749,97.62100219726562,barbadian pop|dance pop|hip hop|kentucky hip hop|miami hip hop|pop|pop dance|pop rap|post-teen pop|r&b|rap|southern hip hop|trap|urban contemporary,title+artist,True,train
3tZm76otWH20xzJC7icHCk,Wish I Didn't Miss You,Angie Stone,Kitchen Swagger,0.8560000061988831,0.7549999952316284,10,-5.690999984741211,1,0.0331000015139579,0.3549999892711639,0.1449999958276748,0.8420000076293945,123.88300323486328,neo soul|r&b|soul|urban contemporary,id,True,train
6CZd52tAm2Cms0px3idmoc,Work To Do,The Isley Brothers,Kitchen Swagger,0.6940000057220459,0.8539999723434448,11,-6.9079999923706055,1,0.0388999991118907,0.367000013589859,0.0768999978899955,0.9359999895095824,85.42900085449219,classic soul|disco|funk|motown|quiet storm|soul|southern soul,id,True,test
4oY2T9ur7Ll5b2kpBlcWcb,You Rock My World - Radio Edit,Michael Jackson,Kitchen Swagger,0.8539999723434448,0.6729999780654907,4,-3.131999969482422,0,0.1850000023841858,0.0379999987781047,0.2549999952316284,0.9549999833106996,95.0,pop|r&b|soul,title+artist,True,train
5HQVUIKwCEXpe7JIHyY734,"Young, Wild & Free (feat. Bruno Mars)","Snoop Dogg, Wiz Khalifa, Bruno Mars",Kitchen Swagger,0.7149999737739563,0.6549999713897705,0,-6.425000190734863,1,0.1369999945163726,0.0524999983608722,0.1150000020861625,0.531000018119812,95.0780029296875,dance pop|g funk|gangster rap|hip hop|pittsburgh rap|pop|pop rap|rap|southern hip hop|trap|west coast rap,id,True,train
7mI6NO3335mJVslnOYk3bd,Angela,Flower Face,Sad Vibe,0.49,0.126,1,-13.868,1,0.0327,0.926,0.0992,0.102,99.892,,title+artist,False,train
7FkqUFCdjJkQaDbQ4kMUGi,Brave,Hovvdy,Sad Vibe,0.5659999847412109,0.2739999890327453,10,-13.39900016784668,0,0.0337000004947185,0.9399999976158142,0.1159999966621398,0.1829999983310699,117.09200286865234,,title+artist,False,train
4gOVFFVh89lRkWuCdrL9lP,Coffee,beabadoobee,Sad Vibe,0.532,0.137,9,-18.208,1,0.0717,0.982,0.112,0.301,118.734,bedroom pop|bubblegrunge|indie pop,title+artist,True,train
6XsOKOYMn4mGyzdRRFQVXp,Dear,Cavetown,Sad Vibe,0.460999995470047,0.2419999986886978,7,-7.436999797821045,1,0.0291000008583068,0.7929999828338623,0.7160000205039978,0.1480000019073486,70.66100311279297,bedroom pop|indie pop,title+artist,True,train
2XkkSM1CCpY1ljqohN5ldg,Drunk Text Romance,Cyberbully Mom Club,Sad Vibe,0.5040000081062317,0.1620000004768371,7,-18.266000747680664,1,0.0821999981999397,0.925000011920929,0.1280000060796737,0.1850000023841858,111.86100006103516,,id,False,train
0SCtV9YQhnsY0m277xlmxg,Go,Yowler,Sad Vibe,0.5120000243186951,0.1190000027418136,5,-13.355999946594238,1,0.0288999993354082,0.9160000085830688,0.0995000004768371,0.1990000009536743,97.58999633789062,,title+artist,False,test
11uegai5EDWOoCyQNfr3Ig,Home Alone,beabadoobee,Sad Vibe,0.4819999933242798,0.1580000072717666,1,-12.85200023651123,1,0.0348999984562397,0.9919999837875366,0.1000000014901161,0.0789000019431114,119.41200256347656,bedroom pop|bubblegrunge|indie pop,title+artist,True,train
6ZLt6fyonW1xOGMBC9vJPJ,How To Never Stop Being Sad,dandelion hands,Sad Vibe,0.414000004529953,0.2450000047683715,7,-17.929000854492188,1,0.0428999997675418,0.9520000219345092,0.1040000021457672,0.1319999992847442,97.23600006103516,indie pop|lo-fi beats|lo-fi emo|lo-fi indie,id,True,train
5fwayRiGFLBLacew9DCi09,Just how I love you,Tyler Burkhart,Sad Vibe,0.6510000228881836,0.1599999964237213,4,-19.38999938964844,1,0.0353999994695186,0.7960000038146973,0.0930999964475631,0.0542000010609626,119.9990005493164,,id,False,train
2LY95oBAiaHzWkqKjEwvOT,Lonely,dandelion hands,Sad Vibe,0.2450000047683715,0.0454000011086463,7,-22.70599937438965,1,0.032999999821186,0.977999985218048,0.356000006198883,0.0896999984979629,78.06199645996094,indie pop|lo-fi beats|lo-fi emo|lo-fi indie,id,True,test
4PMvRfhHAx5j6Bb3XsFLoq,Lua,Bright Eyes,Sad Vibe,0.6340000033378601,0.1560000032186508,2,-17.024999618530273,1,0.0812999978661537,0.8109999895095825,0.089599996805191,0.2989999949932098,107.02300262451172,indie folk|indie pop|indie rock|melancholia|omaha indie|stomp and holler,title+artist,True,train
6Cp1LNb26iMtPT7JTtEZyD,Our Way to Fall,Yo La Tengo,Sad Vibe,0.5640000104904175,0.2370000034570694,0,-14.652999877929688,1,0.0320000015199184,0.7179999947547913,0.0967999994754791,0.5609999895095825,78.28199768066406,alternative rock|anti-folk|art pop|dream pop|freak folk|indie pop|indie rock|lo-fi|new jersey indie|permanent wave|rock,title+artist,True,train
42H6GeQfrBkT3vTUTdpB1M,Please Never Fall in Love Again,Ollie MN,Sad Vibe,0.6460000276565552,0.0828000009059906,10,-16.204999923706055,1,0.0434999987483024,0.8379999995231628,0.0934000015258789,0.2930000126361847,108.82599639892578,indie pop,id,True,train
71WzoGZcDWzrKZqSkiY3Tz,Pretend,Hovvdy,Sad Vibe,0.4830000102519989,0.5879999995231628,11,-7.184999942779541,1,0.0258000008761882,0.1720000058412552,0.1089999973773956,0.621999979019165,92.71099853515624,,title+artist,False,train
4hjbxjZpJ8H6qRCzDOGI0M,Sick of Losing Soulmates,dodie,Sad Vibe,0.492000013589859,0.2360000014305114,2,-17.224000930786133,1,0.0359000004827976,0.7229999899864197,0.3510000109672546,0.1509999930858612,75.10199737548828,indie cafe pop|indie pop|pop,id,True,train
2OI2coyCw5AFApgOOjS906,The Moon Song,"beabadoobee, pig",Sad Vibe,0.4050000011920929,0.0854000002145767,0,-15.48799991607666,1,0.0335999988019466,0.9679999947547911,0.1389999985694885,0.1480000019073486,93.76799774169922,bedroom pop|bubblegrunge|indie pop,title+artist,True,train
3PL8DRk4DgUuftK9I5hi41,Wendy,Richie Woods,Sad Vibe,0.3910000026226043,0.4189999997615814,1,-11.111000061035156,1,0.0340999998152256,0.9940000176429749,0.3619999885559082,0.1040000021457672,115.3759994506836,,id,False,test
2vqmpOXimiT8mSXeQrFZnB,feelings are fatal,mxmtoon,Sad Vibe,0.5149999856948853,0.125,0,-16.5939998626709,1,0.0653999969363212,0.9769999980926514,0.1379999965429306,0.4129999876022339,129.81500244140625,bedroom pop|indie pop|pop,title+artist,True,train
00qHRkAlOCsjbs8N4hBUH5,i feel like chet,mxmtoon,Sad Vibe,0.6629999876022339,0.3759999871253967,8,-11.194000244140623,0,0.1340000033378601,0.5849999785423279,0.1309999972581863,0.4329999983310699,145.09100341796875,bedroom pop|indie pop|pop,title+artist,True,train
1cbK4d4bGNnySP1wF5YQFy,please don't,mxmtoon,Sad Vibe,0.6600000262260437,0.1040000021457672,0,-16.83799934387207,1,0.0397999994456768,0.975000023841858,0.0793000012636184,0.3339999914169311,143.57400512695312,bedroom pop|indie pop|pop,title+artist,True,test
0csJRWvMxC2lDLX1QiqILR,temporary nothing,mxmtoon,Sad Vibe,0.7940000295639038,0.3429999947547912,1,-11.427000045776367,1,0.1220000013709068,0.3980000019073486,0.1049999967217445,0.6159999966621399,88.00499725341797,bedroom pop|indie pop|pop,title+artist,True,train
2GjOk5EmK3njFZPx0aXtm4,2nd Win,Kierra Sheard,Spread the Gospel,0.4850000143051147,0.8669999837875366,10,-4.936999797821045,0,0.2240000069141388,0.0538999997079372,0.1270000040531158,0.8450000286102295,85.55000305175781,gospel|gospel r&b,id,True,train
29RRapHwQNANgAdwc6HuPE,All of My Help,Geoffrey Golden,Spread the Gospel,0.3129999935626983,0.8429999947547913,5,-4.868000030517578,1,0.3019999861717224,0.0208000000566244,0.4650000035762787,0.3510000109672546,160.27499389648438,,id,False,train
1XGD06MU8Ds1O0J9mjo2yn,Beyond The Veil - Beyond The Veil Album Version,Daryl Coley,Spread the Gospel,0.3429999947547912,0.3160000145435333,8,-10.43000030517578,1,0.0310999993234872,0.5299999713897705,0.0784000009298324,0.0947000011801719,128.47500610351562,gospel,id,True,train
075OkOIwlKjkMJxkfB36pt,Blessin Me,Avery*Sunshine,Spread the Gospel,0.2860000133514404,0.7609999775886536,5,-4.793000221252441,1,0.1080000028014183,0.3079999983310699,0.3549999892711639,0.3289999961853027,159.16000366210938,,id,False,train
1yJQVmWI7KuCbVtG4jgysG,By Myself,Deon Kipping,Spread the Gospel,0.5,0.6019999980926514,9,-5.03000020980835,1,0.0285999998450279,0.0810000002384185,0.3400000035762787,0.2399999946355819,116.13600158691406,,id,False,train
14iF9JDX0AOxkoa8BL2WYB,Change Me,Tamela Mann,Spread the Gospel,0.3289999961853027,0.5569999814033508,6,-6.952000141143799,1,0.0432999990880489,0.0452999994158744,0.1659999936819076,0.2179999947547912,90.02200317382812,gospel,id,True,train
6iPPdmzeNwINawWBp1Lukp,Close (Radio Edit),Marvin Sapp,Spread the Gospel,0.4749999940395355,0.5249999761581421,8,-6.651999950408936,1,0.0421000011265277,0.4600000083446502,0.1299999952316284,0.3429999947547912,119.86299896240234,gospel,id,True,train
0nSrUpDjFouhaQB7dOi0h7,Every Praise - (album edit),Hezekiah Walker,Spread the Gospel,0.5569999814033508,0.7459999918937683,8,-6.7829999923706055,1,0.0306000001728534,0.0143999997526407,0.2520000040531158,0.3269999921321869,103.49199676513672,gospel,id,True,train
3HFDqVk2aoM1o7MKARrW5U,Father Jesus Spirit (Live),Fred Hammond,Spread the Gospel,0.6549999713897705,0.9539999961853028,1,-3.812999963760376,1,0.0887999981641769,0.0601000003516674,0.3260000050067901,0.6119999885559082,127.98799896240234,gospel,id,True,train
0DTCdLczLgxt8EXrQFgnQV,God Is My Refuge (Live),Fred Hammond,Spread the Gospel,0.2479999959468841,0.7289999723434448,1,-4.706999778747559,0,0.066500000655651,0.2140000015497207,0.699999988079071,0.1439999938011169,171.9239959716797,gospel,id,True,test
1X2DFg7sUV1ajTbsJFJKqx,I Am - Radio Edit,Jason Nelson,Spread the Gospel,0.2800000011920929,0.5809999704360962,2,-4.830999851226807,1,0.0386999994516372,0.6079999804496765,0.2319999933242797,0.3269999921321869,148.2740020751953,,id,False,train
17MqdngAFPDWcaSt9wkPQi,I Forgive Me,James Fortune,Spread the Gospel,0.4850000143051147,0.7239999771118164,5,-5.938000202178955,1,0.096400000154972,0.0291000008583068,0.3619999885559082,0.4070000052452087,84.62100219726562,gospel|gospel r&b,title+artist,True,train
29mZrqJI0XyyUvVMo2edpk,I Got Out,Bryan Popin,Spread the Gospel,0.5839999914169312,0.9269999861717224,10,-4.563000202178955,1,0.1389999985694885,0.0161000005900859,0.4469999969005584,0.6420000195503235,95.40799713134766,,id,False,test
08fVVLmIVyjN23nSuUVQc1,I Need A Word,Smokie Norful,Spread the Gospel,0.3759999871253967,0.4830000102519989,10,-5.035999774932861,1,0.031599998474121,0.6919999718666077,0.1729999929666519,0.3120000064373016,63.90700149536133,gospel|gospel r&b,title+artist,True,train
5nNZ8eGlitET1yeFHvizpI,I Need You (Live),Donnie McClurkin,Spread the Gospel,0.449999988079071,0.7089999914169312,1,-6.451000213623047,1,0.0650999993085861,0.101000003516674,0.4320000112056732,0.4189999997615814,155.8209991455078,gospel,id,True,train
08MelkdJqbh68USUjAfr2T,I Will Live,Israel & New Breed,Spread the Gospel,0.6420000195503235,0.9700000286102296,0,-2.253000020980835,1,0.0678000003099441,0.0091500002890825,0.4760000109672546,0.515999972820282,104.9749984741211,gospel|naija worship|world worship,id,True,test
5RjS5iW0FWn1U4ZaWjhLlP,I'm Getting Ready,"Tasha Cobbs Leonard, Nicki Minaj",Spread the Gospel,0.4359999895095825,0.6359999775886536,8,-5.065000057220459,1,0.0394000001251697,0.0091399997472763,0.1369999945163726,0.2720000147819519,93.59400177001952,dance pop|gospel|hip pop|naija worship|pop|pop dance|pop rap|post-teen pop|queens hip hop,id,True,test
06PTBb12MxQdtgyFIawUOK,I'm Good,Tim Bowman Jr.,Spread the Gospel,0.6430000066757202,0.8109999895095825,6,-5.7179999351501465,0,0.1150000020861625,0.1260000020265579,0.8820000290870667,0.746999979019165,92.3270034790039,,id,False,test
1Le6O6aIBN69wCWL1psmLR,I'm Yours,Casey J,Spread the Gospel,0.3849999904632568,0.6980000138282776,1,-6.89300012588501,1,0.0856999978423118,0.0685999989509582,0.6499999761581421,0.3569999933242798,79.28500366210938,,id,False,test
6Oc3UJgFdqv7WDKgl3x5CI,Live,Marvin Sapp,Spread the Gospel,0.4860000014305115,0.5630000233650208,0,-6.492000102996826,1,0.0333999991416931,0.135000005364418,0.3319999873638153,0.3230000138282776,105.37100219726562,gospel,id,True,train
43w5n3xRMBOQll8xQBuO41,Never Have to Be Alone,CeCe Winans,Spread the Gospel,0.6460000276565552,0.3019999861717224,7,-8.824999809265137,1,0.0297999996691942,0.7110000252723694,0.1659999936819076,0.4020000100135803,118.00900268554688,gospel,id,True,train
5nMWOR0iuCl0OJnHAtnj2T,One More Time,Zacardi Cortez,Spread the Gospel,0.3569999933242798,0.8040000200271606,0,-4.313000202178955,1,0.0804999992251396,0.0807999968528747,0.3300000131130218,0.3219999969005584,84.80699920654297,,id,False,train
6OtxcWnKrgxoFjcwV8WBBy,Open Door (See You Later),Christon Gray,Spread the Gospel,0.7630000114440918,0.5260000228881836,10,-7.201000213623047,0,0.0465999990701675,0.2290000021457672,0.0644999966025352,0.3330000042915344,129.04400634765625,,title+artist,False,train
3GN2Y6iwlw1M7fhMHl60PI,Praise on the Inside,J Moss,Spread the Gospel,0.5730000138282776,0.8980000019073486,0,-3.5829999446868896,1,0.1330000013113021,0.0427000001072883,0.1500000059604644,0.5389999747276306,125.74500274658205,gospel|gospel r&b,id,True,train
5id5AfCgYwoDU31iI1DhnY,Put It On The Altar,Jessica Reedy,Spread the Gospel,0.640999972820282,0.6890000104904175,1,-5.938000202178955,0,0.1550000011920929,0.2680000066757202,0.1850000023841858,0.8059999942779541,91.80500030517578,contemporary gospel|gospel|gospel r&b,title+artist,True,train
3XmMK2QKPLxsbS5PuPa956,Step in the Name (Radio Edit),Bryan Popin,Spread the Gospel,0.6949999928474426,0.915000021457672,1,-3.549999952316284,0,0.0507999993860721,0.1000000014901161,0.328000009059906,0.9190000295639038,130.03599548339844,,id,False,train
37PMWc1U9QTGRSh9cKzvDj,Testimony,"Anthony Brown & group therAPy, Group Therapy",Spread the Gospel,0.6299999952316284,0.8999999761581421,2,-5.547999858856201,1,0.2319999933242797,0.1059999987483024,0.3310000002384186,0.7689999938011169,165.92300415039062,gospel,id,True,train
64hIlYHCreOzGCuzWsivXW,Well Done,Erica Campbell,Spread the Gospel,0.3319999873638153,0.6119999885559082,7,-4.896999835968018,0,0.1260000020265579,0.1270000040531158,0.1689999997615814,0.1710000038146972,192.1739959716797,,id,False,test
1SDaYLQD1C9twbdZYsNcbX,Work It Out - Live,Tye Tribbett,Spread the Gospel,0.7200000286102295,0.722000002861023,2,-4.461999893188477,0,0.19200000166893,0.181999996304512,0.2540000081062317,0.2930000126361847,102.13200378417967,gospel|praise,id,True,train
07l6dBNEcArYKT1huIzCmV,You,Jermaine Dolly,Spread the Gospel,0.6549999713897705,0.4900000095367431,8,-6.984000205993652,1,0.2090000063180923,0.6029999852180481,0.4900000095367431,0.8320000171661377,178.06300354003906,,title+artist,False,train
1f0ULNih5OLKZk6wcLnoVx,You Are God Alone,William McDowell,Spread the Gospel,0.328000009059906,0.8709999918937683,8,-4.5960001945495605,1,0.1230000033974647,0.0185000002384185,0.921999990940094,0.2709999978542328,167.02099609375,gospel,title+artist,True,train
5Hfmsb1SeH4GP2qi6eGCO0,You Waited (Radio Edit) [Live],Travis Greene,Spread the Gospel,0.5220000147819519,0.625,2,-6.73799991607666,0,0.0322000011801719,0.0852999985218048,0.0785999968647956,0.1990000009536743,103.0749969482422,gospel|naija worship|praise,id,True,train
1K0QlBIhd5jZIRz83MbVYU,Your Great Name,Todd Dulaney,Spread the Gospel,0.5389999747276306,0.8690000176429749,10,-5.265999794006348,1,0.0467000007629394,0.0108000002801418,0.3610000014305115,0.2840000092983246,103.0199966430664,gospel|praise,title+artist,True,train
0RZfOr4ZxPJYOGqfhSQqoo,Your Love,Tim Bowman Jr.,Spread the Gospel,0.3440000116825104,0.8220000267028809,6,-4.914999961853027,1,0.2430000007152557,0.0249000005424022,0.1169999986886978,0.4129999876022339,89.40899658203125,,id,False,train
7hN5TKSdRb56uytwIpcUES,99 Problems,Hugo,Swagger,0.5289999842643738,0.5569999814033508,9,-7.76200008392334,1,0.0737999975681305,0.0357000008225441,0.0733999982476234,0.5920000076293945,162.5989990234375,channel pop|indie cafe pop|pop|post-teen pop|viral pop,id,True,train
6ATkdQDvgPt8W06XPjcB8Z,Ain't No Angel,Ron Pope,Swagger,0.5450000166893005,0.7760000228881836,0,-2.005000114440918,1,0.0439000017940998,0.2809999883174896,0.1949999928474426,0.6029999852180481,76.0510025024414,acoustic pop|neo mellow|piano rock|pop rock|viral pop,id,True,train
3kb72STxc2959ZqsTwu52i,Ain't No Rest for the Wicked,Cage The Elephant,Swagger,0.4169999957084656,0.9950000047683716,2,-2.1760001182556152,0,0.2399999946355819,0.1220000013709068,0.9649999737739564,0.1899999976158142,80.6259994506836,indie rock|modern alternative rock|modern rock|punk blues|rock,title+artist,True,train
5GRPAVCMwnUNvIOKzDYYSb,All On My Mind,Anderson East,Swagger,0.5839999914169312,0.7879999876022339,0,-4.162000179290772,0,0.0690999999642372,0.2520000040531158,0.0653999969363212,0.363999992609024,138.1020050048828,funk|indie folk|modern blues|new americana,id,True,train
59o2b2BGgziNyPx9f3xnhA,Angel of Small Death and the Codeine Scene - Live From Spotify London,Hozier,Swagger,0.593999981880188,0.2000000029802322,6,-10.472000122070312,0,0.0621999986469745,0.9279999732971193,0.6729999780654907,0.4149999916553497,92.8209991455078,irish singer-songwriter|modern rock|pop,id,True,test
1UWhx0pFZccP4jdCIZsj7U,Arsonist's Lullabye,Hozier,Swagger,0.4629999995231628,0.3729999959468841,6,-10.666000366210938,0,0.036200001835823,0.6729999780654907,0.1180000007152557,0.1840000003576278,64.83100128173828,irish singer-songwriter|modern rock|pop,id,True,train
466LASOuTbWDkrwZ3Ylxvv,Beat The Devil's Tattoo,Black Rebel Motorcycle Club,Swagger,0.517,0.909,4,-2.815,1,0.0378,0.451,0.0923,0.683,96.528,alternative rock|blues rock|dance-punk|garage rock|garage rock revival|indie rock|modern alternative rock|modern blues rock|modern rock|permanent wave|punk blues|rock,title+artist,True,train
0swq2XxTcYZWbwz24AU8kI,Before I Knew What Love Was,Everest Cale,Swagger,0.2430000007152557,0.8510000109672546,4,-3.5160000324249268,1,0.062399998307228,0.181999996304512,0.2939999997615814,0.3269999921321869,163.9720001220703,,id,False,train
2Fka5bMBcXzrrUHaJjpqGq,Black Magic,Band Of Skulls,Swagger,0.4280000030994415,0.9660000205039978,7,-2.2070000171661377,1,0.1159999966621398,0.007829999551177,0.0719000026583671,0.5049999952316284,166.05999755859375,dance-punk|garage rock|garage rock revival|indie rock|modern alternative rock|modern blues rock|modern rock|punk blues|rock|southampton indie,id,True,train
7ywUfT35DxrKOoq7ZL0VQ5,Chains,Rose Cousins,Swagger,0.3810000121593475,0.5929999947547913,2,-7.375999927520752,1,0.0381999984383583,0.3959999978542328,0.1129999980330467,0.4769999980926513,79.8479995727539,canadian folk|canadian indie|canadian singer-songwriter|deep new americana|folk|indie folk|lilith|new americana|pei indie,id,True,train
2kWowW0k4oFymhkr7LmvzO,Come with Me Now,KONGOS,Swagger,0.6539999842643738,0.7260000109672546,10,-3.802999973297119,0,0.0401000007987022,0.0310999993234872,0.0617999993264675,0.7279999852180481,103.98699951171876,modern alternative rock|modern blues rock|modern rock|south african rock,id,True,train
3twEx52dboO1CqWu5x1i2h,Fire,Barns Courtney,Swagger,0.550000011920929,0.6299999952316284,10,-6.26800012588501,0,0.0307000000029802,0.2509999871253967,0.0754999965429306,0.4510000050067901,108.16300201416016,modern alternative rock|modern rock|rock,title+artist,True,train
5qX4r5vT9bY8xMsiKuZhQn,Get Right Church,Ben Miller Band,Swagger,0.481000006198883,0.8880000114440918,1,-4.986000061035156,1,0.0533999986946582,0.0146000003442168,0.0971999987959861,0.5929999947547913,105.78099822998048,,id,False,train
1aJtyIMev4kW8IMUxOjn1Y,Glitter & Gold,Barns Courtney,Swagger,0.487,0.625,8,-5.112,1,0.0401,0.374,0.226,0.351,170.397,modern alternative rock|modern rock|rock,title+artist,True,test
6RFkVsPmrM4pzlDkFswwJl,God's Gonna Cut You Down,Johnny Cash,Swagger,0.6169999837875366,0.4850000143051147,5,-8.22700023651123,0,0.1150000020861625,0.8679999709129333,0.1150000020861625,0.8450000286102295,82.22799682617188,arkansas country|outlaw country,id,True,train
0s7j6vOpvCJH5dsotfAfPX,Good Intentions,Robert Ellis,Swagger,0.6480000019073486,0.6520000100135803,9,-8.156000137329102,0,0.0811000019311904,0.1230000033974647,0.1169999986886978,0.4639999866485595,158.04800415039062,,id,False,test
6UWmNaS12bUJzFBuQB6e7j,Grave Digger,Matt Maeson,Swagger,0.6290000081062317,0.492000013589859,6,-7.699999809265137,0,0.0967999994754791,0.0489999987185001,0.1070000007748603,0.4259999990463257,139.41700744628906,modern rock,title+artist,True,train
6N0ZWc63tHRHjoCcJMgzcm,Heart Is Black,Escondido,Swagger,0.5239999890327454,0.8709999918937683,11,-4.7179999351501465,1,0.0410999990999698,0.0125000001862645,0.123999997973442,0.5040000081062317,124.99700164794922,,title+artist,False,train
2Bcu8cmU7qYu3qXLowHQie,"Heartbroken, In Disrepair",Dan Auerbach,Swagger,0.6,0.9,5,-8.434,0,0.0456,0.00924,0.27,0.919,77.73,funk|garage rock|indie folk|modern blues rock|modern rock|new americana|punk blues|rock|stomp and holler,title+artist,True,train
4njLEd40fsHHYdOOeO28ME,Heavy Is the Head,"Zac Brown Band, Chris Cornell",Swagger,0.5080000162124634,0.9229999780654908,8,-3.257999897003174,1,0.0392000004649162,0.0003689999866764,0.0948000028729438,0.6890000104904175,85.5260009765625,alternative metal|alternative rock|contemporary country|country|country road|modern country rock|rock,id,True,train
4YmSnlzkU5sF4X7aAiXAuY,High Ball Stepper,Jack White,Swagger,0.2269999980926513,0.6349999904632568,7,-9.168999671936035,1,0.0754000023007392,0.0322999991476535,0.1169999986886978,0.3899999856948852,170.1790008544922,alternative rock|blues rock|garage rock|garage rock revival|modern blues rock|modern rock|punk blues|rock,id,True,train
4XaButfzRGK9aK8NN28Ie0,Horns,Bryce Fox,Swagger,0.49,0.753,6,-5.411,1,0.238,0.081,0.268,0.325,156.241,indie poptimism|modern alternative rock|modern rock|rebel blues,title+artist,True,test
0grFc6klR3hxoHLcgCYsF4,Howlin' For You,The Black Keys,Swagger,0.725,0.747,11,-5.545,1,0.0876,0.0272,0.104,0.38,132.921,alternative rock|blues rock|garage rock|modern alternative rock|modern blues rock|modern rock|punk blues|rock,title+artist,True,train
5gLr6cmDqa1FI4qhb7sUsw,I Feel Love (Every Million Miles),The Dead Weather,Swagger,0.2419999986886978,0.8539999723434448,4,-6.960000038146973,1,0.1260000020265579,0.0020900000818073,0.1500000059604644,0.3260000050067901,188.54299926757807,alternative rock|blues rock|garage rock|indie rock|modern alternative rock|modern blues rock|modern rock|punk blues|rock|supergroup,title+artist,True,train
0HeNDXMTdBDS9eWQkhENJ2,I Know,Shovels & Rope,Swagger,0.5450000166893005,0.9079999923706056,0,-6.547999858856201,1,0.0511999987065792,0.1150000020861625,0.0877000018954277,0.3910000026226043,120.15499877929688,alternative country|deep new americana|funk|indie folk|modern blues rock|new americana|progressive bluegrass|roots rock|south carolina indie|stomp and holler,id,True,train
0fXMFBprRtdpOhA8fIcxPs,I’m a Raven (Shake Children),Hiss Golden Messenger,Swagger,0.503000020980835,0.503000020980835,1,-7.497000217437744,1,0.0274999998509883,0.1019999980926513,0.2820000052452087,0.8669999837875366,170.43600463867188,alternative country|deep new americana|funk|indie folk|indie rock|modern folk rock|new americana|north carolina indie|north carolina roots|roots rock|stomp and holler,id,True,test
3xgK660fsZH7ZDcOMfIdfB,Jungle,"X Ambassadors, Jamie N Commons",Swagger,0.3889999985694885,0.7480000257492065,2,-4.460999965667725,1,0.0804999992251396,0.0008210000232793,0.3580000102519989,0.2160000056028366,78.05599975585938,modern alternative rock|modern blues rock|modern rock|pop|pop rock|rock|stomp pop,id,True,train
41qHerpo9DI6LHo13MIIy4,Lazaretto,Jack White,Swagger,0.3140000104904175,0.8149999976158142,6,-7.414999961853027,0,0.0745000019669532,0.0043399999849498,0.0983999967575073,0.6320000290870667,180.06100463867188,alternative rock|blues rock|garage rock|garage rock revival|modern blues rock|modern rock|punk blues|rock,title+artist,True,test
0OToXGn66H9YBHxOJgZsR5,Legend,The Score,Swagger,0.601,0.757,2,-3.341,1,0.028,0.0139,0.0727,0.462,82.001,modern alternative rock|modern rock,title+artist,True,test
7b9LvOKBgaHUwrhClWTMyp,Leghorn Women,Luke Winslow-King,Swagger,0.4020000100135803,0.7329999804496765,0,-8.685999870300293,0,0.0416000001132488,0.0834999978542327,0.123999997973442,0.5519999861717224,163.1820068359375,,id,False,test
4qkRbAJLkfwFGlwfRc1Emx,Midnight Hour,Little May,Swagger,0.3039999902248382,0.4199999868869781,0,-9.25100040435791,0,0.0302000008523464,0.0045300000347197,0.090499997138977,0.3160000145435333,172.00999450683594,,id,False,train
2iQYqdalv245vrCEM4W9N9,NFWMB,Hozier,Swagger,0.3790000081062317,0.3729999959468841,3,-12.175999641418455,0,0.0308999996632337,0.8949999809265137,0.1150000020861625,0.3519999980926513,176.0019989013672,irish singer-songwriter|modern rock|pop,id,True,train
5Xx8krVxg1pRy6CXieB7FS,No Good,"Kaleo, Vinyl on HBO",Swagger,0.3779999911785126,0.925000011920929,9,-3.7809998989105225,1,0.1850000023841858,0.0233999993652105,0.1800000071525573,0.5839999914169312,108.5250015258789,icelandic indie|icelandic rock|modern alternative rock|modern rock,id,True,train
1BQkVDlEOtYKOaotnJuNzz,On the Road Again,Jack Broadbent,Swagger,0.4000000059604645,0.4120000004768371,7,-7.616000175476074,0,0.0430000014603138,0.4160000085830688,0.1099999994039535,0.2169999927282333,149.73500061035156,,id,False,train
02Msss3kY3GSGgeY8oUGMF,Raise Hell,Dorothy,Swagger,0.5339999794960022,0.6940000057220459,6,-6.396999835968018,1,0.0280000008642673,0.0237000007182359,0.503000020980835,0.7200000286102295,79.97599792480469,modern alternative rock|modern blues rock|modern hard rock|modern rock,title+artist,True,train
606HVBE1aPA81oGg5JMa4M,River,Bishop Briggs,Swagger,0.726,0.484,2,-6.708,0,0.0477,0.274,0.0874,0.561,62.492,indie poptimism|modern alternative rock|modern rock|pop,title+artist,True,train
2TKwDXgLQdfPT3mXUbaOF7,Short Change Hero,The Heavy,Swagger,0.68,0.64,1,-6.691,0,0.0336,0.29,0.124,0.738,105.981,bath indie|funk|garage rock|modern alternative rock|modern blues rock|modern rock|rock,title+artist,True,test
04wrnpT0QumuU3GPWbf0VV,"Should I Stay Or Should I Go - From The TV Show ""Wicked City""",KT Tunstall,Swagger,0.4569999873638153,0.4629999995231628,4,-8.928999900817871,1,0.0340999998152256,0.6140000224113464,0.1059999987483024,0.3009999990463257,103.11499786376952,lilith|neo mellow|pop rock|scottish singer-songwriter,id,True,train
4uJXqYEqdNF4DijLy7NdgP,Somethin' Bad - [duet with Carrie Underwood],"Miranda Lambert, Carrie Underwood",Swagger,0.6800000071525574,0.8880000114440918,9,-5.308000087738037,1,0.0549999997019767,0.052700001746416,0.0575000010430812,0.4839999973773956,90.07599639892578,contemporary country|country|country dawn|country road|dance pop|oklahoma country|pop|post-teen pop,title+artist,True,train
7DEUGmIZHOrAqWWJrPQHgE,Starfire,Caitlyn Smith,Swagger,0.5609999895095825,0.7950000166893005,6,-4.933000087738037,1,0.0447999984025955,0.034800000488758,0.1759999990463256,0.5799999833106995,119.71099853515624,,id,False,train
4wU4XL8nX0we6MXgmFAmnh,Tell That Devil,Jill Andrews,Swagger,0.5789999961853027,0.7599999904632568,2,-3.6570000648498535,1,0.0627000033855438,0.1979999989271164,0.125,0.4970000088214874,93.99199676513672,,id,False,test
2AC00hOhYz5dEwt2EMyChQ,The Comeback Kid,Lindi Ortega,Swagger,0.6439999938011169,0.8999999761581421,8,-6.132999897003174,1,0.0979999974370002,0.0044999998062849,0.1589999943971634,0.6069999933242798,132.00399780273438,,id,False,train
6KmSpuVSuYBvut7zb1e0ys,The Prowl,Dan Auerbach,Swagger,0.37,0.755,8,-5.812,1,0.0552,0.204,0.663,0.595,85.377,funk|garage rock|indie folk|modern blues rock|modern rock|new americana|punk blues|rock|stomp and holler,title+artist,True,train
2BzYdX5VGhnPowrqorZRk7,Troublemaker Doppelgänger,Lucy Dacus,Swagger,0.3610000014305115,0.6399999856948853,10,-8.998000144958496,0,0.0361000001430511,0.0077700000256299,0.1190000027418136,0.4720000028610229,160.33700561523438,art pop|bubblegrunge|indie folk|indie pop|indie rock,title+artist,True,train
7aUuoq4oMfLxaLa5GVUDHi,Way Down We Go,Kaleo,Swagger,0.5899999737739563,0.578000009059906,10,-5.797999858856201,0,0.0527999997138977,0.6119999885559082,0.0837000012397766,0.2639999985694885,81.66300201416016,icelandic indie|icelandic rock|modern alternative rock|modern rock,id,True,train
7oMfprCkncaMYeT88o9FVR,We Made It,Cedric Burnside,Swagger,0.7250000238418579,0.7459999918937683,2,-7.784999847412109,1,0.0292000006884336,0.0222999993711709,0.2930000126361847,0.8190000057220459,107.20500183105467,,title+artist,False,train
0KoTXlFfcIjcGRfGtx1k7F,When God Comes Back,All Them Witches,Swagger,0.2300000041723251,0.7730000019073486,10,-8.192000389099121,1,0.0668999999761581,0.0208000000566244,0.164000004529953,0.1860000044107437,176.08299255371094,indie rock|modern alternative rock|modern blues rock|neo-psychedelic|space rock|stoner rock,title+artist,True,train
6gYdBoY62Za89ripQXMDXZ,Wicked Ones,Dorothy,Swagger,0.563,0.647,5,-4.675,1,0.0398,0.0337,0.359,0.691,96.386,modern alternative rock|modern blues rock|modern hard rock|modern rock,title+artist,True,train
7xqFOjNcp0NJFo9wGKGOpJ,Bloom,W00ds,Tender,0.6420000195503235,0.5350000262260437,0,-8.692999839782715,1,0.0333999991416931,0.5879999995231628,0.135000005364418,0.0604000017046928,110.5009994506836,,id,False,train
4RIu43eVxjbWuUhNwTUxwb,Blue (feat. Drwn.),"Philanthrope, DRWN.",Tender,0.6899999976158142,0.2450000047683715,1,-10.109999656677246,1,0.1220000013709068,0.4059999883174896,0.1150000020861625,0.1089999973773956,80.0260009765625,chillhop|lo-fi beats,title+artist,True,train
1kFTDLCN9YPZhpCqjv3uiS,Disappear,demxntia,Tender,0.476,0.36,2,-11.396,0,0.0494,0.96,0.118,0.0341,140.575,,title+artist,False,test
5PTpamIgmhhvqkQaYyADu0,Distant,W00ds,Tender,0.6980000138282776,0.4639999866485595,8,-9.236000061035156,1,0.125,0.8370000123977661,0.1679999977350235,0.1309999972581863,159.177001953125,,id,False,train
3NjaXZikdNTPPJvDrb0Elh,Driftwood,Fujitsu,Tender,0.6570000052452087,0.2280000001192093,11,-16.312999725341797,1,0.1369999945163726,0.6830000281333923,0.1340000033378601,0.6449999809265137,148.2480010986328,chillhop|lo-fi beats,title+artist,True,test
50wKmfNUZppZJsAunClnYF,Frostthrone,"Mishaal, Madson Project.",Tender,0.5669999718666077,0.4620000123977661,10,-9.321000099182127,0,0.0307000000029802,0.8930000066757202,0.0879999995231628,0.503000020980835,119.9749984741211,,id,False,train
0plIIWDys4UBGmura01RpY,Home Soon,yuzu blur,Tender,0.6449999809265137,0.1889999955892563,11,-16.775999069213867,1,0.0606000013649463,0.8539999723434448,0.1080000028014183,0.1209999993443489,67.47899627685547,,id,False,train
6untVwGzuAI3zH6YzrISRX,Love Myself,VELVETEARS,Tender,0.5809999704360962,0.7080000042915344,7,-6.625,1,0.0546000003814697,0.6179999709129333,0.2649999856948852,0.3580000102519989,155.91400146484375,,id,False,train
2QE6nuYctAHddZOupghtms,No I'm Not,Imfinenow,Tender,0.4790000021457672,0.3379999995231628,8,-16.802000045776367,1,0.0581000000238418,0.968999981880188,0.4079999923706054,0.0386999994516372,119.9459991455078,,id,False,train
7cp4RhTjLWv4XEyeJLcbrp,No More,Verzache,Tender,0.7680000066757202,0.4009999930858612,1,-10.934000015258787,0,0.0844999998807907,0.915000021457672,0.1099999994039535,0.4210000038146972,102.04900360107422,lo-fi beats,id,True,train
0FColhQrkkPXA3eZQJYurD,Think About U (feat. Joji),"Ryan Hemsworth, Joji",Tender,0.3240000009536743,0.3529999852180481,0,-10.119000434875488,1,0.033500000834465,0.859000027179718,0.2619999945163727,0.0568999983370304,121.78800201416016,alternative r&b|viral pop,title+artist,True,test
6VnADht5DZuwR3aYX4Ufz2,Waiting for You,"Verzache, Swell",Tender,0.524,0.274,6,-13.931,1,0.295,0.502,0.0924,0.342,167.998,japanese chillhop|lo-fi beats,title+artist,True,train
15yOoJ6KjB2945Nuzhdtey,Woozy,Toonorth,Tender,0.8029999732971191,0.2770000100135803,0,-9.204999923706056,0,0.0489000007510185,0.2220000028610229,0.1199999973177909,0.3880000114440918,74.56199645996094,chillhop|lo-fi beats,id,True,train
2815rSBccLxZc67jEWBEvD,Yeah Right,Joji,Tender,0.671999990940094,0.5879999995231628,1,-9.572999954223633,1,0.1330000013113021,0.6190000176429749,0.099200002849102,0.2039999961853027,169.0330047607422,alternative r&b|viral pop,title+artist,True,train
3pVZWd4YdZhLu3tOZBdQS8,cold door handles,Idealism,Tender,0.6790000200271606,0.2840000092983246,11,-12.31700038909912,0,0.0399000011384487,0.6779999732971191,0.1150000020861625,0.324999988079071,143.875,chillhop|lo-fi beats,title+artist,True,train
